stop_date,sunset_local,dusk_local
2014-01-01,2014-01-01 16:46:04.874643,2014-01-01 17:17:03.104715
2014-01-02,2014-01-02 16:46:55.444228,2014-01-02 17:17:51.636032
2014-01-03,2014-01-03 16:47:47.499036,2014-01-03 17:18:41.494880
2014-01-04,2014-01-04 16:48:40.986805,2014-01-04 17:19:32.633752
2014-01-05,2014-01-05 16:49:35.854438,2014-01-05 17:20:25.004592
2014-01-06,2014-01-06 16:50:32.048130,2014-01-06 17:21:18.558907
2014-01-07,2014-01-07 16:51:29.513493,2014-01-07 17:22:13.247864
2014-01-08,2014-01-08 16:52:28.195687,2014-01-08 17:23:09.022403
2014-01-09,2014-01-09 16:53:28.039541,2014-01-09 17:24:05.833342
2014-01-10,2014-01-10 16:54:28.989688,2014-01-10 17:25:03.631481
2014-01-11,2014-01-11 16:55:30.990685,2014-01-11 17:26:02.367705
2014-01-12,2014-01-12 16:56:33.987143,2014-01-12 17:27:01.993091
2014-01-13,2014-01-13 16:57:37.923843,2014-01-13 17:28:02.459006
2014-01-14,2014-01-14 16:58:42.745861,2014-01-14 17:29:03.717205
2014-01-15,2014-01-15 16:59:48.398682,2014-01-15 17:30:05.719929
2014-01-16,2014-01-16 17:00:54.828311,2014-01-16 17:31:08.419995
2014-01-17,2014-01-17 17:02:01.981385,2014-01-17 17:32:11.770886
2014-01-18,2014-01-18 17:03:09.805274,2014-01-18 17:33:15.726836
2014-01-19,2014-01-19 17:04:18.248179,2014-01-19 17:34:20.242910
2014-01-20,2014-01-20 17:05:27.259231,2014-01-20 17:35:25.275084
2014-01-21,2014-01-21 17:06:36.788575,2014-01-21 17:36:30.780314
2014-01-22,2014-01-22 17:07:46.787454,2014-01-22 17:37:36.716605
2014-01-23,2014-01-23 17:08:57.208287,2014-01-23 17:38:43.043075
2014-01-24,2014-01-24 17:10:08.004738,2014-01-24 17:39:49.720010
2014-01-25,2014-01-25 17:11:19.131784,2014-01-25 17:40:56.708921
2014-01-26,2014-01-26 17:12:30.545772,2014-01-26 17:42:03.972587
2014-01-27,2014-01-27 17:13:42.204475,2014-01-27 17:43:11.475104
2014-01-28,2014-01-28 17:14:54.067132,2014-01-28 17:44:19.181916
2014-01-29,2014-01-29 17:16:06.094499,2014-01-29 17:45:27.059853
2014-01-30,2014-01-30 17:17:18.248873,2014-01-30 17:46:35.077155
2014-01-31,2014-01-31 17:18:30.494132,2014-01-31 17:47:43.203499
2014-02-01,2014-02-01 17:19:42.795749,2014-02-01 17:48:51.410013
2014-02-02,2014-02-02 17:20:55.120816,2014-02-02 17:49:59.669290
2014-02-03,2014-02-03 17:22:07.438051,2014-02-03 17:51:07.955397
2014-02-04,2014-02-04 17:23:19.717814,2014-02-04 17:52:16.243883
2014-02-05,2014-02-05 17:24:31.932097,2014-02-05 17:53:24.511771
2014-02-06,2014-02-06 17:25:44.054534,2014-02-06 17:54:32.737562
2014-02-07,2014-02-07 17:26:56.060384,2014-02-07 17:55:40.901223
2014-02-08,2014-02-08 17:28:07.926526,2014-02-08 17:56:48.984173
2014-02-09,2014-02-09 17:29:19.631439,2014-02-09 17:57:56.969275
2014-02-10,2014-02-10 17:30:31.155187,2014-02-10 17:59:04.840809
2014-02-11,2014-02-11 17:31:42.479394,2014-02-11 18:00:12.584458
2014-02-12,2014-02-12 17:32:53.587216,2014-02-12 18:01:20.187277
2014-02-13,2014-02-13 17:34:04.463316,2014-02-13 18:02:27.637671
2014-02-14,2014-02-14 17:35:15.093829,2014-02-14 18:03:34.925362
2014-02-15,2014-02-15 17:36:25.466329,2014-02-15 18:04:42.041358
2014-02-16,2014-02-16 17:37:35.569792,2014-02-16 18:05:48.977921
2014-02-17,2014-02-17 17:38:45.394554,2014-02-17 18:06:55.728528
2014-02-18,2014-02-18 17:39:54.932279,2014-02-18 18:08:02.287837
2014-02-19,2014-02-19 17:41:04.175905,2014-02-19 18:09:08.651643
2014-02-20,2014-02-20 17:42:13.119610,2014-02-20 18:10:14.816846
2014-02-21,2014-02-21 17:43:21.758763,2014-02-21 18:11:20.781401
2014-02-22,2014-02-22 17:44:30.089878,2014-02-22 18:12:26.544281
2014-02-23,2014-02-23 17:45:38.110570,2014-02-23 18:13:32.105435
2014-02-24,2014-02-24 17:46:45.819506,2014-02-24 18:14:37.465741
2014-02-25,2014-02-25 17:47:53.216355,2014-02-25 18:15:42.626963
2014-02-26,2014-02-26 17:49:00.301746,2014-02-26 18:16:47.591711
2014-02-27,2014-02-27 17:50:07.077217,2014-02-27 18:17:52.363390
2014-02-28,2014-02-28 17:51:13.545164,2014-02-28 18:18:56.946161
2014-03-01,2014-03-01 17:52:19.708800,2014-03-01 18:20:01.344894
2014-03-02,2014-03-02 17:53:25.572101,2014-03-02 18:21:05.565123
2014-03-03,2014-03-03 17:54:31.139761,2014-03-03 18:22:09.613007
2014-03-04,2014-03-04 17:55:36.417149,2014-03-04 18:23:13.495281
2014-03-05,2014-03-05 17:56:41.410257,2014-03-05 18:24:17.219214
2014-03-06,2014-03-06 17:57:46.125657,2014-03-06 18:25:20.792569
2014-03-07,2014-03-07 17:58:50.570455,2014-03-07 18:26:24.223558
2014-03-08,2014-03-08 17:59:54.752251,2014-03-08 18:27:27.520801
2014-03-09,2014-03-09 19:00:58.679088,2014-03-09 19:28:30.693286
2014-03-10,2014-03-10 19:02:02.359416,2014-03-10 19:29:33.750327
2014-03-11,2014-03-11 19:03:05.802047,2014-03-11 19:30:36.701525
2014-03-12,2014-03-12 19:04:09.016113,2014-03-12 19:31:39.556730
2014-03-13,2014-03-13 19:05:12.011028,2014-03-13 19:32:42.325999
2014-03-14,2014-03-14 19:06:14.796447,2014-03-14 19:33:45.019563
2014-03-15,2014-03-15 19:07:17.382229,2014-03-15 19:34:47.647785
2014-03-16,2014-03-16 19:08:19.778397,2014-03-16 19:35:50.221127
2014-03-17,2014-03-17 19:09:21.995101,2014-03-17 19:36:52.750111
2014-03-18,2014-03-18 19:10:24.042585,2014-03-18 19:37:55.245287
2014-03-19,2014-03-19 19:11:25.931146,2014-03-19 19:38:57.717193
2014-03-20,2014-03-20 19:12:27.671105,2014-03-20 19:40:00.176328
2014-03-21,2014-03-21 19:13:29.272769,2014-03-21 19:41:02.633109
2014-03-22,2014-03-22 19:14:30.746396,2014-03-22 19:42:05.097845
2014-03-23,2014-03-23 19:15:32.102167,2014-03-23 19:43:07.580699
2014-03-24,2014-03-24 19:16:33.350149,2014-03-24 19:44:10.091660
2014-03-25,2014-03-25 19:17:34.500264,2014-03-25 19:45:12.640503
2014-03-26,2014-03-26 19:18:35.562261,2014-03-26 19:46:15.236764
2014-03-27,2014-03-27 19:19:36.545678,2014-03-27 19:47:17.889704
2014-03-28,2014-03-28 19:20:37.459816,2014-03-28 19:48:20.608277
2014-03-29,2014-03-29 19:21:38.313707,2014-03-29 19:49:23.401100
2014-03-30,2014-03-30 19:22:39.116083,2014-03-30 19:50:26.276418
2014-03-31,2014-03-31 19:23:39.875348,2014-03-31 19:51:29.242075
2014-04-01,2014-04-01 19:24:40.599545,2014-04-01 19:52:32.305480
2014-04-02,2014-04-02 19:25:41.296328,2014-04-02 19:53:35.473577
2014-04-03,2014-04-03 19:26:41.972931,2014-04-03 19:54:38.752810
2014-04-04,2014-04-04 19:27:42.636140,2014-04-04 19:55:42.149094
2014-04-05,2014-04-05 19:28:43.292261,2014-04-05 19:56:45.667779
2014-04-06,2014-04-06 19:29:43.947092,2014-04-06 19:57:49.313621
2014-04-07,2014-04-07 19:30:44.605892,2014-04-07 19:58:53.090746
2014-04-08,2014-04-08 19:31:45.273354,2014-04-08 19:59:57.002621
2014-04-09,2014-04-09 19:32:45.953572,2014-04-09 20:01:01.052016
2014-04-10,2014-04-10 19:33:46.650013,2014-04-10 20:02:05.240975
2014-04-11,2014-04-11 19:34:47.365487,2014-04-11 20:03:09.570779
2014-04-12,2014-04-12 19:35:48.102120,2014-04-12 20:04:14.041918
2014-04-13,2014-04-13 19:36:48.861318,2014-04-13 20:05:18.654050
2014-04-14,2014-04-14 19:37:49.643745,2014-04-14 20:06:23.405973
2014-04-15,2014-04-15 19:38:50.449290,2014-04-15 20:07:28.295593
2014-04-16,2014-04-16 19:39:51.277038,2014-04-16 20:08:33.319882
2014-04-17,2014-04-17 19:40:52.125244,2014-04-17 20:09:38.474855
2014-04-18,2014-04-18 19:41:52.991299,2014-04-18 20:10:43.755530
2014-04-19,2014-04-19 19:42:53.871710,2014-04-19 20:11:49.155901
2014-04-20,2014-04-20 19:43:54.762065,2014-04-20 20:12:54.668899
2014-04-21,2014-04-21 19:44:55.657012,2014-04-21 20:14:00.286369
2014-04-22,2014-04-22 19:45:56.550229,2014-04-22 20:15:05.999032
2014-04-23,2014-04-23 19:46:57.434403,2014-04-23 20:16:11.796460
2014-04-24,2014-04-24 19:47:58.301201,2014-04-24 20:17:17.667045
2014-04-25,2014-04-25 19:48:59.141250,2014-04-25 20:18:23.597972
2014-04-26,2014-04-26 19:49:59.944114,2014-04-26 20:19:29.575193
2014-04-27,2014-04-27 19:51:00.698273,2014-04-27 20:20:35.583401
2014-04-28,2014-04-28 19:52:01.391106,2014-04-28 20:21:41.606009
2014-04-29,2014-04-29 19:53:02.008872,2014-04-29 20:22:47.625128
2014-04-30,2014-04-30 19:54:02.536692,2014-04-30 20:23:53.621547
2014-05-01,2014-05-01 19:55:02.958540,2014-05-01 20:24:59.574716
2014-05-02,2014-05-02 19:56:03.257228,2014-05-02 20:26:05.462736
2014-05-03,2014-05-03 19:57:03.414398,2014-05-03 20:27:11.262339
2014-05-04,2014-05-04 19:58:03.410515,2014-05-04 20:28:16.948889
2014-05-05,2014-05-05 19:59:03.224862,2014-05-05 20:29:22.496369
2014-05-06,2014-05-06 20:00:02.835537,2014-05-06 20:30:27.877381
2014-05-07,2014-05-07 20:01:02.219460,2014-05-07 20:31:33.063148
2014-05-08,2014-05-08 20:02:01.352368,2014-05-08 20:32:38.023520
2014-05-09,2014-05-09 20:03:00.208832,2014-05-09 20:33:42.726979
2014-05-10,2014-05-10 20:03:58.762260,2014-05-10 20:34:47.140655
2014-05-11,2014-05-11 20:04:56.984917,2014-05-11 20:35:51.230341
2014-05-12,2014-05-12 20:05:54.847939,2014-05-12 20:36:54.960520
2014-05-13,2014-05-13 20:06:52.321355,2014-05-13 20:37:58.294382
2014-05-14,2014-05-14 20:07:49.374113,2014-05-14 20:39:01.193866
2014-05-15,2014-05-15 20:08:45.974109,2014-05-15 20:40:03.619687
2014-05-16,2014-05-16 20:09:42.088220,2014-05-16 20:41:05.531381
2014-05-17,2014-05-17 20:10:37.682336,2014-05-17 20:42:06.887351
2014-05-18,2014-05-18 20:11:32.721410,2014-05-18 20:43:07.644919
2014-05-19,2014-05-19 20:12:27.169493,2014-05-19 20:44:07.760378
2014-05-20,2014-05-20 20:13:20.989788,2014-05-20 20:45:07.189059
2014-05-21,2014-05-21 20:14:14.144700,2014-05-21 20:46:05.885393
2014-05-22,2014-05-22 20:15:06.595895,2014-05-22 20:47:03.802987
2014-05-23,2014-05-23 20:15:58.304355,2014-05-23 20:48:00.894697
2014-05-24,2014-05-24 20:16:49.230448,2014-05-24 20:48:57.112711
2014-05-25,2014-05-25 20:17:39.333988,2014-05-25 20:49:52.408634
2014-05-26,2014-05-26 20:18:28.574311,2014-05-26 20:50:46.733581
2014-05-27,2014-05-27 20:19:16.910346,2014-05-27 20:51:40.038271
2014-05-28,2014-05-28 20:20:04.300690,2014-05-28 20:52:32.273123
2014-05-29,2014-05-29 20:20:50.703691,2014-05-29 20:53:23.388362
2014-05-30,2014-05-30 20:21:36.077526,2014-05-30 20:54:13.334124
2014-05-31,2014-05-31 20:22:20.380287,2014-05-31 20:55:02.060564
2014-06-01,2014-06-01 20:23:03.570064,2014-06-01 20:55:49.517967
2014-06-02,2014-06-02 20:23:45.605034,2014-06-02 20:56:35.656860
2014-06-03,2014-06-03 20:24:26.443551,2014-06-03 20:57:20.428132
2014-06-04,2014-06-04 20:25:06.044230,2014-06-04 20:58:03.783140
2014-06-05,2014-06-05 20:25:44.366042,2014-06-05 20:58:45.673838
2014-06-06,2014-06-06 20:26:21.368400,2014-06-06 20:59:26.052879
2014-06-07,2014-06-07 20:26:57.011250,2014-06-07 21:00:04.873744
2014-06-08,2014-06-08 20:27:31.255159,2014-06-08 21:00:42.090845
2014-06-09,2014-06-09 20:28:04.061406,2014-06-09 21:01:17.659646
2014-06-10,2014-06-10 20:28:35.392061,2014-06-10 21:01:51.536768
2014-06-11,2014-06-11 20:29:05.210077,2014-06-11 21:02:23.680099
2014-06-12,2014-06-12 20:29:33.479367,2014-06-12 21:02:54.048895
2014-06-13,2014-06-13 20:30:00.164886,2014-06-13 21:03:22.603883
2014-06-14,2014-06-14 20:30:25.232707,2014-06-14 21:03:49.307353
2014-06-15,2014-06-15 20:30:48.650095,2014-06-15 21:04:14.123251
2014-06-16,2014-06-16 20:31:10.385574,2014-06-16 21:04:37.017260
2014-06-17,2014-06-17 20:31:30.408994,2014-06-17 21:04:57.956881
2014-06-18,2014-06-18 20:31:48.691597,2014-06-18 21:05:16.911505
2014-06-19,2014-06-19 20:32:05.206065,2014-06-19 21:05:33.852478
2014-06-20,2014-06-20 20:32:19.926581,2014-06-20 21:05:48.753157
2014-06-21,2014-06-21 20:32:32.828873,2014-06-21 21:06:01.588966
2014-06-22,2014-06-22 20:32:43.890255,2014-06-22 21:06:12.337435
2014-06-23,2014-06-23 20:32:53.089668,2014-06-23 21:06:20.978241
2014-06-24,2014-06-24 20:33:00.407710,2014-06-24 21:06:27.493230
2014-06-25,2014-06-25 20:33:05.826664,2014-06-25 21:06:31.866446
2014-06-26,2014-06-26 20:33:09.330521,2014-06-26 21:06:34.084139
2014-06-27,2014-06-27 20:33:10.904992,2014-06-27 21:06:34.134770
2014-06-28,2014-06-28 20:33:10.537526,2014-06-28 21:06:32.009013
2014-06-29,2014-06-29 20:33:08.217312,2014-06-29 21:06:27.699747
2014-06-30,2014-06-30 20:33:03.935280,2014-06-30 21:06:21.202036
2014-07-01,2014-07-01 20:32:57.684099,2014-07-01 21:06:12.513108
2014-07-02,2014-07-02 20:32:49.458168,2014-07-02 21:06:01.632330
2014-07-03,2014-07-03 20:32:39.253605,2014-07-03 21:05:48.561171
2014-07-04,2014-07-04 20:32:27.068226,2014-07-04 21:05:33.303159
2014-07-05,2014-07-05 20:32:12.901525,2014-07-05 21:05:15.863840
2014-07-06,2014-07-06 20:31:56.754651,2014-07-06 21:04:56.250727
2014-07-07,2014-07-07 20:31:38.630377,2014-07-07 21:04:34.473245
2014-07-08,2014-07-08 20:31:18.533068,2014-07-08 21:04:10.542670
2014-07-09,2014-07-09 20:30:56.468644,2014-07-09 21:03:44.472072
2014-07-10,2014-07-10 20:30:32.444546,2014-07-10 21:03:16.276247
2014-07-11,2014-07-11 20:30:06.469692,2014-07-11 21:02:45.971653
2014-07-12,2014-07-12 20:29:38.554433,2014-07-12 21:02:13.576336
2014-07-13,2014-07-13 20:29:08.710512,2014-07-13 21:01:39.109864
2014-07-14,2014-07-14 20:28:36.951013,2014-07-14 21:01:02.593249
2014-07-15,2014-07-15 20:28:03.290316,2014-07-15 21:00:24.048881
2014-07-16,2014-07-16 20:27:27.744044,2014-07-16 20:59:43.500450
2014-07-17,2014-07-17 20:26:50.329017,2014-07-17 20:59:00.972871
2014-07-18,2014-07-18 20:26:11.063197,2014-07-18 20:58:16.492217
2014-07-19,2014-07-19 20:25:29.965637,2014-07-19 20:57:30.085640
2014-07-20,2014-07-20 20:24:47.056433,2014-07-20 20:56:41.781300
2014-07-21,2014-07-21 20:24:02.356667,2014-07-21 20:55:51.608296
2014-07-22,2014-07-22 20:23:15.888355,2014-07-22 20:54:59.596598
2014-07-23,2014-07-23 20:22:27.674400,2014-07-23 20:54:05.776973
2014-07-24,2014-07-24 20:21:37.738538,2014-07-24 20:53:10.180923
2014-07-25,2014-07-25 20:20:46.105287,2014-07-25 20:52:12.840621
2014-07-26,2014-07-26 20:19:52.799898,2014-07-26 20:51:13.788844
2014-07-27,2014-07-27 20:18:57.848306,2014-07-27 20:50:13.058918
2014-07-28,2014-07-28 20:18:01.277083,2014-07-28 20:49:10.684655
2014-07-29,2014-07-29 20:17:03.113390,2014-07-29 20:48:06.700300
2014-07-30,2014-07-30 20:16:03.384931,2014-07-30 20:47:01.140476
2014-07-31,2014-07-31 20:15:02.119909,2014-07-31 20:45:54.040132
2014-08-01,2014-08-01 20:13:59.346984,2014-08-01 20:44:45.434496
2014-08-02,2014-08-02 20:12:55.095231,2014-08-02 20:43:35.359027
2014-08-03,2014-08-03 20:11:49.394098,2014-08-03 20:42:23.849370
2014-08-04,2014-08-04 20:10:42.273369,2014-08-04 20:41:10.941316
2014-08-05,2014-08-05 20:09:33.763128,2014-08-05 20:39:56.670763
2014-08-06,2014-08-06 20:08:23.893718,2014-08-06 20:38:41.073677
2014-08-07,2014-08-07 20:07:12.695715,2014-08-07 20:37:24.186057
2014-08-08,2014-08-08 20:06:00.199887,2014-08-08 20:36:06.043906
2014-08-09,2014-08-09 20:04:46.437169,2014-08-09 20:34:46.683197
2014-08-10,2014-08-10 20:03:31.438633,2014-08-10 20:33:26.139845
2014-08-11,2014-08-11 20:02:15.235455,2014-08-11 20:32:04.449685
2014-08-12,2014-08-12 20:00:57.858897,2014-08-12 20:30:41.648444
2014-08-13,2014-08-13 19:59:39.340277,2014-08-13 20:29:17.771721
2014-08-14,2014-08-14 19:58:19.710946,2014-08-14 20:27:52.854968
2014-08-15,2014-08-15 19:56:59.002271,2014-08-15 20:26:26.933469
2014-08-16,2014-08-16 19:55:37.245609,2014-08-16 20:25:00.042328
2014-08-17,2014-08-17 19:54:14.472296,2014-08-17 20:23:32.216452
2014-08-18,2014-08-18 19:52:50.713624,2014-08-18 20:22:03.490537
2014-08-19,2014-08-19 19:51:26.000831,2014-08-19 20:20:33.899064
2014-08-20,2014-08-20 19:50:00.365081,2014-08-20 20:19:03.476281
2014-08-21,2014-08-21 19:48:33.837461,2014-08-21 20:17:32.256203
2014-08-22,2014-08-22 19:47:06.448962,2014-08-22 20:16:00.272599
2014-08-23,2014-08-23 19:45:38.230475,2014-08-23 20:14:27.558996
2014-08-24,2014-08-24 19:44:09.212779,2014-08-24 20:12:54.148668
2014-08-25,2014-08-25 19:42:39.426541,2014-08-25 20:11:20.074637
2014-08-26,2014-08-26 19:41:08.902303,2014-08-26 20:09:45.369675
2014-08-27,2014-08-27 19:39:37.670486,2014-08-27 20:08:10.066302
2014-08-28,2014-08-28 19:38:05.761382,2014-08-28 20:06:34.196790
2014-08-29,2014-08-29 19:36:33.205157,2014-08-29 20:04:57.793163
2014-08-30,2014-08-30 19:35:00.031846,2014-08-30 20:03:20.887208
2014-08-31,2014-08-31 19:33:26.271360,2014-08-31 20:01:43.510473
2014-09-01,2014-09-01 19:31:51.953486,2014-09-01 20:00:05.694279
2014-09-02,2014-09-02 19:30:17.107888,2014-09-02 19:58:27.469723
2014-09-03,2014-09-03 19:28:41.764117,2014-09-03 19:56:48.867692
2014-09-04,2014-09-04 19:27:05.951611,2014-09-04 19:55:09.918866
2014-09-05,2014-09-05 19:25:29.699705,2014-09-05 19:53:30.653734
2014-09-06,2014-09-06 19:23:53.037638,2014-09-06 19:51:51.102600
2014-09-07,2014-09-07 19:22:15.994560,2014-09-07 19:50:11.295597
2014-09-08,2014-09-08 19:20:38.599541,2014-09-08 19:48:31.262699
2014-09-09,2014-09-09 19:19:00.881583,2014-09-09 19:46:51.033732
2014-09-10,2014-09-10 19:17:22.869628,2014-09-10 19:45:10.638388
2014-09-11,2014-09-11 19:15:44.592569,2014-09-11 19:43:30.106241
2014-09-12,2014-09-12 19:14:06.079264,2014-09-12 19:41:49.466756
2014-09-13,2014-09-13 19:12:27.358546,2014-09-13 19:40:08.749306
2014-09-14,2014-09-14 19:10:48.459235,2014-09-14 19:38:27.983188
2014-09-15,2014-09-15 19:09:09.410152,2014-09-15 19:36:47.197634
2014-09-16,2014-09-16 19:07:30.240133,2014-09-16 19:35:06.421828
2014-09-17,2014-09-17 19:05:50.978038,2014-09-17 19:33:25.684920
2014-09-18,2014-09-18 19:04:11.652770,2014-09-18 19:31:45.016039
2014-09-19,2014-09-19 19:02:32.293285,2014-09-19 19:30:04.444312
2014-09-20,2014-09-20 19:00:52.928606,2014-09-20 19:28:23.998872
2014-09-21,2014-09-21 18:59:13.587835,2014-09-21 19:26:43.708878
2014-09-22,2014-09-22 18:57:34.300171,2014-09-22 19:25:03.603525
2014-09-23,2014-09-23 18:55:55.094917,2014-09-23 19:23:23.712058
2014-09-24,2014-09-24 18:54:16.001497,2014-09-24 19:21:44.063786
2014-09-25,2014-09-25 18:52:37.049467,2014-09-25 19:20:04.688092
2014-09-26,2014-09-26 18:50:58.268525,2014-09-26 19:18:25.614449
2014-09-27,2014-09-27 18:49:19.688527,2014-09-27 19:16:46.872424
2014-09-28,2014-09-28 18:47:41.339494,2014-09-28 19:15:08.491698
2014-09-29,2014-09-29 18:46:03.251625,2014-09-29 19:13:30.502066
2014-09-30,2014-09-30 18:44:25.455305,2014-09-30 19:11:52.933452
2014-10-01,2014-10-01 18:42:47.981115,2014-10-01 19:10:15.815915
2014-10-02,2014-10-02 18:41:10.859840,2014-10-02 19:08:39.179655
2014-10-03,2014-10-03 18:39:34.122477,2014-10-03 19:07:03.055023
2014-10-04,2014-10-04 18:37:57.800241,2014-10-04 19:05:27.472519
2014-10-05,2014-10-05 18:36:21.924574,2014-10-05 19:03:52.462804
2014-10-06,2014-10-06 18:34:46.527143,2014-10-06 19:02:18.056696
2014-10-07,2014-10-07 18:33:11.639850,2014-10-07 19:00:44.285176
2014-10-08,2014-10-08 18:31:37.294835,2014-10-08 18:59:11.179387
2014-10-09,2014-10-09 18:30:03.524474,2014-10-09 18:57:38.770634
2014-10-10,2014-10-10 18:28:30.361381,2014-10-10 18:56:07.090383
2014-10-11,2014-10-11 18:26:57.838412,2014-10-11 18:54:36.170255
2014-10-12,2014-10-12 18:25:25.988656,2014-10-12 18:53:06.042025
2014-10-13,2014-10-13 18:23:54.845441,2014-10-13 18:51:36.737614
2014-10-14,2014-10-14 18:22:24.442323,2014-10-14 18:50:08.289083
2014-10-15,2014-10-15 18:20:54.813086,2014-10-15 18:48:40.728628
2014-10-16,2014-10-16 18:19:25.991733,2014-10-16 18:47:14.088564
2014-10-17,2014-10-17 18:17:58.012481,2014-10-17 18:45:48.401319
2014-10-18,2014-10-18 18:16:30.909751,2014-10-18 18:44:23.699423
2014-10-19,2014-10-19 18:15:04.718159,2014-10-19 18:43:00.015489
2014-10-20,2014-10-20 18:13:39.472504,2014-10-20 18:41:37.382203
2014-10-21,2014-10-21 18:12:15.207756,2014-10-21 18:40:15.832309
2014-10-22,2014-10-22 18:10:51.959044,2014-10-22 18:38:55.398586
2014-10-23,2014-10-23 18:09:29.761639,2014-10-23 18:37:36.113835
2014-10-24,2014-10-24 18:08:08.650939,2014-10-24 18:36:18.010855
2014-10-25,2014-10-25 18:06:48.662449,2014-10-25 18:35:01.122425
2014-10-26,2014-10-26 18:05:29.831766,2014-10-26 18:33:45.481280
2014-10-27,2014-10-27 18:04:12.194556,2014-10-27 18:32:31.120084
2014-10-28,2014-10-28 18:02:55.786532,2014-10-28 18:31:18.071413
2014-10-29,2014-10-29 18:01:40.643432,2014-10-29 18:30:06.367719
2014-10-30,2014-10-30 18:00:26.800993,2014-10-30 18:28:56.041310
2014-10-31,2014-10-31 17:59:14.294927,2014-10-31 18:27:47.124317
2014-11-01,2014-11-01 17:58:03.160890,2014-11-01 18:26:39.648663
2014-11-02,2014-11-02 16:56:53.434457,2014-11-02 17:25:33.646035
2014-11-03,2014-11-03 16:55:45.151086,2014-11-03 17:24:29.147849
2014-11-04,2014-11-04 16:54:38.346090,2014-11-04 17:23:26.185218
2014-11-05,2014-11-05 16:53:33.054601,2014-11-05 17:22:24.788912
2014-11-06,2014-11-06 16:52:29.311534,2014-11-06 17:21:24.989329
2014-11-07,2014-11-07 16:51:27.151550,2014-11-07 17:20:26.816449
2014-11-08,2014-11-08 16:50:26.609016,2014-11-08 17:19:30.299804
2014-11-09,2014-11-09 16:49:27.717966,2014-11-09 17:18:35.468431
2014-11-10,2014-11-10 16:48:30.512056,2014-11-10 17:17:42.350833
2014-11-11,2014-11-11 16:47:35.024518,2014-11-11 17:16:50.974939
2014-11-12,2014-11-12 16:46:41.288120,2014-11-12 17:16:01.368057
2014-11-13,2014-11-13 16:45:49.335109,2014-11-13 17:15:13.556832
2014-11-14,2014-11-14 16:44:59.197166,2014-11-14 17:14:27.567200
2014-11-15,2014-11-15 16:44:10.905355,2014-11-15 17:13:43.424340
2014-11-16,2014-11-16 16:43:24.490065,2014-11-16 17:13:01.152630
2014-11-17,2014-11-17 16:42:39.980956,2014-11-17 17:12:20.775594
2014-11-18,2014-11-18 16:41:57.406903,2014-11-18 17:11:42.315857
2014-11-19,2014-11-19 16:41:16.795936,2014-11-19 17:11:05.795093
2014-11-20,2014-11-20 16:40:38.175178,2014-11-20 17:10:31.233976
2014-11-21,2014-11-21 16:40:01.570784,2014-11-21 17:09:58.652126
2014-11-22,2014-11-22 16:39:27.007878,2014-11-22 17:09:28.068063
2014-11-23,2014-11-23 16:38:54.510488,2014-11-23 17:08:59.499149
2014-11-24,2014-11-24 16:38:24.101477,2014-11-24 17:08:32.961543
2014-11-25,2014-11-25 16:37:55.802482,2014-11-25 17:08:08.470144
2014-11-26,2014-11-26 16:37:29.633840,2014-11-26 17:07:46.038543
2014-11-27,2014-11-27 16:37:05.614527,2014-11-27 17:07:25.678972
2014-11-28,2014-11-28 16:36:43.762083,2014-11-28 17:07:07.402251
2014-11-29,2014-11-29 16:36:24.092551,2014-11-29 17:06:51.217742
2014-11-30,2014-11-30 16:36:06.620402,2014-11-30 17:06:37.133301
2014-12-01,2014-12-01 16:35:51.358476,2014-12-01 17:06:25.155229
2014-12-02,2014-12-02 16:35:38.317910,2014-12-02 17:06:15.288229
2014-12-03,2014-12-03 16:35:27.508078,2014-12-03 17:06:07.535362
2014-12-04,2014-12-04 16:35:18.936529,2014-12-04 17:06:01.898006
2014-12-05,2014-12-05 16:35:12.608924,2014-12-05 17:05:58.375821
2014-12-06,2014-12-06 16:35:08.528982,2014-12-06 17:05:56.966709
2014-12-07,2014-12-07 16:35:06.698425,2014-12-07 17:05:57.666786
2014-12-08,2014-12-08 16:35:07.116930,2014-12-08 17:06:00.470350
2014-12-09,2014-12-09 16:35:09.782079,2014-12-09 17:06:05.369859
2014-12-10,2014-12-10 16:35:14.689323,2014-12-10 17:06:12.355908
2014-12-11,2014-12-11 16:35:21.831939,2014-12-11 17:06:21.417215
2014-12-12,2014-12-12 16:35:31.201008,2014-12-12 17:06:32.540606
2014-12-13,2014-12-13 16:35:42.785381,2014-12-13 17:06:45.711011
2014-12-14,2014-12-14 16:35:56.571665,2014-12-14 17:07:00.911459
2014-12-15,2014-12-15 16:36:12.544211,2014-12-15 17:07:18.123085
2014-12-16,2014-12-16 16:36:30.685107,2014-12-16 17:07:37.325137
2014-12-17,2014-12-17 16:36:50.974178,2014-12-17 17:07:58.494991
2014-12-18,2014-12-18 16:37:13.389000,2014-12-18 17:08:21.608170
2014-12-19,2014-12-19 16:37:37.904912,2014-12-19 17:08:46.638373
2014-12-20,2014-12-20 16:38:04.495045,2014-12-20 17:09:13.557507
2014-12-21,2014-12-21 16:38:33.130351,2014-12-21 17:09:42.335723
2014-12-22,2014-12-22 16:39:03.779642,2014-12-22 17:10:12.941461
2014-12-23,2014-12-23 16:39:36.409644,2014-12-23 17:10:45.341501
2014-12-24,2014-12-24 16:40:10.985046,2014-12-24 17:11:19.501019
2014-12-25,2014-12-25 16:40:47.468568,2014-12-25 17:11:55.383649
2014-12-26,2014-12-26 16:41:25.821030,2014-12-26 17:12:32.951547
2014-12-27,2014-12-27 16:42:06.001431,2014-12-27 17:13:12.165465
2014-12-28,2014-12-28 16:42:47.967031,2014-12-28 17:13:52.984830
2014-12-29,2014-12-29 16:43:31.673447,2014-12-29 17:14:35.367823
2014-12-30,2014-12-30 16:44:17.074746,2014-12-30 17:15:19.271466
2014-12-31,2014-12-31 16:45:04.123552,2014-12-31 17:16:04.651714
2015-01-01,2015-01-01 16:45:52.771150,2015-01-01 17:16:51.463545
2015-01-02,2015-01-02 16:46:42.967600,2015-01-02 17:17:39.661062
2015-01-03,2015-01-03 16:47:34.661858,2015-01-03 17:18:29.197587
2015-01-04,2015-01-04 16:48:27.801887,2015-01-04 17:19:20.025766
2015-01-05,2015-01-05 16:49:22.334790,2015-01-05 17:20:12.097676
2015-01-06,2015-01-06 16:50:18.206928,2015-01-06 17:21:05.364921
2015-01-07,2015-01-07 16:51:15.364048,2015-01-07 17:21:59.778749
2015-01-08,2015-01-08 16:52:13.751414,2015-01-08 17:22:55.290149
2015-01-09,2015-01-09 16:53:13.313928,2015-01-09 17:23:51.849964
2015-01-10,2015-01-10 16:54:13.996266,2015-01-10 17:24:49.408991
2015-01-11,2015-01-11 16:55:15.742996,2015-01-11 17:25:47.918092
2015-01-12,2015-01-12 16:56:18.498709,2015-01-12 17:26:47.328291
2015-01-13,2015-01-13 16:57:22.208140,2015-01-13 17:27:47.590879
2015-01-14,2015-01-14 16:58:26.816285,2015-01-14 17:28:48.657513
2015-01-15,2015-01-15 16:59:32.268523,2015-01-15 17:29:50.480309
2015-01-16,2015-01-16 17:00:38.510728,2015-01-16 17:30:53.011940
2015-01-17,2015-01-17 17:01:45.489377,2015-01-17 17:31:56.205722
2015-01-18,2015-01-18 17:02:53.151654,2015-01-18 17:33:00.015702
2015-01-19,2015-01-19 17:04:01.445556,2015-01-19 17:34:04.396739
2015-01-20,2015-01-20 17:05:10.319980,2015-01-20 17:35:09.304583
2015-01-21,2015-01-21 17:06:19.724820,2015-01-21 17:36:14.695947
2015-01-22,2015-01-22 17:07:29.611047,2015-01-22 17:37:20.528578
2015-01-23,2015-01-23 17:08:39.930789,2015-01-23 17:38:26.761320
2015-01-24,2015-01-24 17:09:50.637405,2015-01-24 17:39:33.354171
2015-01-25,2015-01-25 17:11:01.685548,2015-01-25 17:40:40.268342
2015-01-26,2015-01-26 17:12:13.031228,2015-01-26 17:41:47.466301
2015-01-27,2015-01-27 17:13:24.631868,2015-01-27 17:42:54.911820
2015-01-28,2015-01-28 17:14:36.446349,2015-01-28 17:44:02.570014
2015-01-29,2015-01-29 17:15:48.435054,2015-01-29 17:45:10.407374
2015-01-30,2015-01-30 17:17:00.559904,2015-01-30 17:46:18.391795
2015-01-31,2015-01-31 17:18:12.784390,2015-01-31 17:47:26.492605
2015-02-01,2015-02-01 17:19:25.073595,2015-02-01 17:48:34.680575
2015-02-02,2015-02-02 17:20:37.394218,2015-02-02 17:49:42.927942
2015-02-03,2015-02-03 17:21:49.714580,2015-02-03 17:50:51.208416
2015-02-04,2015-02-04 17:23:02.004640,2015-02-04 17:51:59.497183
2015-02-05,2015-02-05 17:24:14.235994,2015-02-05 17:53:07.770908
2015-02-06,2015-02-06 17:25:26.381876,2015-02-06 17:54:16.007733
2015-02-07,2015-02-07 17:26:38.417150,2015-02-07 17:55:24.187268
2015-02-08,2015-02-08 17:27:50.318301,2015-02-08 17:56:32.290581
2015-02-09,2015-02-09 17:29:02.063421,2015-02-09 17:57:40.300182
2015-02-10,2015-02-10 17:30:13.632188,2015-02-10 17:58:48.200009
2015-02-11,2015-02-11 17:31:25.005847,2015-02-11 17:59:55.975405
2015-02-12,2015-02-12 17:32:36.167185,2015-02-12 18:01:03.613092
2015-02-13,2015-02-13 17:33:47.100499,2015-02-13 18:02:11.101148
2015-02-14,2015-02-14 17:34:57.791566,2015-02-14 18:03:18.428976
2015-02-15,2015-02-15 17:36:08.227613,2015-02-15 18:04:25.587273
2015-02-16,2015-02-16 17:37:18.397277,2015-02-16 18:05:32.567998
2015-02-17,2015-02-17 17:38:28.290565,2015-02-17 18:06:39.364335
2015-02-18,2015-02-18 17:39:37.898819,2015-02-18 18:07:45.970654
2015-02-19,2015-02-19 17:40:47.214670,2015-02-19 18:08:52.382479
2015-02-20,2015-02-20 17:41:56.231997,2015-02-20 18:09:58.596440
2015-02-21,2015-02-21 17:43:04.945881,2015-02-21 18:11:04.610238
2015-02-22,2015-02-22 17:44:13.352561,2015-02-22 18:12:10.422603
2015-02-23,2015-02-23 17:45:21.449385,2015-02-23 18:13:16.033247
2015-02-24,2015-02-24 17:46:29.234766,2015-02-24 18:14:21.442824
2015-02-25,2015-02-25 17:47:36.708133,2015-02-25 18:15:26.652885
2015-02-26,2015-02-26 17:48:43.869884,2015-02-26 18:16:31.665837
2015-02-27,2015-02-27 17:49:50.721337,2015-02-27 18:17:36.484893
2015-02-28,2015-02-28 17:50:57.264683,2015-02-28 18:18:41.114032
2015-03-01,2015-03-01 17:52:03.502937,2015-03-01 18:19:45.557954
2015-03-02,2015-03-02 17:53:09.439892,2015-03-02 18:20:49.822035
2015-03-03,2015-03-03 17:54:15.080072,2015-03-03 18:21:53.912283
2015-03-04,2015-03-04 17:55:20.428682,2015-03-04 18:22:57.835294
2015-03-05,2015-03-05 17:56:25.491564,2015-03-05 18:24:01.598212
2015-03-06,2015-03-06 17:57:30.275153,2015-03-06 18:25:05.208679
2015-03-07,2015-03-07 17:58:34.786426,2015-03-07 18:26:08.674802
2015-03-08,2015-03-08 18:59:39.032865,2015-03-08 19:27:12.005102
2015-03-09,2015-03-09 19:00:43.022409,2015-03-09 19:28:15.208480
2015-03-10,2015-03-10 19:01:46.763409,2015-03-10 19:29:18.294174
2015-03-11,2015-03-11 19:02:50.264591,2015-03-11 19:30:21.271715
2015-03-12,2015-03-12 19:03:53.535012,2015-03-12 19:31:24.150896
2015-03-13,2015-03-13 19:04:56.584019,2015-03-13 19:32:26.941725
2015-03-14,2015-03-14 19:05:59.421210,2015-03-14 19:33:29.654392
2015-03-15,2015-03-15 19:07:02.056397,2015-03-15 19:34:32.299230
2015-03-16,2015-03-16 19:08:04.499563,2015-03-16 19:35:34.886679
2015-03-17,2015-03-17 19:09:06.760831,2015-03-17 19:36:37.427247
2015-03-18,2015-03-18 19:10:08.850423,2015-03-18 19:37:39.931480
2015-03-19,2015-03-19 19:11:10.778624,2015-03-19 19:38:42.409921
2015-03-20,2015-03-20 19:12:12.555752,2015-03-20 19:39:44.873079
2015-03-21,2015-03-21 19:13:14.192118,2015-03-21 19:40:47.331393
2015-03-22,2015-03-22 19:14:15.697994,2015-03-22 19:41:49.795200
2015-03-23,2015-03-23 19:15:17.083581,2015-03-23 19:42:52.274701
2015-03-24,2015-03-24 19:16:18.358976,2015-03-24 19:43:54.779927
2015-03-25,2015-03-25 19:17:19.534138,2015-03-25 19:44:57.320708
2015-03-26,2015-03-26 19:18:20.618858,2015-03-26 19:45:59.906641
2015-03-27,2015-03-27 19:19:21.622727,2015-03-27 19:47:02.547053
2015-03-28,2015-03-28 19:20:22.555106,2015-03-28 19:48:05.250975
2015-03-29,2015-03-29 19:21:23.425094,2015-03-29 19:49:08.027108
2015-03-30,2015-03-30 19:22:24.241498,2015-03-30 19:50:10.883790
2015-03-31,2015-03-31 19:23:25.012802,2015-03-31 19:51:13.828963
2015-04-01,2015-04-01 19:24:25.747138,2015-04-01 19:52:16.870144
2015-04-02,2015-04-02 19:25:26.452257,2015-04-02 19:53:20.014391
2015-04-03,2015-04-03 19:26:27.135497,2015-04-03 19:54:23.268273
2015-04-04,2015-04-04 19:27:27.803753,2015-04-04 19:55:26.637834
2015-04-05,2015-04-05 19:28:28.463449,2015-04-05 19:56:30.128563
2015-04-06,2015-04-06 19:29:29.120510,2015-04-06 19:57:33.745363
2015-04-07,2015-04-07 19:30:29.780327,2015-04-07 19:58:37.492516
2015-04-08,2015-04-08 19:31:30.447732,2015-04-08 19:59:41.373649
2015-04-09,2015-04-09 19:32:31.126965,2015-04-09 20:00:45.391704
2015-04-10,2015-04-10 19:33:31.821648,2015-04-10 20:01:49.548903
2015-04-11,2015-04-11 19:34:32.534752,2015-04-11 20:02:53.846716
2015-04-12,2015-04-12 19:35:33.268571,2015-04-12 20:03:58.285826
2015-04-13,2015-04-13 19:36:34.024687,2015-04-13 20:05:02.866094
2015-04-14,2015-04-14 19:37:34.803947,2015-04-14 20:06:07.586532
2015-04-15,2015-04-15 19:38:35.606429,2015-04-15 20:07:12.445262
2015-04-16,2015-04-16 19:39:36.431415,2015-04-16 20:08:17.439486
2015-04-17,2015-04-17 19:40:37.277362,2015-04-17 20:09:22.565453
2015-04-18,2015-04-18 19:41:38.141874,2015-04-18 20:10:27.818426
2015-04-19,2015-04-19 19:42:39.021673,2015-04-19 20:11:33.192648
2015-04-20,2015-04-20 19:43:39.912573,2015-04-20 20:12:38.681313
2015-04-21,2015-04-21 19:44:40.809450,2015-04-21 20:13:44.276528
2015-04-22,2015-04-22 19:45:41.706221,2015-04-22 20:14:49.969291
2015-04-23,2015-04-23 19:46:42.595813,2015-04-23 20:15:55.749454
2015-04-24,2015-04-24 19:47:43.470142,2015-04-24 20:17:01.605698
2015-04-25,2015-04-25 19:48:44.320089,2015-04-25 20:18:07.525502
2015-04-26,2015-04-26 19:49:45.135477,2015-04-26 20:19:13.495118
2015-04-27,2015-04-27 19:50:45.905051,2015-04-27 20:20:19.499547
2015-04-28,2015-04-28 19:51:46.616456,2015-04-28 20:21:25.522514
2015-04-29,2015-04-29 19:52:47.256224,2015-04-29 20:22:31.546446
2015-04-30,2015-04-30 19:53:47.809754,2015-04-30 20:23:37.552454
2015-05-01,2015-05-01 19:54:48.261297,2015-05-01 20:24:43.520316
2015-05-02,2015-05-02 19:55:48.593948,2015-05-02 20:25:49.428457
2015-05-03,2015-05-03 19:56:48.789633,2015-05-03 20:26:55.253945
2015-05-04,2015-05-04 19:57:48.829101,2015-05-04 20:28:00.972474
2015-05-05,2015-05-05 19:58:48.691923,2015-05-05 20:29:06.558361
2015-05-06,2015-05-06 19:59:48.356483,2015-05-06 20:30:11.984545
2015-05-07,2015-05-07 20:00:47.799985,2015-05-07 20:31:17.222582
2015-05-08,2015-05-08 20:01:46.998453,2015-05-08 20:32:22.242653
2015-05-09,2015-05-09 20:02:45.926739,2015-05-09 20:33:27.013571
2015-05-10,2015-05-10 20:03:44.558531,2015-05-10 20:34:31.502792
2015-05-11,2015-05-11 20:04:42.866370,2015-05-11 20:35:35.676432
2015-05-12,2015-05-12 20:05:40.821662,2015-05-12 20:36:39.499288
2015-05-13,2015-05-13 20:06:38.394704,2015-05-13 20:37:42.934862
2015-05-14,2015-05-14 20:07:35.554701,2015-05-14 20:38:45.945393
2015-05-15,2015-05-15 20:08:32.269802,2015-05-15 20:39:48.491887
2015-05-16,2015-05-16 20:09:28.507127,2015-05-16 20:40:50.534165
2015-05-17,2015-05-17 20:10:24.232802,2015-05-17 20:41:52.030898
2015-05-18,2015-05-18 20:11:19.412003,2015-05-18 20:42:52.939665
2015-05-19,2015-05-19 20:12:14.008993,2015-05-19 20:43:53.217005
2015-05-20,2015-05-20 20:13:07.987179,2015-05-20 20:44:52.818474
2015-05-21,2015-05-21 20:14:01.309152,2015-05-21 20:45:51.698717
2015-05-22,2015-05-22 20:14:53.936751,2015-05-22 20:46:49.811534
2015-05-23,2015-05-23 20:15:45.831121,2015-05-23 20:47:47.109954
2015-05-24,2015-05-24 20:16:36.952769,2015-05-24 20:48:43.546320
2015-05-25,2015-05-25 20:17:27.261640,2015-05-25 20:49:39.072372
2015-05-26,2015-05-26 20:18:16.717177,2015-05-26 20:50:33.639333
2015-05-27,2015-05-27 20:19:05.278400,2015-05-27 20:51:27.198011
2015-05-28,2015-05-28 20:19:52.903982,2015-05-28 20:52:19.698888
2015-05-29,2015-05-29 20:20:39.552321,2015-05-29 20:53:11.092227
2015-05-30,2015-05-30 20:21:25.181630,2015-05-30 20:54:01.328176
2015-05-31,2015-05-31 20:22:09.750012,2015-05-31 20:54:50.356874
2015-06-01,2015-06-01 20:22:53.215550,2015-06-01 20:55:38.128566
2015-06-02,2015-06-02 20:23:35.536392,2015-06-02 20:56:24.593709
2015-06-03,2015-06-03 20:24:16.670841,2015-06-03 20:57:09.703093
2015-06-04,2015-06-04 20:24:56.577440,2015-06-04 20:57:53.407954
2015-06-05,2015-06-05 20:25:35.215065,2015-06-05 20:58:35.660087
2015-06-06,2015-06-06 20:26:12.543014,2015-06-06 20:59:16.411967
2015-06-07,2015-06-07 20:26:48.521095,2015-06-07 20:59:55.616863
2015-06-08,2015-06-08 20:27:23.109718,2015-06-08 21:00:33.228952
2015-06-09,2015-06-09 20:27:56.269979,2015-06-09 21:01:09.203432
2015-06-10,2015-06-10 20:28:27.963749,2015-06-10 21:01:43.496632
2015-06-11,2015-06-11 20:28:58.153759,2015-06-11 21:02:16.066125
2015-06-12,2015-06-12 20:29:26.803683,2015-06-12 21:02:46.870824
2015-06-13,2015-06-13 20:29:53.878215,2015-06-13 21:03:15.871092
2015-06-14,2015-06-14 20:30:19.343150,2015-06-14 21:03:43.028831
2015-06-15,2015-06-15 20:30:43.165457,2015-06-15 21:04:08.307576
2015-06-16,2015-06-16 20:31:05.313349,2015-06-16 21:04:31.672582
2015-06-17,2015-06-17 20:31:25.756348,2015-06-17 21:04:53.090902
2015-06-18,2015-06-18 20:31:44.465353,2015-06-18 21:05:12.531462
2015-06-19,2015-06-19 20:32:01.412692,2015-06-19 21:05:29.965127
2015-06-20,2015-06-20 20:32:16.572180,2015-06-20 21:05:45.364762
2015-06-21,2015-06-21 20:32:29.919164,2015-06-21 21:05:58.705284
2015-06-22,2015-06-22 20:32:41.430571,2015-06-22 21:06:09.963709
2015-06-23,2015-06-23 20:32:51.084943,2015-06-23 21:06:19.119189
2015-06-24,2015-06-24 20:32:58.862475,2015-06-24 21:06:26.153043
2015-06-25,2015-06-25 20:33:04.745038,2015-06-25 21:06:31.048778
2015-06-26,2015-06-26 20:33:08.716207,2015-06-26 21:06:33.792108
2015-06-27,2015-06-27 20:33:10.761275,2015-06-27 21:06:34.370957
2015-06-28,2015-06-28 20:33:10.867267,2015-06-28 21:06:32.775463
2015-06-29,2015-06-29 20:33:09.022951,2015-06-29 21:06:28.997970
2015-06-30,2015-06-30 20:33:05.218834,2015-06-30 21:06:23.033013
2015-07-01,2015-07-01 20:32:59.447165,2015-07-01 21:06:14.877298
2015-07-02,2015-07-02 20:32:51.701923,2015-07-02 21:06:04.529674
2015-07-03,2015-07-03 20:32:41.978811,2015-07-03 21:05:51.991104
2015-07-04,2015-07-04 20:32:30.275234,2015-07-04 21:05:37.264620
2015-07-05,2015-07-05 20:32:16.590283,2015-07-05 21:05:20.355282
2015-07-06,2015-07-06 20:32:00.924706,2015-07-06 21:05:01.270131
2015-07-07,2015-07-07 20:31:43.280886,2015-07-07 21:04:40.018131
2015-07-08,2015-07-08 20:31:23.662805,2015-07-08 21:04:16.610115
2015-07-09,2015-07-09 20:31:02.076009,2015-07-09 21:03:51.058724
2015-07-10,2015-07-10 20:30:38.527573,2015-07-10 21:03:23.378341
2015-07-11,2015-07-11 20:30:13.026062,2015-07-11 21:02:53.585025
2015-07-12,2015-07-12 20:29:45.581483,2015-07-12 21:02:21.696445
2015-07-13,2015-07-13 20:29:16.205246,2015-07-13 21:01:47.731803
2015-07-14,2015-07-14 20:28:44.910113,2015-07-14 21:01:11.711770
2015-07-15,2015-07-15 20:28:11.710156,2015-07-15 21:00:33.658407
2015-07-16,2015-07-16 20:27:36.620700,2015-07-16 20:59:53.595094
2015-07-17,2015-07-17 20:26:59.658280,2015-07-17 20:59:11.546458
2015-07-18,2015-07-18 20:26:20.840586,2015-07-18 20:58:27.538296
2015-07-19,2015-07-19 20:25:40.186412,2015-07-19 20:57:41.597503
2015-07-20,2015-07-20 20:24:57.715605,2015-07-20 20:56:53.752004
2015-07-21,2015-07-21 20:24:13.449012,2015-07-21 20:56:04.030676
2015-07-22,2015-07-22 20:23:27.408430,2015-07-22 20:55:12.463283
2015-07-23,2015-07-23 20:22:39.616550,2015-07-23 20:54:19.080405
2015-07-24,2015-07-24 20:21:50.096911,2015-07-24 20:53:23.913372
2015-07-25,2015-07-25 20:20:58.873848,2015-07-25 20:52:26.994200
2015-07-26,2015-07-26 20:20:05.972437,2015-07-26 20:51:28.355525
2015-07-27,2015-07-27 20:19:11.418454,2015-07-27 20:50:28.030547
2015-07-28,2015-07-28 20:18:15.238319,2015-07-28 20:49:26.052963
2015-07-29,2015-07-29 20:17:17.459056,2015-07-29 20:48:22.456921
2015-07-30,2015-07-30 20:16:18.108242,2015-07-30 20:47:17.276954
2015-07-31,2015-07-31 20:15:17.213962,2015-07-31 20:46:10.547940
2015-08-01,2015-08-01 20:14:14.804772,2015-08-01 20:45:02.305042
2015-08-02,2015-08-02 20:13:10.909649,2015-08-02 20:43:52.583668
2015-08-03,2015-08-03 20:12:05.557955,2015-08-03 20:42:41.419423
2015-08-04,2015-08-04 20:10:58.779396,2015-08-04 20:41:28.848065
2015-08-05,2015-08-05 20:09:50.603987,2015-08-05 20:40:14.905472
2015-08-06,2015-08-06 20:08:41.062013,2015-08-06 20:38:59.627595
2015-08-07,2015-08-07 20:07:30.183996,2015-08-07 20:37:43.050430
2015-08-08,2015-08-08 20:06:18.000661,2015-08-08 20:36:25.209982
2015-08-09,2015-08-09 20:05:04.542906,2015-08-09 20:35:06.142233
2015-08-10,2015-08-10 20:03:49.841772,2015-08-10 20:33:45.883117
2015-08-11,2015-08-11 20:02:33.928414,2015-08-11 20:32:24.468491
2015-08-12,2015-08-12 20:01:16.834075,2015-08-12 20:31:01.934109
2015-08-13,2015-08-13 19:59:58.590062,2015-08-13 20:29:38.315605
2015-08-14,2015-08-14 19:58:39.227722,2015-08-14 20:28:13.648468
2015-08-15,2015-08-15 19:57:18.778418,2015-08-15 20:26:47.968024
2015-08-16,2015-08-16 19:55:57.273513,2015-08-16 20:25:21.309425
2015-08-17,2015-08-17 19:54:34.744350,2015-08-17 20:23:53.707624
2015-08-18,2015-08-18 19:53:11.222233,2015-08-18 20:22:25.197373
2015-08-19,2015-08-19 19:51:46.738415,2015-08-19 20:20:55.813204
2015-08-20,2015-08-20 19:50:21.324080,2015-08-20 20:19:25.589423
2015-08-21,2015-08-21 19:48:55.010335,2015-08-21 20:17:54.560103
2015-08-22,2015-08-22 19:47:27.828194,2015-08-22 20:16:22.759075
2015-08-23,2015-08-23 19:45:59.808575,2015-08-23 20:14:50.219922
2015-08-24,2015-08-24 19:44:30.982284,2015-08-24 20:13:16.975982
2015-08-25,2015-08-25 19:43:01.380016,2015-08-25 20:11:43.060338
2015-08-26,2015-08-26 19:41:31.032345,2015-08-26 20:10:08.505823
2015-08-27,2015-08-27 19:39:59.969720,2015-08-27 20:08:33.345019
2015-08-28,2015-08-28 19:38:28.222466,2015-08-28 20:06:57.610256
2015-08-29,2015-08-29 19:36:55.820779,2015-08-29 20:05:21.333620
2015-08-30,2015-08-30 19:35:22.794726,2015-08-30 20:03:44.546954
2015-08-31,2015-08-31 19:33:49.174248,2015-08-31 20:02:07.281864
2015-09-01,2015-09-01 19:32:14.989161,2015-09-01 20:00:29.569725
2015-09-02,2015-09-02 19:30:40.269160,2015-09-02 19:58:51.441687
2015-09-03,2015-09-03 19:29:05.043821,2015-09-03 19:57:12.928689
2015-09-04,2015-09-04 19:27:29.342610,2015-09-04 19:55:34.061459
2015-09-05,2015-09-05 19:25:53.194887,2015-09-05 19:53:54.870531
2015-09-06,2015-09-06 19:24:16.629911,2015-09-06 19:52:15.386254
2015-09-07,2015-09-07 19:22:39.676854,2015-09-07 19:50:35.638800
2015-09-08,2015-09-08 19:21:02.364805,2015-09-08 19:48:55.658181
2015-09-09,2015-09-09 19:19:24.722780,2015-09-09 19:47:15.474257
2015-09-10,2015-09-10 19:17:46.779734,2015-09-10 19:45:35.116752
2015-09-11,2015-09-11 19:16:08.564573,2015-09-11 19:43:54.615266
2015-09-12,2015-09-12 19:14:30.106159,2015-09-12 19:42:13.999289
2015-09-13,2015-09-13 19:12:51.433331,2015-09-13 19:40:33.298216
2015-09-14,2015-09-14 19:11:12.574911,2015-09-14 19:38:52.541359
2015-09-15,2015-09-15 19:09:33.559717,2015-09-15 19:37:11.757964
2015-09-16,2015-09-16 19:07:54.416579,2015-09-16 19:35:30.977226
2015-09-17,2015-09-17 19:06:15.174352,2015-09-17 19:33:50.228301
2015-09-18,2015-09-18 19:04:35.861925,2015-09-18 19:32:09.540321
2015-09-19,2015-09-19 19:02:56.508239,2015-09-19 19:30:28.942411
2015-09-20,2015-09-20 19:01:17.142299,2015-09-20 19:28:48.463702
2015-09-21,2015-09-21 18:59:37.793187,2015-09-21 19:27:08.133345
2015-09-22,2015-09-22 18:57:58.490076,2015-09-22 19:25:27.980523
2015-09-23,2015-09-23 18:56:19.262242,2015-09-23 19:23:48.034467
2015-09-24,2015-09-24 18:54:40.139076,2015-09-24 19:22:08.324469
2015-09-25,2015-09-25 18:53:01.150102,2015-09-25 19:20:28.879893
2015-09-26,2015-09-26 18:51:22.324981,2015-09-26 19:18:49.730188
2015-09-27,2015-09-27 18:49:43.693529,2015-09-27 19:17:10.904896
2015-09-28,2015-09-28 18:48:05.285725,2015-09-28 19:15:32.433668
2015-09-29,2015-09-29 18:46:27.131722,2015-09-29 19:13:54.346270
2015-09-30,2015-09-30 18:44:49.261859,2015-09-30 19:12:16.672595
2015-10-01,2015-10-01 18:43:11.706667,2015-10-01 19:10:39.442665
2015-10-02,2015-10-02 18:41:34.496881,2015-10-02 19:09:02.686646
2015-10-03,2015-10-03 18:39:57.663444,2015-10-03 19:07:26.434849
2015-10-04,2015-10-04 18:38:21.237516,2015-10-04 19:05:50.717739
2015-10-05,2015-10-05 18:36:45.250483,2015-10-05 19:04:15.565934
2015-10-06,2015-10-06 18:35:09.733954,2015-10-06 19:02:41.010214
2015-10-07,2015-10-07 18:33:34.719776,2015-10-07 19:01:07.081519
2015-10-08,2015-10-08 18:32:00.240027,2015-10-08 18:59:33.810952
2015-10-09,2015-10-09 18:30:26.327024,2015-10-09 18:58:01.229778
2015-10-10,2015-10-10 18:28:53.013325,2015-10-10 18:56:29.369422
2015-10-11,2015-10-11 18:27:20.331722,2015-10-11 18:54:58.261467
2015-10-12,2015-10-12 18:25:48.315250,2015-10-12 18:53:27.937650
2015-10-13,2015-10-13 18:24:16.997175,2015-10-13 18:51:58.429856
2015-10-14,2015-10-14 18:22:46.410999,2015-10-14 18:50:29.770111
2015-10-15,2015-10-15 18:21:16.590448,2015-10-15 18:49:01.990578
2015-10-16,2015-10-16 18:19:47.569472,2015-10-16 18:47:35.123543
2015-10-17,2015-10-17 18:18:19.382235,2015-10-17 18:46:09.201407
2015-10-18,2015-10-18 18:16:52.063108,2015-10-18 18:44:44.256674
2015-10-19,2015-10-19 18:15:25.646659,2015-10-19 18:43:20.321937
2015-10-20,2015-10-20 18:14:00.167641,2015-10-20 18:41:57.429866
2015-10-21,2015-10-21 18:12:35.660984,2015-10-21 18:40:35.613189
2015-10-22,2015-10-22 18:11:12.161778,2015-10-22 18:39:14.904678
2015-10-23,2015-10-23 18:09:49.705258,2015-10-23 18:37:55.337128
2015-10-24,2015-10-24 18:08:28.326791,2015-10-24 18:36:36.943341
2015-10-25,2015-10-25 18:07:08.061858,2015-10-25 18:35:19.756100
2015-10-26,2015-10-26 18:05:48.946033,2015-10-26 18:34:03.808150
2015-10-27,2015-10-27 18:04:31.014964,2015-10-27 18:32:49.132177
2015-10-28,2015-10-28 18:03:14.304355,2015-10-28 18:31:35.760777
2015-10-29,2015-10-29 18:01:58.849937,2015-10-29 18:30:23.726434
2015-10-30,2015-10-30 18:00:44.687449,2015-10-30 18:29:13.061491
2015-10-31,2015-10-31 17:59:31.852609,2015-10-31 18:28:03.798124
2015-11-01,2015-11-01 16:58:20.381089,2015-11-01 17:26:55.968309
2015-11-02,2015-11-02 16:57:10.308482,2015-11-02 17:25:49.603791
2015-11-03,2015-11-03 16:56:01.670278,2015-11-03 17:24:44.736054
2015-11-04,2015-11-04 16:54:54.501827,2015-11-04 17:23:41.396285
2015-11-05,2015-11-05 16:53:48.838304,2015-11-05 17:22:39.615342
2015-11-06,2015-11-06 16:52:44.714680,2015-11-06 17:21:39.423713
2015-11-07,2015-11-07 16:51:42.165680,2015-11-07 17:20:40.851484
2015-11-08,2015-11-08 16:50:41.225743,2015-11-08 17:19:43.928297
2015-11-09,2015-11-09 16:49:41.928988,2015-11-09 17:18:48.683311
2015-11-10,2015-11-10 16:48:44.309164,2015-11-10 17:17:55.145163
2015-11-11,2015-11-11 16:47:48.399609,2015-11-11 17:17:03.341924
2015-11-12,2015-11-12 16:46:54.233207,2015-11-12 17:16:13.301056
2015-11-13,2015-11-13 16:46:01.842335,2015-11-13 17:15:25.049367
2015-11-14,2015-11-14 16:45:11.258814,2015-11-14 17:14:38.612970
2015-11-15,2015-11-15 16:44:22.513862,2015-11-15 17:13:54.017232
2015-11-16,2015-11-16 16:43:35.638035,2015-11-16 17:13:11.286728
2015-11-17,2015-11-17 16:42:50.661176,2015-11-17 17:12:30.445193
2015-11-18,2015-11-18 16:42:07.612354,2015-11-18 17:11:51.515476
2015-11-19,2015-11-19 16:41:26.519809,2015-11-19 17:11:14.519485
2015-11-20,2015-11-20 16:40:47.410889,2015-11-20 17:10:39.478142
2015-11-21,2015-11-21 16:40:10.311990,2015-11-21 17:10:06.411326
2015-11-22,2015-11-22 16:39:35.248491,2015-11-22 17:09:35.337831
2015-11-23,2015-11-23 16:39:02.244693,2015-11-23 17:09:06.275303
2015-11-24,2015-11-24 16:38:31.323747,2015-11-24 17:08:39.240201
2015-11-25,2015-11-25 16:38:02.507594,2015-11-25 17:08:14.247732
2015-11-26,2015-11-26 16:37:35.816895,2015-11-26 17:07:51.311812
2015-11-27,2015-11-27 16:37:11.270961,2015-11-27 17:07:30.445008
2015-11-28,2015-11-28 16:36:48.887689,2015-11-28 17:07:11.658487
2015-11-29,2015-11-29 16:36:28.683491,2015-11-29 17:06:54.961973
2015-11-30,2015-11-30 16:36:10.673228,2015-11-30 17:06:40.363692
2015-12-01,2015-12-01 16:35:54.870144,2015-12-01 17:06:27.870328
2015-12-02,2015-12-02 16:35:41.285796,2015-12-02 17:06:17.486978
2015-12-03,2015-12-03 16:35:29.929994,2015-12-03 17:06:09.217107
2015-12-04,2015-12-04 16:35:20.810738,2015-12-04 17:06:03.062508
2015-12-05,2015-12-05 16:35:13.934154,2015-12-05 17:05:59.023263
2015-12-06,2015-12-06 16:35:09.304441,2015-12-06 17:05:57.097706
2015-12-07,2015-12-07 16:35:06.923813,2015-12-07 17:05:57.282394
2015-12-08,2015-12-08 16:35:06.792451,2015-12-08 17:05:59.572069
2015-12-09,2015-12-09 16:35:08.908453,2015-12-09 17:06:03.959643
2015-12-10,2015-12-10 16:35:13.267793,2015-12-10 17:06:10.436167
2015-12-11,2015-12-11 16:35:19.864284,2015-12-11 17:06:18.990820
2015-12-12,2015-12-12 16:35:28.689546,2015-12-12 17:06:29.610890
2015-12-13,2015-12-13 16:35:39.732978,2015-12-13 17:06:42.281773
2015-12-14,2015-12-14 16:35:52.981737,2015-12-14 17:06:56.986963
2015-12-15,2015-12-15 16:36:08.420727,2015-12-15 17:07:13.708058
2015-12-16,2015-12-16 16:36:26.032589,2015-12-16 17:07:32.424767
2015-12-17,2015-12-17 16:36:45.797704,2015-12-17 17:07:53.114923
2015-12-18,2015-12-18 16:37:07.694196,2015-12-18 17:08:15.754501
2015-12-19,2015-12-19 16:37:31.697952,2015-12-19 17:08:40.317646
2015-12-20,2015-12-20 16:37:57.782640,2015-12-20 17:09:06.776699
2015-12-21,2015-12-21 16:38:25.919743,2015-12-21 17:09:35.102239
2015-12-22,2015-12-22 16:38:56.078595,2015-12-22 17:10:05.263122
2015-12-23,2015-12-23 16:39:28.226428,2015-12-23 17:10:37.226531
2015-12-24,2015-12-24 16:40:02.328426,2015-12-24 17:11:10.958031
2015-12-25,2015-12-25 16:40:38.347787,2015-12-25 17:11:46.421628
2015-12-26,2015-12-26 16:41:16.245791,2015-12-26 17:12:23.579836
2015-12-27,2015-12-27 16:41:55.981876,2015-12-27 17:13:02.393745
2015-12-28,2015-12-28 16:42:37.513722,2015-12-28 17:13:42.823102
2015-12-29,2015-12-29 16:43:20.797343,2015-12-29 17:14:24.826388
2015-12-30,2015-12-30 16:44:05.787179,2015-12-30 17:15:08.360902
2015-12-31,2015-12-31 16:44:52.436197,2015-12-31 17:15:53.382853
2016-01-01,2016-01-01 16:45:40.696004,2016-01-01 17:16:39.847455
2016-01-02,2016-01-02 16:46:30.516953,2016-01-02 17:17:27.709016
2016-01-03,2016-01-03 16:47:21.848260,2016-01-03 17:18:16.921043
2016-01-04,2016-01-04 16:48:14.638126,2016-01-04 17:19:07.436343
2016-01-05,2016-01-05 16:49:08.833853,2016-01-05 17:19:59.207122
2016-01-06,2016-01-06 16:50:04.381976,2016-01-06 17:20:52.185097
2016-01-07,2016-01-07 16:51:01.228385,2016-01-07 17:21:46.321593
2016-01-08,2016-01-08 16:51:59.318452,2016-01-08 17:22:41.567658
2016-01-09,2016-01-09 16:52:58.597161,2016-01-09 17:23:37.874162
2016-01-10,2016-01-10 16:53:59.009233,2016-01-10 17:24:35.191909
2016-01-11,2016-01-11 16:55:00.499256,2016-01-11 17:25:33.471737
2016-01-12,2016-01-12 16:56:03.011806,2016-01-12 17:26:32.664624
2016-01-13,2016-01-13 16:57:06.491576,2016-01-13 17:27:32.721792
2016-01-14,2016-01-14 16:58:10.883490,2016-01-14 17:28:33.594800
2016-01-15,2016-01-15 16:59:16.132826,2016-01-15 17:29:35.235647
2016-01-16,2016-01-16 17:00:22.185331,2016-01-16 17:30:37.596865
2016-01-17,2016-01-17 17:01:28.987326,2016-01-17 17:31:40.631607
2016-01-18,2016-01-18 17:02:36.485817,2016-01-18 17:32:44.293736
2016-01-19,2016-01-19 17:03:44.628596,2016-01-19 17:33:48.537909
2016-01-20,2016-01-20 17:04:53.364335,2016-01-20 17:34:53.319653
2016-01-21,2016-01-21 17:06:02.642678,2016-01-21 17:35:58.595443
2016-01-22,2016-01-22 17:07:12.414329,2016-01-22 17:37:04.322769
2016-01-23,2016-01-23 17:08:22.631128,2016-01-23 17:38:10.460203
2016-01-24,2016-01-24 17:09:33.246130,2016-01-24 17:39:16.967459
2016-01-25,2016-01-25 17:10:44.213668,2016-01-25 17:40:23.805449
2016-01-26,2016-01-26 17:11:55.489417,2016-01-26 17:41:30.936331
2016-01-27,2016-01-27 17:13:07.030452,2016-01-27 17:42:38.323557
2016-01-28,2016-01-28 17:14:18.795296,2016-01-28 17:43:45.931912
2016-01-29,2016-01-29 17:15:30.743963,2016-01-29 17:44:53.727550
2016-01-30,2016-01-30 17:16:42.837997,2016-01-30 17:46:01.678023
2016-01-31,2016-01-31 17:17:55.040504,2016-01-31 17:47:09.752307
2016-02-01,2016-02-01 17:19:07.316179,2016-02-01 17:48:17.920821
2016-02-02,2016-02-02 17:20:19.631324,2016-02-02 17:49:26.155445
2016-02-03,2016-02-03 17:21:31.953864,2016-02-03 17:50:34.429527
2016-02-04,2016-02-04 17:22:44.253360,2016-02-04 17:51:42.717896
2016-02-05,2016-02-05 17:23:56.501009,2016-02-05 17:52:50.996855
2016-02-06,2016-02-06 17:25:08.669644,2016-02-06 17:53:59.244187
2016-02-07,2016-02-07 17:26:20.733733,2016-02-07 17:55:07.439146
2016-02-08,2016-02-08 17:27:32.669369,2016-02-08 17:56:15.562443
2016-02-09,2016-02-09 17:28:44.454250,2016-02-09 17:57:23.596241
2016-02-10,2016-02-10 17:29:56.067672,2016-02-10 17:58:31.524130
2016-02-11,2016-02-11 17:31:07.490498,2016-02-11 17:59:39.331112
2016-02-12,2016-02-12 17:32:18.705141,2016-02-12 18:00:47.003575
2016-02-13,2016-02-13 17:33:29.695532,2016-02-13 18:01:54.529268
2016-02-14,2016-02-14 17:34:40.447090,2016-02-14 18:03:01.897274
2016-02-15,2016-02-15 17:35:50.946692,2016-02-15 18:04:09.097978
2016-02-16,2016-02-16 17:37:01.182631,2016-02-16 18:05:16.123031
2016-02-17,2016-02-17 17:38:11.144586,2016-02-17 18:06:22.965323
2016-02-18,2016-02-18 17:39:20.823575,2016-02-18 18:07:29.618937
2016-02-19,2016-02-19 17:40:30.211917,2016-02-19 18:08:36.079119
2016-02-20,2016-02-20 17:41:39.303192,2016-02-20 18:09:42.342232
2016-02-21,2016-02-21 17:42:48.092189,2016-02-21 18:10:48.405719
2016-02-22,2016-02-22 17:43:56.574869,2016-02-22 18:11:54.268062
2016-02-23,2016-02-23 17:45:04.748312,2016-02-23 18:12:59.928736
2016-02-24,2016-02-24 17:46:12.610675,2016-02-24 18:14:05.388170
2016-02-25,2016-02-25 17:47:20.161144,2016-02-25 18:15:10.647698
2016-02-26,2016-02-26 17:48:27.399882,2016-02-26 18:16:15.709522
2016-02-27,2016-02-27 17:49:34.327986,2016-02-27 18:17:20.576661
2016-02-28,2016-02-28 17:50:40.947439,2016-02-28 18:18:25.252912
2016-02-29,2016-02-29 17:51:47.261058,2016-02-29 18:19:29.742801
2016-03-01,2016-03-01 17:52:53.272450,2016-03-01 18:20:34.051542
2016-03-02,2016-03-02 17:53:58.985962,2016-03-02 18:21:38.184992
2016-03-03,2016-03-03 17:55:04.406638,2016-03-03 18:22:42.149608
2016-03-04,2016-03-04 17:56:09.540167,2016-03-04 18:23:45.952402
2016-03-05,2016-03-05 17:57:14.392842,2016-03-05 18:24:49.600898
2016-03-06,2016-03-06 17:58:18.971513,2016-03-06 18:25:53.103092
2016-03-07,2016-03-07 17:59:23.283540,2016-03-07 18:26:56.467408
2016-03-08,2016-03-08 18:00:27.336753,2016-03-08 18:27:59.702656
2016-03-09,2016-03-09 18:01:31.139406,2016-03-09 18:29:02.817995
2016-03-10,2016-03-10 18:02:34.700138,2016-03-10 18:30:05.822888
2016-03-11,2016-03-11 18:03:38.027926,2016-03-11 18:31:08.727065
2016-03-12,2016-03-12 18:04:41.132050,2016-03-12 18:32:11.540486
2016-03-13,2016-03-13 19:05:44.022049,2016-03-13 19:33:14.273298
2016-03-14,2016-03-14 19:06:46.707684,2016-03-14 19:34:16.935802
2016-03-15,2016-03-15 19:07:49.198902,2016-03-15 19:35:19.538414
2016-03-16,2016-03-16 19:08:51.505792,2016-03-16 19:36:22.091629
2016-03-17,2016-03-17 19:09:53.638553,2016-03-17 19:37:24.605985
2016-03-18,2016-03-18 19:10:55.607461,2016-03-18 19:38:27.092028
2016-03-19,2016-03-19 19:11:57.422825,2016-03-19 19:39:29.560278
2016-03-20,2016-03-20 19:12:59.094960,2016-03-20 19:40:32.021193
2016-03-21,2016-03-21 19:14:00.634151,2016-03-21 19:41:34.485138
2016-03-22,2016-03-22 19:15:02.050618,2016-03-22 19:42:36.962348
2016-03-23,2016-03-23 19:16:03.354485,2016-03-23 19:43:39.462899
2016-03-24,2016-03-24 19:17:04.555746,2016-03-24 19:44:41.996671
2016-03-25,2016-03-25 19:18:05.664237,2016-03-25 19:45:44.573320
2016-03-26,2016-03-26 19:19:06.689599,2016-03-26 19:46:47.202241
2016-03-27,2016-03-27 19:20:07.641250,2016-03-27 19:47:49.892541
2016-03-28,2016-03-28 19:21:08.528356,2016-03-28 19:48:52.653001
2016-03-29,2016-03-29 19:22:09.359796,2016-03-29 19:49:55.492050
2016-03-30,2016-03-30 19:23:10.144135,2016-03-30 19:50:58.417730
2016-03-31,2016-03-31 19:24:10.889593,2016-03-31 19:52:01.437663
2016-04-01,2016-04-01 19:25:11.604016,2016-04-01 19:53:04.559020
2016-04-02,2016-04-02 19:26:12.294843,2016-04-02 19:54:07.788492
2016-04-03,2016-04-03 19:27:12.969080,2016-04-03 19:55:11.132253
2016-04-04,2016-04-04 19:28:13.633267,2016-04-04 19:56:14.595930
2016-04-05,2016-04-05 19:29:14.293453,2016-04-05 19:57:18.184570
2016-04-06,2016-04-06 19:30:14.955161,2016-04-06 19:58:21.902607
2016-04-07,2016-04-07 19:31:15.623359,2016-04-07 19:59:25.753832
2016-04-08,2016-04-08 19:32:16.302435,2016-04-08 20:00:29.741355
2016-04-09,2016-04-09 19:33:16.996163,2016-04-09 20:01:33.867576
2016-04-10,2016-04-10 19:34:17.707674,2016-04-10 20:02:38.134148
2016-04-11,2016-04-11 19:35:18.439427,2016-04-11 20:03:42.541950
2016-04-12,2016-04-12 19:36:19.193181,2016-04-12 20:04:47.091045
2016-04-13,2016-04-13 19:37:19.969963,2016-04-13 20:05:51.780653
2016-04-14,2016-04-14 19:38:20.770040,2016-04-14 20:06:56.609114
2016-04-15,2016-04-15 19:39:21.592888,2016-04-15 20:08:01.573856
2016-04-16,2016-04-16 19:40:22.437168,2016-04-16 20:09:06.671364
2016-04-17,2016-04-17 19:41:23.300692,2016-04-17 20:10:11.897141
2016-04-18,2016-04-18 19:42:24.180399,2016-04-18 20:11:17.245680
2016-04-19,2016-04-19 19:43:25.072324,2016-04-19 20:12:22.710431
2016-04-20,2016-04-20 19:44:25.971573,2016-04-20 20:13:28.283770
2016-04-21,2016-04-21 19:45:26.872298,2016-04-21 20:14:33.956965
2016-04-22,2016-04-22 19:46:27.767667,2016-04-22 20:15:39.720147
2016-04-23,2016-04-23 19:47:28.649842,2016-04-23 20:16:45.562285
2016-04-24,2016-04-24 19:48:29.509959,2016-04-24 20:17:51.471149
2016-04-25,2016-04-25 19:49:30.338097,2016-04-25 20:18:57.433293
2016-04-26,2016-04-26 19:50:31.123263,2016-04-26 20:20:03.434023
2016-04-27,2016-04-27 19:51:31.853372,2016-04-27 20:21:09.457373
2016-04-28,2016-04-28 19:52:32.515226,2016-04-28 20:22:15.486088
2016-04-29,2016-04-29 19:53:33.094498,2016-04-29 20:23:21.501598
2016-04-30,2016-04-30 19:54:33.575719,2016-04-30 20:24:27.484005
2016-05-01,2016-05-01 19:55:33.942266,2016-05-01 20:25:33.412064
2016-05-02,2016-05-02 19:56:34.176345,2016-05-02 20:26:39.263171
2016-05-03,2016-05-03 19:57:34.258994,2016-05-03 20:27:45.013353
2016-05-04,2016-05-04 19:58:34.170065,2016-05-04 20:28:50.637263
2016-05-05,2016-05-05 19:59:33.888232,2016-05-05 20:29:56.108171
2016-05-06,2016-05-06 20:00:33.390984,2016-05-06 20:31:01.397967
2016-05-07,2016-05-07 20:01:32.654627,2016-05-07 20:32:06.477166
2016-05-08,2016-05-08 20:02:31.654298,2016-05-08 20:33:11.314909
2016-05-09,2016-05-09 20:03:30.363964,2016-05-09 20:34:15.878980
2016-05-10,2016-05-10 20:04:28.756442,2016-05-10 20:35:20.135817
2016-05-11,2016-05-11 20:05:26.803410,2016-05-11 20:36:24.050534
2016-05-12,2016-05-12 20:06:24.475430,2016-05-12 20:37:27.586942
2016-05-13,2016-05-13 20:07:21.741969,2016-05-13 20:38:30.707583
2016-05-14,2016-05-14 20:08:18.571429,2016-05-14 20:39:33.373758
2016-05-15,2016-05-15 20:09:14.931174,2016-05-15 20:40:35.545569
2016-05-16,2016-05-16 20:10:10.787566,2016-05-16 20:41:37.181961
2016-05-17,2016-05-17 20:11:06.106005,2016-05-17 20:42:38.240772
2016-05-18,2016-05-18 20:12:00.850973,2016-05-18 20:43:38.678786
2016-05-19,2016-05-19 20:12:54.986076,2016-05-19 20:44:38.451790
2016-05-20,2016-05-20 20:13:48.474098,2016-05-20 20:45:37.514643
2016-05-21,2016-05-21 20:14:41.277054,2016-05-21 20:46:35.821340
2016-05-22,2016-05-22 20:15:33.356247,2016-05-22 20:47:33.325090
2016-05-23,2016-05-23 20:16:24.672335,2016-05-23 20:48:29.978393
2016-05-24,2016-05-24 20:17:15.185389,2016-05-24 20:49:25.733125
2016-05-25,2016-05-25 20:18:04.854966,2016-05-25 20:50:20.540625
2016-05-26,2016-05-26 20:18:53.640182,2016-05-26 20:51:14.351790
2016-05-27,2016-05-27 20:19:41.499783,2016-05-27 20:52:07.117172
2016-05-28,2016-05-28 20:20:28.392227,2016-05-28 20:52:58.787074
2016-05-29,2016-05-29 20:21:14.275760,2016-05-29 20:53:49.311661
2016-05-30,2016-05-30 20:21:59.108504,2016-05-30 20:54:38.641063
2016-05-31,2016-05-31 20:22:42.848538,2016-05-31 20:55:26.725487
2016-06-01,2016-06-01 20:23:25.453984,2016-06-01 20:56:13.515326
2016-06-02,2016-06-02 20:24:06.883096,2016-06-02 20:56:58.961278
2016-06-03,2016-06-03 20:24:47.094350,2016-06-03 20:57:43.014456
2016-06-04,2016-06-04 20:25:26.046533,2016-06-04 20:58:25.626509
2016-06-05,2016-06-05 20:26:03.698828,2016-06-05 20:59:06.749734
2016-06-06,2016-06-06 20:26:40.010912,2016-06-06 20:59:46.337195
2016-06-07,2016-06-07 20:27:14.943038,2016-06-07 21:00:24.342837
2016-06-08,2016-06-08 20:27:48.456126,2016-06-08 21:01:00.721596
2016-06-09,2016-06-09 20:28:20.511850,2016-06-09 21:01:35.429519
2016-06-10,2016-06-10 20:28:51.072724,2016-06-10 21:02:08.423862
2016-06-11,2016-06-11 20:29:20.102183,2016-06-11 21:02:39.663204
2016-06-12,2016-06-12 20:29:47.564665,2016-06-12 21:03:09.107544
2016-06-13,2016-06-13 20:30:13.425690,2016-06-13 21:03:36.718401
2016-06-14,2016-06-14 20:30:37.651935,2016-06-14 21:04:02.458905
2016-06-15,2016-06-15 20:31:00.211302,2016-06-15 21:04:26.293884
2016-06-16,2016-06-16 20:31:21.072991,2016-06-16 21:04:48.189947
2016-06-17,2016-06-17 20:31:40.207558,2016-06-17 21:05:08.115556
2016-06-18,2016-06-18 20:31:57.586979,2016-06-18 21:05:26.041100
2016-06-19,2016-06-19 20:32:13.184702,2016-06-19 21:05:41.938951
2016-06-20,2016-06-20 20:32:26.975697,2016-06-20 21:05:55.783524
2016-06-21,2016-06-21 20:32:38.936505,2016-06-21 21:06:07.551320
2016-06-22,2016-06-22 20:32:49.045271,2016-06-22 21:06:17.220968
2016-06-23,2016-06-23 20:32:57.281785,2016-06-23 21:06:24.773259
2016-06-24,2016-06-24 20:33:03.627508,2016-06-24 21:06:30.191166
2016-06-25,2016-06-25 20:33:08.065600,2016-06-25 21:06:33.459864
2016-06-26,2016-06-26 20:33:10.580935,2016-06-26 21:06:34.566743
2016-06-27,2016-06-27 20:33:11.160118,2016-06-27 21:06:33.501402
2016-06-28,2016-06-28 20:33:09.791491,2016-06-28 21:06:30.255649
2016-06-29,2016-06-29 20:33:06.465140,2016-06-29 21:06:24.823490
2016-06-30,2016-06-30 20:33:01.172891,2016-06-30 21:06:17.201105
2016-07-01,2016-07-01 20:32:53.908305,2016-07-01 21:06:07.386827
2016-07-02,2016-07-02 20:32:44.666667,2016-07-02 21:05:55.381107
2016-07-03,2016-07-03 20:32:33.444973,2016-07-03 21:05:41.186481
2016-07-04,2016-07-04 20:32:20.241904,2016-07-04 21:05:24.807520
2016-07-05,2016-07-05 20:32:05.057811,2016-07-05 21:05:06.250788
2016-07-06,2016-07-06 20:31:47.894683,2016-07-06 21:04:45.524790
2016-07-07,2016-07-07 20:31:28.756116,2016-07-07 21:04:22.639910
2016-07-08,2016-07-08 20:31:07.647282,2016-07-08 21:03:57.608357
2016-07-09,2016-07-09 20:30:44.574889,2016-07-09 21:03:30.444096
2016-07-10,2016-07-10 20:30:19.547144,2016-07-10 21:03:01.162788
2016-07-11,2016-07-11 20:29:52.573709,2016-07-11 21:02:29.781716
2016-07-12,2016-07-12 20:29:23.665658,2016-07-12 21:01:56.319720
2016-07-13,2016-07-13 20:28:52.835432,2016-07-13 21:01:20.797120
2016-07-14,2016-07-14 20:28:20.096788,2016-07-14 21:00:43.235648
2016-07-15,2016-07-15 20:27:45.464755,2016-07-15 21:00:03.658372
2016-07-16,2016-07-16 20:27:08.955578,2016-07-16 20:59:22.089622
2016-07-17,2016-07-17 20:26:30.586673,2016-07-17 20:58:38.554920
2016-07-18,2016-07-18 20:25:50.376572,2016-07-18 20:57:53.080904
2016-07-19,2016-07-19 20:25:08.344872,2016-07-19 20:57:05.695254
2016-07-20,2016-07-20 20:24:24.512185,2016-07-20 20:56:16.426625
2016-07-21,2016-07-21 20:23:38.900080,2016-07-21 20:55:25.304572
2016-07-22,2016-07-22 20:22:51.531041,2016-07-22 20:54:32.359486
2016-07-23,2016-07-23 20:22:02.428405,2016-07-23 20:53:37.622521
2016-07-24,2016-07-24 20:21:11.616319,2016-07-24 20:52:41.125535
2016-07-25,2016-07-25 20:20:19.119687,2016-07-25 20:51:42.901020
2016-07-26,2016-07-26 20:19:24.964120,2016-07-26 20:50:42.982045
2016-07-27,2016-07-27 20:18:29.175887,2016-07-27 20:49:41.402195
2016-07-28,2016-07-28 20:17:31.781872,2016-07-28 20:48:38.195513
2016-07-29,2016-07-29 20:16:32.809522,2016-07-29 20:47:33.396446
2016-07-30,2016-07-30 20:15:32.286805,2016-07-30 20:46:27.039794
2016-07-31,2016-07-31 20:14:30.242169,2016-07-31 20:45:19.160656
2016-08-01,2016-08-01 20:13:26.704491,2016-08-01 20:44:09.794387
2016-08-02,2016-08-02 20:12:21.703047,2016-08-02 20:42:58.976549
2016-08-03,2016-08-03 20:11:15.267465,2016-08-03 20:41:46.742870
2016-08-04,2016-08-04 20:10:07.427687,2016-08-04 20:40:33.129201
2016-08-05,2016-08-05 20:08:58.213940,2016-08-05 20:39:18.171482
2016-08-06,2016-08-06 20:07:47.656691,2016-08-06 20:38:01.905701
2016-08-07,2016-08-07 20:06:35.786620,2016-08-07 20:36:44.367866
2016-08-08,2016-08-08 20:05:22.634588,2016-08-08 20:35:25.593969
2016-08-09,2016-08-09 20:04:08.231605,2016-08-09 20:34:05.619958
2016-08-10,2016-08-10 20:02:52.608801,2016-08-10 20:32:44.481713
2016-08-11,2016-08-11 20:01:35.797403,2016-08-11 20:31:22.215018
2016-08-12,2016-08-12 20:00:17.828705,2016-08-12 20:29:58.855537
2016-08-13,2016-08-13 19:58:58.734046,2016-08-13 20:28:34.438799
2016-08-14,2016-08-14 19:57:38.544790,2016-08-14 20:27:09.000171
2016-08-15,2016-08-15 19:56:17.292303,2016-08-15 20:25:42.574850
2016-08-16,2016-08-16 19:54:55.007935,2016-08-16 20:24:15.197839
2016-08-17,2016-08-17 19:53:31.723002,2016-08-17 20:22:46.903942
2016-08-18,2016-08-18 19:52:07.468771,2016-08-18 20:21:17.727747
2016-08-19,2016-08-19 19:50:42.276445,2016-08-19 20:19:47.703615
2016-08-20,2016-08-20 19:49:16.177152,2016-08-20 20:18:16.865678
2016-08-21,2016-08-21 19:47:49.201931,2016-08-21 20:16:45.247826
2016-08-22,2016-08-22 19:46:21.381723,2016-08-22 20:15:12.883705
2016-08-23,2016-08-23 19:44:52.747365,2016-08-23 20:13:39.806713
2016-08-24,2016-08-24 19:43:23.329578,2016-08-24 20:12:06.049995
2016-08-25,2016-08-25 19:41:53.158968,2016-08-25 20:10:31.646445
2016-08-26,2016-08-26 19:40:22.266015,2016-08-26 20:08:56.628708
2016-08-27,2016-08-27 19:38:50.681074,2016-08-27 20:07:21.029174
2016-08-28,2016-08-28 19:37:18.434373,2016-08-28 20:05:44.879990
2016-08-29,2016-08-29 19:35:45.556011,2016-08-29 20:04:08.213057
2016-08-30,2016-08-30 19:34:12.075961,2016-08-30 20:02:31.060038
2016-08-31,2016-08-31 19:32:38.024067,2016-08-31 20:00:53.452365
2016-09-01,2016-09-01 19:31:03.430055,2016-09-01 19:59:15.421241
2016-09-02,2016-09-02 19:29:28.323530,2016-09-02 19:57:36.997657
2016-09-03,2016-09-03 19:27:52.733983,2016-09-03 19:55:58.212390
2016-09-04,2016-09-04 19:26:16.690800,2016-09-04 19:54:19.096023
2016-09-05,2016-09-05 19:24:40.223264,2016-09-05 19:52:39.678946
2016-09-06,2016-09-06 19:23:03.360568,2016-09-06 19:50:59.991374
2016-09-07,2016-09-07 19:21:26.131818,2016-09-07 19:49:20.063358
2016-09-08,2016-09-08 19:19:48.566049,2016-09-08 19:47:39.924793
2016-09-09,2016-09-09 19:18:10.692230,2016-09-09 19:45:59.605434
2016-09-10,2016-09-10 19:16:32.539276,2016-09-10 19:44:19.134910
2016-09-11,2016-09-11 19:14:54.136060,2016-09-11 19:42:38.542737
2016-09-12,2016-09-12 19:13:15.511425,2016-09-12 19:40:57.858331
2016-09-13,2016-09-13 19:11:36.694195,2016-09-13 19:39:17.111023
2016-09-14,2016-09-14 19:09:57.713188,2016-09-14 19:37:36.330074
2016-09-15,2016-09-15 19:08:18.597230,2016-09-15 19:35:55.544689
2016-09-16,2016-09-16 19:06:39.375167,2016-09-16 19:34:14.784031
2016-09-17,2016-09-17 19:05:00.075880,2016-09-17 19:32:34.077238
2016-09-18,2016-09-18 19:03:20.728294,2016-09-18 19:30:53.453434
2016-09-19,2016-09-19 19:01:41.361399,2016-09-19 19:29:12.941747
2016-09-20,2016-09-20 19:00:02.004254,2016-09-20 19:27:32.571321
2016-09-21,2016-09-21 18:58:22.686010,2016-09-21 19:25:52.371331
2016-09-22,2016-09-22 18:56:43.435915,2016-09-22 19:24:12.370993
2016-09-23,2016-09-23 18:55:04.283331,2016-09-23 19:22:32.599583
2016-09-24,2016-09-24 18:53:25.257749,2016-09-24 19:20:53.086446
2016-09-25,2016-09-25 18:51:46.388793,2016-09-25 19:19:13.861009
2016-09-26,2016-09-26 18:50:07.706242,2016-09-26 19:17:34.952789
2016-09-27,2016-09-27 18:48:29.240031,2016-09-27 19:15:56.391410
2016-09-28,2016-09-28 18:46:51.020272,2016-09-28 19:14:18.206609
2016-09-29,2016-09-29 18:45:13.077256,2016-09-29 19:12:40.428245
2016-09-30,2016-09-30 18:43:35.441465,2016-09-30 19:11:03.086308
2016-10-01,2016-10-01 18:41:58.143584,2016-10-01 19:09:26.210929
2016-10-02,2016-10-02 18:40:21.214504,2016-10-02 19:07:49.832382
2016-10-03,2016-10-03 18:38:44.685331,2016-10-03 19:06:13.981092
2016-10-04,2016-10-04 18:37:08.587393,2016-10-04 19:04:38.687641
2016-10-05,2016-10-05 18:35:32.952247,2016-10-05 19:03:03.982767
2016-10-06,2016-10-06 18:33:57.811678,2016-10-06 19:01:29.897372
2016-10-07,2016-10-07 18:32:23.197709,2016-10-07 18:59:56.462517
2016-10-08,2016-10-08 18:30:49.142597,2016-10-08 18:58:23.709428
2016-10-09,2016-10-09 18:29:15.678839,2016-10-09 18:56:51.669489
2016-10-10,2016-10-10 18:27:42.839172,2016-10-10 18:55:20.374247
2016-10-11,2016-10-11 18:26:10.656570,2016-10-11 18:53:49.855399
2016-10-12,2016-10-12 18:24:39.164242,2016-10-12 18:52:20.144794
2016-10-13,2016-10-13 18:23:08.395633,2016-10-13 18:50:51.274425
2016-10-14,2016-10-14 18:21:38.384413,2016-10-14 18:49:23.276421
2016-10-15,2016-10-15 18:20:09.164478,2016-10-15 18:47:56.183038
2016-10-16,2016-10-16 18:18:40.769940,2016-10-16 18:46:30.026650
2016-10-17,2016-10-17 18:17:13.235120,2016-10-17 18:45:04.839735
2016-10-18,2016-10-18 18:15:46.594536,2016-10-18 18:43:40.654867
2016-10-19,2016-10-19 18:14:20.882898,2016-10-19 18:42:17.504695
2016-10-20,2016-10-20 18:12:56.135093,2016-10-20 18:40:55.421937
2016-10-21,2016-10-21 18:11:32.386172,2016-10-21 18:39:34.439353
2016-10-22,2016-10-22 18:10:09.671335,2016-10-22 18:38:14.589734
2016-10-23,2016-10-23 18:08:48.025918,2016-10-23 18:36:55.905880
2016-10-24,2016-10-24 18:07:27.485374,2016-10-24 18:35:38.420582
2016-10-25,2016-10-25 18:06:08.085257,2016-10-25 18:34:22.166596
2016-10-26,2016-10-26 18:04:49.861196,2016-10-26 18:33:07.176622
2016-10-27,2016-10-27 18:03:32.848884,2016-10-27 18:31:53.483279
2016-10-28,2016-10-28 18:02:17.084046,2016-10-28 18:30:41.119082
2016-10-29,2016-10-29 18:01:02.602421,2016-10-29 18:29:30.116409
2016-10-30,2016-10-30 17:59:49.439733,2016-10-30 18:28:20.507479
2016-10-31,2016-10-31 17:58:37.631666,2016-10-31 18:27:12.324318
2016-11-01,2016-11-01 17:57:27.213836,2016-11-01 18:26:05.598730
2016-11-02,2016-11-02 17:56:18.221758,2016-11-02 18:25:00.362265
2016-11-03,2016-11-03 17:55:10.690819,2016-11-03 18:23:56.646185
2016-11-04,2016-11-04 17:54:04.656239,2016-11-04 18:22:54.481429
2016-11-05,2016-11-05 17:53:00.153041,2016-11-05 18:21:53.898579
2016-11-06,2016-11-06 16:51:57.216012,2016-11-06 17:20:54.927822
2016-11-07,2016-11-07 16:50:55.879665,2016-11-07 17:19:57.598910
2016-11-08,2016-11-08 16:49:56.178197,2016-11-08 17:19:01.941124
2016-11-09,2016-11-09 16:48:58.145453,2016-11-09 17:18:07.983231
2016-11-10,2016-11-10 16:48:01.814873,2016-11-10 17:17:15.753441
2016-11-11,2016-11-11 16:47:07.219456,2016-11-11 17:16:25.279370
2016-11-12,2016-11-12 16:46:14.391704,2016-11-12 17:15:36.587988
2016-11-13,2016-11-13 16:45:23.363580,2016-11-13 17:14:49.705582
2016-11-14,2016-11-14 16:44:34.166452,2016-11-14 17:14:04.657703
2016-11-15,2016-11-15 16:43:46.831041,2016-11-15 17:13:21.469122
2016-11-16,2016-11-16 16:43:01.387369,2016-11-16 17:12:40.163786
2016-11-17,2016-11-17 16:42:17.864698,2016-11-17 17:12:00.764761
2016-11-18,2016-11-18 16:41:36.291475,2016-11-18 17:11:23.294190
2016-11-19,2016-11-19 16:40:56.695271,2016-11-19 17:10:47.773238
2016-11-20,2016-11-20 16:40:19.102718,2016-11-20 17:10:14.222045
2016-11-21,2016-11-21 16:39:43.539450,2016-11-21 17:09:42.659672
2016-11-22,2016-11-22 16:39:10.030035,2016-11-22 17:09:13.104050
2016-11-23,2016-11-23 16:38:38.597911,2016-11-23 17:08:45.571931
2016-11-24,2016-11-24 16:38:09.265321,2016-11-24 17:08:20.078833
2016-11-25,2016-11-25 16:37:42.053241,2016-11-25 17:07:56.638991
2016-11-26,2016-11-26 16:37:16.981320,2016-11-26 17:07:35.265305
2016-11-27,2016-11-27 16:36:54.067804,2016-11-27 17:07:15.969290
2016-11-28,2016-11-28 16:36:33.329476,2016-11-28 17:06:58.761023
2016-11-29,2016-11-29 16:36:14.781580,2016-11-29 17:06:43.649103
2016-11-30,2016-11-30 16:35:58.437760,2016-11-30 17:06:30.640592
2016-12-01,2016-12-01 16:35:44.309992,2016-12-01 17:06:19.740980
2016-12-02,2016-12-02 16:35:32.408519,2016-12-02 17:06:10.954134
2016-12-03,2016-12-03 16:35:22.741787,2016-12-03 17:06:04.282258
2016-12-04,2016-12-04 16:35:15.316385,2016-12-04 17:05:59.725857
2016-12-05,2016-12-05 16:35:10.136989,2016-12-05 17:05:57.283695
2016-12-06,2016-12-06 16:35:07.206302,2016-12-06 17:05:56.952764
2016-12-07,2016-12-07 16:35:06.525007,2016-12-07 17:05:58.728253
2016-12-08,2016-12-08 16:35:08.091715,2016-12-08 17:06:02.603524
2016-12-09,2016-12-09 16:35:11.902922,2016-12-09 17:06:08.570085
2016-12-10,2016-12-10 16:35:17.952974,2016-12-10 17:06:16.617572
2016-12-11,2016-12-11 16:35:26.234029,2016-12-11 17:06:26.733739
2016-12-12,2016-12-12 16:35:36.736031,2016-12-12 17:06:38.904443
2016-12-13,2016-12-13 16:35:49.446688,2016-12-13 17:06:53.113645
2016-12-14,2016-12-14 16:36:04.351455,2016-12-14 17:07:09.343405
2016-12-15,2016-12-15 16:36:21.433528,2016-12-15 17:07:27.573894
2016-12-16,2016-12-16 16:36:40.673840,2016-12-16 17:07:47.783402
2016-12-17,2016-12-17 16:37:02.051066,2016-12-17 17:08:09.948358
2016-12-18,2016-12-18 16:37:25.541640,2016-12-18 17:08:34.043351
2016-12-19,2016-12-19 16:37:51.119770,2016-12-19 17:09:00.041161
2016-12-20,2016-12-20 16:38:18.757472,2016-12-20 17:09:27.912796
2016-12-21,2016-12-21 16:38:48.424600,2016-12-21 17:09:57.627528
2016-12-22,2016-12-22 16:39:20.088899,2016-12-22 17:10:29.152947
2016-12-23,2016-12-23 16:39:53.716047,2016-12-23 17:11:02.455009
2016-12-24,2016-12-24 16:40:29.269724,2016-12-24 17:11:37.498095
2016-12-25,2016-12-25 16:41:06.711673,2016-12-25 17:12:14.245080
2016-12-26,2016-12-26 16:41:46.001776,2016-12-26 17:12:52.657396
2016-12-27,2016-12-27 16:42:27.098137,2016-12-27 17:13:32.695113
2016-12-28,2016-12-28 16:43:09.957169,2016-12-28 17:14:14.317013
2016-12-29,2016-12-29 16:43:54.533689,2016-12-29 17:14:57.480680
2016-12-30,2016-12-30 16:44:40.781016,2016-12-30 17:15:42.142581
2016-12-31,2016-12-31 16:45:28.651082,2016-12-31 17:16:28.258166
2017-01-01,2017-01-01 16:46:18.094537,2017-01-01 17:17:15.781958
2017-01-02,2017-01-02 16:47:09.060865,2017-01-02 17:18:04.667651
2017-01-03,2017-01-03 16:48:01.498506,2017-01-03 17:18:54.868216
2017-01-04,2017-01-04 16:48:55.354972,2017-01-04 17:19:46.335998
2017-01-05,2017-01-05 16:49:50.576976,2017-01-05 17:20:39.022824
2017-01-06,2017-01-06 16:50:47.110555,2017-01-06 17:21:32.880108
2017-01-07,2017-01-07 16:51:44.901197,2017-01-07 17:22:27.858957
2017-01-08,2017-01-08 16:52:43.893972,2017-01-08 17:23:23.910277
2017-01-09,2017-01-09 16:53:44.033655,2017-01-09 17:24:20.984880
2017-01-10,2017-01-10 16:54:45.264855,2017-01-10 17:25:19.033587
2017-01-11,2017-01-11 16:55:47.532143,2017-01-11 17:26:18.007335
2017-01-12,2017-01-12 16:56:50.780173,2017-01-12 17:27:17.857277
2017-01-13,2017-01-13 16:57:54.953802,2017-01-13 17:28:18.534884
2017-01-14,2017-01-14 16:58:59.998215,2017-01-14 17:29:19.992041
2017-01-15,2017-01-15 17:00:05.859034,2017-01-15 17:30:22.181140
2017-01-16,2017-01-16 17:01:12.482430,2017-01-16 17:31:25.055178
2017-01-17,2017-01-17 17:02:19.815236,2017-01-17 17:32:28.567837
2017-01-18,2017-01-18 17:03:27.805043,2017-01-18 17:33:32.673574
2017-01-19,2017-01-19 17:04:36.400300,2017-01-19 17:34:37.327699
2017-01-20,2017-01-20 17:05:45.550408,2017-01-20 17:35:42.486448
2017-01-21,2017-01-21 17:06:55.205805,2017-01-21 17:36:48.107061
2017-01-22,2017-01-22 17:08:05.318048,2017-01-22 17:37:54.147838
2017-01-23,2017-01-23 17:09:15.839889,2017-01-23 17:39:00.568213
2017-01-24,2017-01-24 17:10:26.725344,2017-01-24 17:40:07.328799
2017-01-25,2017-01-25 17:11:37.929757,2017-01-25 17:41:14.391447
2017-01-26,2017-01-26 17:12:49.409856,2017-01-26 17:42:21.719292
2017-01-27,2017-01-27 17:14:01.123807,2017-01-27 17:43:29.276789
2017-01-28,2017-01-28 17:15:13.031257,2017-01-28 17:44:37.029757
2017-01-29,2017-01-29 17:16:25.093374,2017-01-29 17:45:44.945404
2017-01-30,2017-01-30 17:17:37.272880,2017-01-30 17:46:52.992356
2017-01-31,2017-01-31 17:18:49.534082,2017-01-31 17:48:01.140680
2017-02-01,2017-02-01 17:20:01.842887,2017-02-01 17:49:09.361899
2017-02-02,2017-02-02 17:21:14.166823,2017-02-02 17:50:17.629002
2017-02-03,2017-02-03 17:22:26.475052,2017-02-03 17:51:25.916456
2017-02-04,2017-02-04 17:23:38.738371,2017-02-04 17:52:34.200205
2017-02-05,2017-02-05 17:24:50.929215,2017-02-05 17:53:42.457672
2017-02-06,2017-02-06 17:26:03.021654,2017-02-06 17:54:50.667751
2017-02-07,2017-02-07 17:27:14.991383,2017-02-07 17:55:58.810802
2017-02-08,2017-02-08 17:28:26.815713,2017-02-08 17:57:06.868632
2017-02-09,2017-02-09 17:29:38.473549,2017-02-09 17:58:14.824487
2017-02-10,2017-02-10 17:30:49.945376,2017-02-10 17:59:22.663025
2017-02-11,2017-02-11 17:32:01.213229,2017-02-11 18:00:30.370299
2017-02-12,2017-02-12 17:33:12.260672,2017-02-12 18:01:37.933728
2017-02-13,2017-02-13 17:34:23.072764,2017-02-13 18:02:45.342072
2017-02-14,2017-02-14 17:35:33.636029,2017-02-14 18:03:52.585400
2017-02-15,2017-02-15 17:36:43.938417,2017-02-15 18:04:59.655060
2017-02-16,2017-02-16 17:37:53.969272,2017-02-16 18:06:06.543641
2017-02-17,2017-02-17 17:39:03.719289,2017-02-17 18:07:13.244938
2017-02-18,2017-02-18 17:40:13.180475,2017-02-18 18:08:19.753917
2017-02-19,2017-02-19 17:41:22.346103,2017-02-19 18:09:26.066673
2017-02-20,2017-02-20 17:42:31.210673,2017-02-20 18:10:32.180387
2017-02-21,2017-02-21 17:43:39.769862,2017-02-21 18:11:38.093293
2017-02-22,2017-02-22 17:44:48.020482,2017-02-22 18:12:43.804627
2017-02-23,2017-02-23 17:45:55.960431,2017-02-23 18:13:49.314588
2017-02-24,2017-02-24 17:47:03.588648,2017-02-24 18:14:54.624293
2017-02-25,2017-02-25 17:48:10.905061,2017-02-25 18:15:59.735738
2017-02-26,2017-02-26 17:49:17.910545,2017-02-26 18:17:04.651744
2017-02-27,2017-02-27 17:50:24.606869,2017-02-27 18:18:09.375923
2017-02-28,2017-02-28 17:51:30.996651,2017-02-28 18:19:13.912628
2017-03-01,2017-03-01 17:52:37.083308,2017-03-01 18:20:18.266907
2017-03-02,2017-03-02 17:53:42.871013,2017-03-02 18:21:22.444466
2017-03-03,2017-03-03 17:54:48.364642,2017-03-03 18:22:26.451617
2017-03-04,2017-03-04 17:55:53.569731,2017-03-04 18:23:30.295241
2017-03-05,2017-03-05 17:56:58.492430,2017-03-05 18:24:33.982742
2017-03-06,2017-03-06 17:58:03.139456,2017-03-06 18:25:37.522003
2017-03-07,2017-03-07 17:59:07.518048,2017-03-07 18:26:40.921348
2017-03-08,2017-03-08 18:00:11.635926,2017-03-08 18:27:44.189496
2017-03-09,2017-03-09 18:01:15.501244,2017-03-09 18:28:47.335525
2017-03-10,2017-03-10 18:02:19.122550,2017-03-10 18:29:50.368825
2017-03-11,2017-03-11 18:03:22.508742,2017-03-11 18:30:53.299067
2017-03-12,2017-03-12 19:04:25.669029,2017-03-12 19:31:56.136156
2017-03-13,2017-03-13 19:05:28.612892,2017-03-13 19:32:58.890198
2017-03-14,2017-03-14 19:06:31.350040,2017-03-14 19:34:01.571460
2017-03-15,2017-03-15 19:07:33.890376,2017-03-15 19:35:04.190331
2017-03-16,2017-03-16 19:08:36.243960,2017-03-16 19:36:06.757291
2017-03-17,2017-03-17 19:09:38.420967,2017-03-17 19:37:09.282871
2017-03-18,2017-03-18 19:10:40.431655,2017-03-18 19:38:11.777618
2017-03-19,2017-03-19 19:11:42.286330,2017-03-19 19:39:14.252060
2017-03-20,2017-03-20 19:12:43.995308,2017-03-20 19:40:16.716674
2017-03-21,2017-03-21 19:13:45.568883,2017-03-21 19:41:19.181850
2017-03-22,2017-03-22 19:14:47.017294,2017-03-22 19:42:21.657858
2017-03-23,2017-03-23 19:15:48.350692,2017-03-23 19:43:24.154815
2017-03-24,2017-03-24 19:16:49.579106,2017-03-24 19:44:26.682652
2017-03-25,2017-03-25 19:17:50.712410,2017-03-25 19:45:29.251082
2017-03-26,2017-03-26 19:18:51.760297,2017-03-26 19:46:31.869567
2017-03-27,2017-03-27 19:19:52.732243,2017-03-27 19:47:34.547285
2017-03-28,2017-03-28 19:20:53.637476,2017-03-28 19:48:37.293102
2017-03-29,2017-03-29 19:21:54.484948,2017-03-29 19:49:40.115534
2017-03-30,2017-03-30 19:22:55.283303,2017-03-30 19:50:43.022718
2017-03-31,2017-03-31 19:23:56.040848,2017-03-31 19:51:46.022384
2017-04-01,2017-04-01 19:24:56.765522,2017-04-01 19:52:49.121814
2017-04-02,2017-04-02 19:25:57.464865,2017-04-02 19:53:52.327819
2017-04-03,2017-04-03 19:26:58.145992,2017-04-03 19:54:55.646702
2017-04-04,2017-04-04 19:27:58.815558,2017-04-04 19:55:59.084224
2017-04-05,2017-04-05 19:28:59.479734,2017-04-05 19:57:02.645577
2017-04-06,2017-04-06 19:30:00.144173,2017-04-06 19:58:06.335347
2017-04-07,2017-04-07 19:31:00.813981,2017-04-07 19:59:10.157484
2017-04-08,2017-04-08 19:32:01.493690,2017-04-08 20:00:14.115267
2017-04-09,2017-04-09 19:33:02.187224,2017-04-09 20:01:18.211270
2017-04-10,2017-04-10 19:34:02.897874,2017-04-10 20:02:22.447332
2017-04-11,2017-04-11 19:35:03.628264,2017-04-11 20:03:26.824521
2017-04-12,2017-04-12 19:36:04.380327,2017-04-12 20:04:31.343102
2017-04-13,2017-04-13 19:37:05.155267,2017-04-13 20:05:36.002503
2017-04-14,2017-04-14 19:38:05.953540,2017-04-14 20:06:40.801280
2017-04-15,2017-04-15 19:39:06.774817,2017-04-15 20:07:45.737086
2017-04-16,2017-04-16 19:40:07.617958,2017-04-16 20:08:50.806637
2017-04-17,2017-04-17 19:41:08.480984,2017-04-17 20:09:56.005676
2017-04-18,2017-04-18 19:42:09.361047,2017-04-18 20:11:01.328946
2017-04-19,2017-04-19 19:43:10.254405,2017-04-19 20:12:06.770152
2017-04-20,2017-04-20 19:44:11.156390,2017-04-20 20:13:12.321931
2017-04-21,2017-04-21 19:45:12.061387,2017-04-21 20:14:17.975825
2017-04-22,2017-04-22 19:46:12.962806,2017-04-22 20:15:23.722242
2017-04-23,2017-04-23 19:47:13.853054,2017-04-23 20:16:29.550434
2017-04-24,2017-04-24 19:48:14.723517,2017-04-24 20:17:35.448465
2017-04-25,2017-04-25 19:49:15.564532,2017-04-25 20:18:41.403186
2017-04-26,2017-04-26 19:50:16.365369,2017-04-26 20:19:47.400207
2017-04-27,2017-04-27 19:51:17.114205,2017-04-27 20:20:53.423871
2017-04-28,2017-04-28 19:52:17.798116,2017-04-28 20:21:59.457237
2017-04-29,2017-04-29 19:53:18.403047,2017-04-29 20:23:05.482056
2017-04-30,2017-04-30 19:54:18.913809,2017-04-30 20:24:11.478752
2017-05-01,2017-05-01 19:55:19.314055,2017-05-01 20:25:17.426406
2017-05-02,2017-05-02 19:56:19.586278,2017-05-02 20:26:23.302744
2017-05-03,2017-05-03 19:57:19.711797,2017-05-03 20:27:29.084126
2017-05-04,2017-05-04 19:58:19.670752,2017-05-04 20:28:34.745535
2017-05-05,2017-05-05 19:59:19.442100,2017-05-05 20:29:40.260576
2017-05-06,2017-05-06 20:00:19.003615,2017-05-06 20:30:45.601473
2017-05-07,2017-05-07 20:01:18.331891,2017-05-07 20:31:50.739072
2017-05-08,2017-05-08 20:02:17.402343,2017-05-08 20:32:55.642844
2017-05-09,2017-05-09 20:03:16.189221,2017-05-09 20:34:00.280899
2017-05-10,2017-05-10 20:04:14.665617,2017-05-10 20:35:04.619998
2017-05-11,2017-05-11 20:05:12.803482,2017-05-11 20:36:08.625572
2017-05-12,2017-05-12 20:06:10.573645,2017-05-12 20:37:12.261745
2017-05-13,2017-05-13 20:07:07.945833,2017-05-13 20:38:15.491360
2017-05-14,2017-05-14 20:08:04.888702,2017-05-14 20:39:18.276013
2017-05-15,2017-05-15 20:09:01.369862,2017-05-15 20:40:20.576092
2017-05-16,2017-05-16 20:09:57.355914,2017-05-16 20:41:22.350815
2017-05-17,2017-05-17 20:10:52.812484,2017-05-17 20:42:23.558281
2017-05-18,2017-05-18 20:11:47.704270,2017-05-18 20:43:24.155521
2017-05-19,2017-05-19 20:12:41.995082,2017-05-19 20:44:24.098558
2017-05-20,2017-05-20 20:13:35.647899,2017-05-20 20:45:23.342464
2017-05-21,2017-05-21 20:14:28.624912,2017-05-21 20:46:21.841435
2017-05-22,2017-05-22 20:15:20.887590,2017-05-22 20:47:19.548862
2017-05-23,2017-05-23 20:16:12.396738,2017-05-23 20:48:16.417404
2017-05-24,2017-05-24 20:17:03.112560,2017-05-24 20:49:12.399078
2017-05-25,2017-05-25 20:17:52.994731,2017-05-25 20:50:07.445343
2017-05-26,2017-05-26 20:18:42.002461,2017-05-26 20:51:01.507189
2017-05-27,2017-05-27 20:19:30.094577,2017-05-27 20:51:54.535240
2017-05-28,2017-05-28 20:20:17.229596,2017-05-28 20:52:46.479847
2017-05-29,2017-05-29 20:21:03.365807,2017-05-29 20:53:37.291196
2017-05-30,2017-05-30 20:21:48.461349,2017-05-30 20:54:26.919410
2017-05-31,2017-05-31 20:22:32.474301,2017-05-31 20:55:15.314665
2017-06-01,2017-06-01 20:23:15.362764,2017-06-01 20:56:02.427295
2017-06-02,2017-06-02 20:23:57.084950,2017-06-02 20:56:48.207909
2017-06-03,2017-06-03 20:24:37.599269,2017-06-03 20:57:32.607506
2017-06-04,2017-06-04 20:25:16.864420,2017-06-04 20:58:15.577591
2017-06-05,2017-06-05 20:25:54.839481,2017-06-05 20:58:57.070289
2017-06-06,2017-06-06 20:26:31.483997,2017-06-06 20:59:37.038465
2017-06-07,2017-06-07 20:27:06.758070,2017-06-07 21:00:15.435835
2017-06-08,2017-06-08 20:27:40.622448,2017-06-08 21:00:52.217083
2017-06-09,2017-06-09 20:28:13.038611,2017-06-09 21:01:27.337971
2017-06-10,2017-06-10 20:28:43.968860,2017-06-10 21:02:00.755450
2017-06-11,2017-06-11 20:29:13.376395,2017-06-11 21:02:32.427765
2017-06-12,2017-06-12 20:29:41.225402,2017-06-12 21:03:02.314560
2017-06-13,2017-06-13 20:30:07.481129,2017-06-13 21:03:30.376972
2017-06-14,2017-06-14 20:30:32.109963,2017-06-14 21:03:56.577730
2017-06-15,2017-06-15 20:30:55.079500,2017-06-15 21:04:20.881240
2017-06-16,2017-06-16 20:31:16.358618,2017-06-16 21:04:43.253668
2017-06-17,2017-06-17 20:31:35.917536,2017-06-17 21:05:03.663019
2017-06-18,2017-06-18 20:31:53.727879,2017-06-18 21:05:22.079205
2017-06-19,2017-06-19 20:32:09.762730,2017-06-19 21:05:38.474112
2017-06-20,2017-06-20 20:32:23.996686,2017-06-20 21:05:52.821651
2017-06-21,2017-06-21 20:32:36.405899,2017-06-21 21:06:05.097812
2017-06-22,2017-06-22 20:32:46.968123,2017-06-22 21:06:15.280703
2017-06-23,2017-06-23 20:32:55.662742,2017-06-23 21:06:23.350586
2017-06-24,2017-06-24 20:33:02.470811,2017-06-24 21:06:29.289901
2017-06-25,2017-06-25 20:33:07.375073,2017-06-25 21:06:33.083289
2017-06-26,2017-06-26 20:33:10.359985,2017-06-26 21:06:34.717600
2017-06-27,2017-06-27 20:33:11.411730,2017-06-27 21:06:34.181895
2017-06-28,2017-06-28 20:33:10.518227,2017-06-28 21:06:31.467449
2017-06-29,2017-06-29 20:33:07.669140,2017-06-29 21:06:26.567735
2017-06-30,2017-06-30 20:33:02.855872,2017-06-30 21:06:19.478408
2017-07-01,2017-07-01 20:32:56.071565,2017-07-01 21:06:10.197280
2017-07-02,2017-07-02 20:32:47.311087,2017-07-02 21:05:58.724294
2017-07-03,2017-07-03 20:32:36.571019,2017-07-03 21:05:45.061481
2017-07-04,2017-07-04 20:32:23.849637,2017-07-04 21:05:29.212926
2017-07-05,2017-07-05 20:32:09.146890,2017-07-05 21:05:11.184714
2017-07-06,2017-07-06 20:31:52.464373,2017-07-06 21:04:50.984884
2017-07-07,2017-07-07 20:31:33.805295,2017-07-07 21:04:28.623372
2017-07-08,2017-07-08 20:31:13.174450,2017-07-08 21:04:04.111949
2017-07-09,2017-07-09 20:30:50.578178,2017-07-09 21:03:37.464162
2017-07-10,2017-07-10 20:30:26.024328,2017-07-10 21:03:08.695270
2017-07-11,2017-07-11 20:29:59.522213,2017-07-11 21:02:37.822168
2017-07-12,2017-07-12 20:29:31.082572,2017-07-12 21:02:04.863328
2017-07-13,2017-07-13 20:29:00.717518,2017-07-13 21:01:29.838717
2017-07-14,2017-07-14 20:28:28.440495,2017-07-14 21:00:52.769736
2017-07-15,2017-07-15 20:27:54.266230,2017-07-15 21:00:13.679135
2017-07-16,2017-07-16 20:27:18.210679,2017-07-16 20:59:32.590948
2017-07-17,2017-07-17 20:26:40.290981,2017-07-17 20:58:49.530416
2017-07-18,2017-07-18 20:26:00.525403,2017-07-18 20:58:04.523915
2017-07-19,2017-07-19 20:25:18.933291,2017-07-19 20:57:17.598881
2017-07-20,2017-07-20 20:24:35.535016,2017-07-20 20:56:28.783741
2017-07-21,2017-07-21 20:23:50.351924,2017-07-21 20:55:38.107841
2017-07-22,2017-07-22 20:23:03.406281,2017-07-22 20:54:45.601377
2017-07-23,2017-07-23 20:22:14.721226,2017-07-23 20:53:51.295328
2017-07-24,2017-07-24 20:21:24.320716,2017-07-24 20:52:55.221386
2017-07-25,2017-07-25 20:20:32.229476,2017-07-25 20:51:57.411901
2017-07-26,2017-07-26 20:19:38.472953,2017-07-26 20:50:57.899807
2017-07-27,2017-07-27 20:18:43.077264,2017-07-27 20:49:56.718573
2017-07-28,2017-07-28 20:17:46.069149,2017-07-28 20:48:53.902138
2017-07-29,2017-07-29 20:16:47.475926,2017-07-29 20:47:49.484859
2017-07-30,2017-07-30 20:15:47.325442,2017-07-30 20:46:43.501456
2017-07-31,2017-07-31 20:14:45.646033,2017-07-31 20:45:35.986964
2017-08-01,2017-08-01 20:13:42.466481,2017-08-01 20:44:26.976682
2017-08-02,2017-08-02 20:12:37.815969,2017-08-02 20:43:16.506127
2017-08-03,2017-08-03 20:11:31.724046,2017-08-03 20:42:04.610993
2017-08-04,2017-08-04 20:10:24.220583,2017-08-04 20:40:51.327109
2017-08-05,2017-08-05 20:09:15.335743,2017-08-05 20:39:36.690397
2017-08-06,2017-08-06 20:08:05.099939,2017-08-06 20:38:20.736839
2017-08-07,2017-08-07 20:06:53.543807,2017-08-07 20:37:03.502444
2017-08-08,2017-08-08 20:05:40.698166,2017-08-08 20:35:45.023212
2017-08-09,2017-08-09 20:04:26.593997,2017-08-09 20:34:25.335108
2017-08-10,2017-08-10 20:03:11.262403,2017-08-10 20:33:04.474030
2017-08-11,2017-08-11 20:01:54.734593,2017-08-11 20:31:42.475791
2017-08-12,2017-08-12 20:00:37.041848,2017-08-12 20:30:19.376089
2017-08-13,2017-08-13 19:59:18.215501,2017-08-13 20:28:55.210487
2017-08-14,2017-08-14 19:57:58.286913,2017-08-14 20:27:30.014396
2017-08-15,2017-08-15 19:56:37.287452,2017-08-15 20:26:03.823058
2017-08-16,2017-08-16 19:55:15.248476,2017-08-16 20:24:36.671525
2017-08-17,2017-08-17 19:53:52.201313,2017-08-17 20:23:08.594653
2017-08-18,2017-08-18 19:52:28.177243,2017-08-18 20:21:39.627083
2017-08-19,2017-08-19 19:51:03.207489,2017-08-19 20:20:09.803236
2017-08-20,2017-08-20 19:49:37.323199,2017-08-20 20:18:39.157300
2017-08-21,2017-08-21 19:48:10.555434,2017-08-21 20:17:07.723226
2017-08-22,2017-08-22 19:46:42.935164,2017-08-22 20:15:35.534720
2017-08-23,2017-08-23 19:45:14.493251,2017-08-23 20:14:02.625243
2017-08-24,2017-08-24 19:43:45.260446,2017-08-24 20:12:29.028001
2017-08-25,2017-08-25 19:42:15.267385,2017-08-25 20:10:54.775953
2017-08-26,2017-08-26 19:40:44.544580,2017-08-26 20:09:19.901802
2017-08-27,2017-08-27 19:39:13.122416,2017-08-27 20:07:44.438002
2017-08-28,2017-08-28 19:37:41.031155,2017-08-28 20:06:08.416760
2017-08-29,2017-08-29 19:36:08.300926,2017-08-29 20:04:31.870036
2017-08-30,2017-08-30 19:34:34.961734,2017-08-30 20:02:54.829551
2017-08-31,2017-08-31 19:33:01.043455,2017-08-31 20:01:17.326794
2017-09-01,2017-09-01 19:31:26.575844,2017-09-01 19:59:39.393023
2017-09-02,2017-09-02 19:29:51.588534,2017-09-02 19:58:01.059281
2017-09-03,2017-09-03 19:28:16.111046,2017-09-03 19:56:22.356395
2017-09-04,2017-09-04 19:26:40.172789,2017-09-04 19:54:43.314995
2017-09-05,2017-09-05 19:25:03.803072,2017-09-05 19:53:03.965518
2017-09-06,2017-09-06 19:23:27.031109,2017-09-06 19:51:24.338221
2017-09-07,2017-09-07 19:21:49.886027,2017-09-07 19:49:44.463193
2017-09-08,2017-09-08 19:20:12.396877,2017-09-08 19:48:04.370365
2017-09-09,2017-09-09 19:18:34.592644,2017-09-09 19:46:24.089526
2017-09-10,2017-09-10 19:16:56.502254,2017-09-10 19:44:43.650336
2017-09-11,2017-09-11 19:15:18.154589,2017-09-11 19:43:03.082335
2017-09-12,2017-09-12 19:13:39.578499,2017-09-12 19:41:22.414963
2017-09-13,2017-09-13 19:12:00.802812,2017-09-13 19:39:41.677569
2017-09-14,2017-09-14 19:10:21.856345,2017-09-14 19:38:00.899431
2017-09-15,2017-09-15 19:08:42.767921,2017-09-15 19:36:20.109766
2017-09-16,2017-09-16 19:07:03.566381,2017-09-16 19:34:39.337745
2017-09-17,2017-09-17 19:05:24.280595,2017-09-17 19:32:58.612511
2017-09-18,2017-09-18 19:03:44.939475,2017-09-18 19:31:17.963189
2017-09-19,2017-09-19 19:02:05.571995,2017-09-19 19:29:37.418906
2017-09-20,2017-09-20 19:00:26.207196,2017-09-20 19:27:57.008800
2017-09-21,2017-09-21 18:58:46.874204,2017-09-21 19:26:16.762036
2017-09-22,2017-09-22 18:57:07.602243,2017-09-22 19:24:36.707820
2017-09-23,2017-09-23 18:55:28.420646,2017-09-23 19:22:56.875411
2017-09-24,2017-09-24 18:53:49.358869,2017-09-24 19:21:17.294136
2017-09-25,2017-09-25 18:52:10.446505,2017-09-25 19:19:37.993400
2017-09-26,2017-09-26 18:50:31.713291,2017-09-26 19:17:59.002698
2017-09-27,2017-09-27 18:48:53.189126,2017-09-27 19:16:20.351626
2017-09-28,2017-09-28 18:47:14.904075,2017-09-28 19:14:42.069892
2017-09-29,2017-09-29 18:45:36.888385,2017-09-29 19:13:04.187325
2017-09-30,2017-09-30 18:43:59.172490,2017-09-30 19:11:26.733882
2017-10-01,2017-10-01 18:42:21.787026,2017-10-01 19:09:49.739658
2017-10-02,2017-10-02 18:40:44.762830,2017-10-02 19:08:13.234891
2017-10-03,2017-10-03 18:39:08.130958,2017-10-03 19:06:37.249970
2017-10-04,2017-10-04 18:37:31.922681,2017-10-04 19:05:01.815437
2017-10-05,2017-10-05 18:35:56.169500,2017-10-05 19:03:26.961992
2017-10-06,2017-10-06 18:34:20.903145,2017-10-06 19:01:52.720496
2017-10-07,2017-10-07 18:32:46.155577,2017-10-07 19:00:19.121971
2017-10-08,2017-10-08 18:31:11.958999,2017-10-08 18:58:46.197603
2017-10-09,2017-10-09 18:29:38.345848,2017-10-09 18:57:13.978739
2017-10-10,2017-10-10 18:28:05.348802,2017-10-10 18:55:42.496883
2017-10-11,2017-10-11 18:26:33.000777,2017-10-11 18:54:11.783698
2017-10-12,2017-10-12 18:25:01.334925,2017-10-12 18:52:41.870995
2017-10-13,2017-10-13 18:23:30.384634,2017-10-13 18:51:12.790734
2017-10-14,2017-10-14 18:22:00.183519,2017-10-14 18:49:44.575010
2017-10-15,2017-10-15 18:20:30.765421,2017-10-15 18:48:17.256049
2017-10-16,2017-10-16 18:19:02.164400,2017-10-16 18:46:50.866197
2017-10-17,2017-10-17 18:17:34.414726,2017-10-17 18:45:25.437908
2017-10-18,2017-10-18 18:16:07.550871,2017-10-18 18:44:01.003733
2017-10-19,2017-10-19 18:14:41.607499,2017-10-19 18:42:37.596306
2017-10-20,2017-10-20 18:13:16.619453,2017-10-20 18:41:15.248326
2017-10-21,2017-10-21 18:11:52.621746,2017-10-21 18:39:53.992547
2017-10-22,2017-10-22 18:10:29.649544,2017-10-22 18:38:33.861753
2017-10-23,2017-10-23 18:09:07.738150,2017-10-23 18:37:14.888744
2017-10-24,2017-10-24 18:07:46.922990,2017-10-24 18:35:57.106314
2017-10-25,2017-10-25 18:06:27.239594,2017-10-25 18:34:40.547231
2017-10-26,2017-10-26 18:05:08.723577,2017-10-26 18:33:25.244209
2017-10-27,2017-10-27 18:03:51.410616,2017-10-27 18:32:11.229891
2017-10-28,2017-10-28 18:02:35.336430,2017-10-28 18:30:58.536817
2017-10-29,2017-10-29 18:01:20.536758,2017-10-29 18:29:47.197403
2017-10-30,2017-10-30 18:00:07.047329,2017-10-30 18:28:37.243909
2017-10-31,2017-10-31 17:58:54.903840,2017-10-31 18:27:28.708410
2017-11-01,2017-11-01 17:57:44.141925,2017-11-01 18:26:21.622768
2017-11-02,2017-11-02 17:56:34.797128,2017-11-02 18:25:16.018597
2017-11-03,2017-11-03 17:55:26.904868,2017-11-03 18:24:11.927232
2017-11-04,2017-11-04 17:54:20.500411,2017-11-04 18:23:09.379695
2017-11-05,2017-11-05 16:53:15.618829,2017-11-05 17:22:08.406658
2017-11-06,2017-11-06 16:52:12.294971,2017-11-06 17:21:09.038406
2017-11-07,2017-11-07 16:51:10.563420,2017-11-07 17:20:11.304803
2017-11-08,2017-11-08 16:50:10.458455,2017-11-08 17:19:15.235247
2017-11-09,2017-11-09 16:49:12.014009,2017-11-09 17:18:20.858634
2017-11-10,2017-11-10 16:48:15.263625,2017-11-10 17:17:28.203314
2017-11-11,2017-11-11 16:47:20.240415,2017-11-11 17:16:37.297053
2017-11-12,2017-11-12 16:46:26.977006,2017-11-12 17:15:48.166981
2017-11-13,2017-11-13 16:45:35.505496,2017-11-13 17:15:00.839556
2017-11-14,2017-11-14 16:44:45.857405,2017-11-14 17:14:15.340513
2017-11-15,2017-11-15 16:43:58.063616,2017-11-15 17:13:31.694819
2017-11-16,2017-11-16 16:43:12.154326,2017-11-16 17:12:49.926624
2017-11-17,2017-11-17 16:42:28.158989,2017-11-17 17:12:10.059214
2017-11-18,2017-11-18 16:41:46.106255,2017-11-18 17:11:32.114963
2017-11-19,2017-11-19 16:41:06.023914,2017-11-19 17:10:56.115279
2017-11-20,2017-11-20 16:40:27.938836,2017-11-20 17:10:22.080556
2017-11-21,2017-11-21 16:39:51.876902,2017-11-21 17:09:50.030123
2017-11-22,2017-11-22 16:39:17.862946,2017-11-22 17:09:19.982192
2017-11-23,2017-11-23 16:38:45.920690,2017-11-23 17:08:51.953808
2017-11-24,2017-11-24 16:38:16.072673,2017-11-24 17:08:25.960794
2017-11-25,2017-11-25 16:37:48.340189,2017-11-25 17:08:02.017703
2017-11-26,2017-11-26 16:37:22.743215,2017-11-26 17:07:40.137766
2017-11-27,2017-11-27 16:36:59.300348,2017-11-27 17:07:20.332840
2017-11-28,2017-11-28 16:36:38.028732,2017-11-28 17:07:02.613359
2017-11-29,2017-11-29 16:36:18.943996,2017-11-29 17:06:46.988286
2017-11-30,2017-11-30 16:36:02.060180,2017-11-30 17:06:33.465064
2017-12-01,2017-12-01 16:35:47.389674,2017-12-01 17:06:22.049569
2017-12-02,2017-12-02 16:35:34.943149,2017-12-02 17:06:12.746070
2017-12-03,2017-12-03 16:35:24.729496,2017-12-03 17:06:05.557180
2017-12-04,2017-12-04 16:35:16.755765,2017-12-04 17:06:00.483823
2017-12-05,2017-12-05 16:35:11.027104,2017-12-05 17:05:57.525191
2017-12-06,2017-12-06 16:35:07.546702,2017-12-06 17:05:56.678711
2017-12-07,2017-12-07 16:35:06.315741,2017-12-07 17:05:57.940017
2017-12-08,2017-12-08 16:35:07.333343,2017-12-08 17:06:01.302919
2017-12-09,2017-12-09 16:35:10.596524,2017-12-09 17:06:06.759378
2017-12-10,2017-12-10 16:35:16.100159,2017-12-10 17:06:14.299491
2017-12-11,2017-12-11 16:35:23.836943,2017-12-11 17:06:23.911471
2017-12-12,2017-12-12 16:35:33.797364,2017-12-12 17:06:35.581641
2017-12-13,2017-12-13 16:35:45.969678,2017-12-13 17:06:49.294424
2017-12-14,2017-12-14 16:36:00.339892,2017-12-14 17:07:05.032344
2017-12-15,2017-12-15 16:36:16.891755,2017-12-15 17:07:22.776034
2017-12-16,2017-12-16 16:36:35.606751,2017-12-16 17:07:42.504241
2017-12-17,2017-12-17 16:36:56.464108,2017-12-17 17:08:04.193847
2017-12-18,2017-12-18 16:37:19.440804,2017-12-18 17:08:27.819889
2017-12-19,2017-12-19 16:37:44.511591,2017-12-19 17:08:53.355585
2017-12-20,2017-12-20 16:38:11.649015,2017-12-20 17:09:20.772372
2017-12-21,2017-12-21 16:38:40.823457,2017-12-21 17:09:50.039944
2017-12-22,2017-12-22 16:39:12.003171,2017-12-22 17:10:21.126295
2017-12-23,2017-12-23 16:39:45.154336,2017-12-23 17:10:53.997776
2017-12-24,2017-12-24 16:40:20.241115,2017-12-24 17:11:28.619148
2017-12-25,2017-12-25 16:40:57.225716,2017-12-25 17:12:04.953647
2017-12-26,2017-12-26 16:41:36.068469,2017-12-26 17:12:42.963051
2017-12-27,2017-12-27 16:42:16.727905,2017-12-27 17:13:22.607756
2017-12-28,2017-12-28 16:42:59.160841,2017-12-28 17:14:03.846851
2017-12-29,2017-12-29 16:43:43.322475,2017-12-29 17:14:46.638205
2017-12-30,2017-12-30 16:44:29.166484,2017-12-30 17:15:30.938549
2017-12-31,2017-12-31 16:45:16.645127,2017-12-31 17:16:16.703574
2018-01-01,2018-01-01 16:46:05.709356,2018-01-01 17:17:03.888019
2018-01-02,2018-01-02 16:46:56.308932,2018-01-02 17:17:52.445773
2018-01-03,2018-01-03 16:47:48.392535,2018-01-03 17:18:42.329973
2018-01-04,2018-01-04 16:48:41.907896,2018-01-04 17:19:33.493108
2018-01-05,2018-01-05 16:49:36.801909,2018-01-05 17:20:25.887122
2018-01-06,2018-01-06 16:50:33.020765,2018-01-06 17:21:19.463521
2018-01-07,2018-01-07 16:51:30.510075,2018-01-07 17:22:14.173477
2018-01-08,2018-01-08 16:52:29.214999,2018-01-08 17:23:09.967934
2018-01-09,2018-01-09 16:53:29.080370,2018-01-09 17:24:06.797719
2018-01-10,2018-01-10 16:54:30.050829,2018-01-10 17:25:04.613640
2018-01-11,2018-01-11 16:55:32.070943,2018-01-11 17:26:03.366598
2018-01-12,2018-01-12 16:56:35.085334,2018-01-12 17:27:03.007683
2018-01-13,2018-01-13 16:57:39.038799,2018-01-13 17:28:03.488279
2018-01-14,2018-01-14 16:58:43.876432,2018-01-14 17:29:04.760161
2018-01-15,2018-01-15 16:59:49.543736,2018-01-15 17:30:06.775590
2018-01-16,2018-01-16 17:00:55.986740,2018-01-16 17:31:09.487406
2018-01-17,2018-01-17 17:02:03.152104,2018-01-17 17:32:12.849117
2018-01-18,2018-01-18 17:03:10.987224,2018-01-18 17:33:16.814983
2018-01-19,2018-01-19 17:04:19.440333,2018-01-19 17:34:21.340098
2018-01-20,2018-01-20 17:05:28.460589,2018-01-20 17:35:26.380467
2018-01-21,2018-01-21 17:06:37.998170,2018-01-21 17:36:31.893076
2018-01-22,2018-01-22 17:07:48.004352,2018-01-22 17:37:37.835963
2018-01-23,2018-01-23 17:08:58.431589,2018-01-23 17:38:44.168279
2018-01-24,2018-01-24 17:10:09.233581,2018-01-24 17:39:50.850344
2018-01-25,2018-01-25 17:11:20.365342,2018-01-25 17:40:57.843703
2018-01-26,2018-01-26 17:12:31.783259,2018-01-26 17:42:05.111173
2018-01-27,2018-01-27 17:13:43.445140,2018-01-27 17:43:12.616884
2018-01-28,2018-01-28 17:14:55.310268,2018-01-28 17:44:20.326318
2018-01-29,2018-01-29 17:16:07.339436,2018-01-29 17:45:28.206342
2018-01-30,2018-01-30 17:17:19.494984,2018-01-30 17:46:36.225235
2018-01-31,2018-01-31 17:18:31.740828,2018-01-31 17:47:44.352710
2018-02-01,2018-02-01 17:19:44.042485,2018-02-01 17:48:52.559932
2018-02-02,2018-02-02 17:20:56.367085,2018-02-02 17:50:00.819533
2018-02-03,2018-02-03 17:22:08.683390,2018-02-03 17:51:09.105619
2018-02-04,2018-02-04 17:23:20.961797,2018-02-04 17:52:17.393774
2018-02-05,2018-02-05 17:24:33.174343,2018-02-05 17:53:25.661059
2018-02-06,2018-02-06 17:25:45.294698,2018-02-06 17:54:33.886011
2018-02-07,2018-02-07 17:26:57.298162,2018-02-07 17:55:42.048633
2018-02-08,2018-02-08 17:28:09.161653,2018-02-08 17:56:50.130380
2018-02-09,2018-02-09 17:29:20.863689,2018-02-09 17:57:58.114150
2018-02-10,2018-02-10 17:30:32.384371,2018-02-10 17:59:05.984257
2018-02-11,2018-02-11 17:31:43.705358,2018-02-11 18:00:13.726416
2018-02-12,2018-02-12 17:32:54.809843,2018-02-12 18:01:21.327717
2018-02-13,2018-02-13 17:34:05.682525,2018-02-13 18:02:28.776594
2018-02-14,2018-02-14 17:35:16.309571,2018-02-14 18:03:36.062801
2018-02-15,2018-02-15 17:36:26.678589,2018-02-15 18:04:43.177376
2018-02-16,2018-02-16 17:37:36.778585,2018-02-16 18:05:50.112609
2018-02-17,2018-02-17 17:38:46.599928,2018-02-17 18:06:56.862005
2018-02-18,2018-02-18 17:39:56.134309,2018-02-18 18:08:03.420248
2018-02-19,2018-02-19 17:41:05.374697,2018-02-19 18:09:09.783160
2018-02-20,2018-02-20 17:42:14.315296,2018-02-20 18:10:15.947663
2018-02-21,2018-02-21 17:43:22.951500,2018-02-21 18:11:21.911737
2018-02-22,2018-02-22 17:44:31.279849,2018-02-22 18:12:27.674378
2018-02-23,2018-02-23 17:45:39.297981,2018-02-23 18:13:33.235554
2018-02-24,2018-02-24 17:46:47.004584,2018-02-24 18:14:38.596163
2018-02-25,2018-02-25 17:47:54.399351,2018-02-25 18:15:43.757990
2018-02-26,2018-02-26 17:49:01.482929,2018-02-26 18:16:48.723661
2018-02-27,2018-02-27 17:50:08.256874,2018-02-27 18:17:53.496597
2018-02-28,2018-02-28 17:51:14.723601,2018-02-28 18:18:58.080975
2018-03-01,2018-03-01 17:52:20.886339,2018-03-01 18:20:02.481679
2018-03-02,2018-03-02 17:53:26.749078,2018-03-02 18:21:06.704258
2018-03-03,2018-03-03 17:54:32.316528,2018-03-03 18:22:10.754881
2018-03-04,2018-03-04 17:55:37.594070,2018-03-04 18:23:14.640294
2018-03-05,2018-03-05 17:56:42.587707,2018-03-05 18:24:18.367778
2018-03-06,2018-03-06 17:57:47.304022,2018-03-06 18:25:21.945103
2018-03-07,2018-03-07 17:58:51.750133,2018-03-07 18:26:25.380489
2018-03-08,2018-03-08 17:59:55.933644,2018-03-08 18:27:28.682565
2018-03-09,2018-03-09 18:00:59.862610,2018-03-09 18:28:31.860323
2018-03-10,2018-03-10 18:02:03.545485,2018-03-10 18:29:34.923083
2018-03-11,2018-03-11 19:03:06.991087,2018-03-11 19:30:37.880450
2018-03-12,2018-03-12 19:04:10.208553,2018-03-12 19:31:40.742276
2018-03-13,2018-03-13 19:05:13.207301,2018-03-13 19:32:43.518622
2018-03-14,2018-03-14 19:06:15.996988,2018-03-14 19:33:46.219718
2018-03-15,2018-03-15 19:07:18.587475,2018-03-15 19:34:48.855930
2018-03-16,2018-03-16 19:08:20.988786,2018-03-16 19:35:51.437718
2018-03-17,2018-03-17 19:09:23.211071,2018-03-17 19:36:53.975604
2018-03-18,2018-03-18 19:10:25.264573,2018-03-18 19:37:56.480133
2018-03-19,2018-03-19 19:11:27.159589,2018-03-19 19:38:58.961844
2018-03-20,2018-03-20 19:12:28.906435,2018-03-20 19:40:01.431229
2018-03-21,2018-03-21 19:13:30.515416,2018-03-21 19:41:03.898702
2018-03-22,2018-03-22 19:14:31.996786,2018-03-22 19:42:06.374566
2018-03-23,2018-03-23 19:15:33.360721,2018-03-23 19:43:08.868978
2018-03-24,2018-03-24 19:16:34.617282,2018-03-24 19:44:11.391919
2018-03-25,2018-03-25 19:17:35.776385,2018-03-25 19:45:13.953157
2018-03-26,2018-03-26 19:18:36.847771,2018-03-26 19:46:16.562218
2018-03-27,2018-03-27 19:19:37.840970,2018-03-27 19:47:19.228354
2018-03-28,2018-03-28 19:20:38.765275,2018-03-28 19:48:21.960509
2018-03-29,2018-03-29 19:21:39.629707,2018-03-29 19:49:24.767287
2018-03-30,2018-03-30 19:22:40.442989,2018-03-30 19:50:27.656922
2018-03-31,2018-03-31 19:23:41.213512,2018-03-31 19:51:30.637245
2018-04-01,2018-04-01 19:24:41.949308,2018-04-01 19:52:33.715651
2018-04-02,2018-04-02 19:25:42.658016,2018-04-02 19:53:36.899068
2018-04-03,2018-04-03 19:26:43.346859,2018-04-03 19:54:40.193925
2018-04-04,2018-04-04 19:27:44.022606,2018-04-04 19:55:43.606120
2018-04-05,2018-04-05 19:28:44.691548,2018-04-05 19:56:47.140985
2018-04-06,2018-04-06 19:29:45.359467,2018-04-06 19:57:50.803258
2018-04-07,2018-04-07 19:30:46.031605,2018-04-07 19:58:54.597045
2018-04-08,2018-04-08 19:31:46.712635,2018-04-08 19:59:58.525791
2018-04-09,2018-04-09 19:32:47.406634,2018-04-09 20:01:02.592246
2018-04-10,2018-04-10 19:33:48.117047,2018-04-10 20:02:06.798430
2018-04-11,2018-04-11 19:34:48.846665,2018-04-11 20:03:11.145601
2018-04-12,2018-04-12 19:35:49.597589,2018-04-12 20:04:15.634223
2018-04-13,2018-04-13 19:36:50.371205,2018-04-13 20:05:20.263930
2018-04-14,2018-04-14 19:37:51.168152,2018-04-14 20:06:25.033492
2018-04-15,2018-04-15 19:38:51.988294,2018-04-15 20:07:29.940784
2018-04-16,2018-04-16 19:39:52.830690,2018-04-16 20:08:34.982754
2018-04-17,2018-04-17 19:40:53.693568,2018-04-17 20:09:40.155382
2018-04-18,2018-04-18 19:41:54.574293,2018-04-18 20:10:45.453658
2018-04-19,2018-04-19 19:42:55.469341,2018-04-19 20:11:50.871540
2018-04-20,2018-04-20 19:43:56.374271,2018-04-20 20:12:56.401929
2018-04-21,2018-04-21 19:44:57.283702,2018-04-21 20:14:02.036632
2018-04-22,2018-04-22 19:45:58.191279,2018-04-22 20:15:07.766336
2018-04-23,2018-04-23 19:46:59.089656,2018-04-23 20:16:13.580575
2018-04-24,2018-04-24 19:47:59.970468,2018-04-24 20:17:19.467705
2018-04-25,2018-04-25 19:49:00.824307,2018-04-25 20:18:25.414870
2018-04-26,2018-04-26 19:50:01.640702,2018-04-26 20:19:31.407982
2018-04-27,2018-04-27 19:51:02.408098,2018-04-27 20:20:37.431695
2018-04-28,2018-04-28 19:52:03.113837,2018-04-28 20:21:43.469380
2018-04-29,2018-04-29 19:53:03.744139,2018-04-29 20:22:49.503104
2018-04-30,2018-04-30 19:54:04.284090,2018-04-30 20:23:55.513614
2018-05-01,2018-05-01 19:55:04.717624,2018-05-01 20:25:01.480316
2018-05-02,2018-05-02 19:56:05.027514,2018-05-02 20:26:07.381265
2018-05-03,2018-05-03 19:57:05.195364,2018-05-03 20:27:13.193150
2018-05-04,2018-05-04 19:58:05.201596,2018-05-04 20:28:18.891288
2018-05-05,2018-05-05 19:59:05.025455,2018-05-05 20:29:24.449616
2018-05-06,2018-05-06 20:00:04.644999,2018-05-06 20:30:29.840690
2018-05-07,2018-05-07 20:01:04.037106,2018-05-07 20:31:35.035688
2018-05-08,2018-05-08 20:02:03.177473,2018-05-08 20:32:40.004411
2018-05-09,2018-05-09 20:03:02.040630,2018-05-09 20:33:44.715296
2018-05-10,2018-05-10 20:04:00.599945,2018-05-10 20:34:49.135426
2018-05-11,2018-05-11 20:04:58.827643,2018-05-11 20:35:53.230551
2018-05-12,2018-05-12 20:05:56.694820,2018-05-12 20:36:56.965104
2018-05-13,2018-05-13 20:06:54.171465,2018-05-13 20:38:00.302234
2018-05-14,2018-05-14 20:07:51.226489,2018-05-14 20:39:03.203834
2018-05-15,2018-05-15 20:08:47.827748,2018-05-15 20:40:05.630577
2018-05-16,2018-05-16 20:09:43.942082,2018-05-16 20:41:07.541956
2018-05-17,2018-05-17 20:10:39.535347,2018-05-17 20:42:08.896334
2018-05-18,2018-05-18 20:11:34.572459,2018-05-18 20:43:09.650991
2018-05-19,2018-05-19 20:12:29.017435,2018-05-19 20:44:09.762186
2018-05-20,2018-05-20 20:13:22.833445,2018-05-20 20:45:09.185211
2018-05-21,2018-05-21 20:14:15.982866,2018-05-21 20:46:07.874464
2018-05-22,2018-05-22 20:15:08.427331,2018-05-22 20:47:05.783519
2018-05-23,2018-05-23 20:16:00.127797,2018-05-23 20:48:02.865202
2018-05-24,2018-05-24 20:16:51.044603,2018-05-24 20:48:59.071672
2018-05-25,2018-05-25 20:17:41.137543,2018-05-25 20:49:54.354511
2018-05-26,2018-05-26 20:18:30.365928,2018-05-26 20:50:48.664810
2018-05-27,2018-05-27 20:19:18.688668,2018-05-27 20:51:41.953267
2018-05-28,2018-05-28 20:20:06.064343,2018-05-28 20:52:34.170286
2018-05-29,2018-05-29 20:20:52.451286,2018-05-29 20:53:25.266077
2018-05-30,2018-05-30 20:21:37.807662,2018-05-30 20:54:15.190766
2018-05-31,2018-05-31 20:22:22.091552,2018-05-31 20:55:03.894498
2018-06-01,2018-06-01 20:23:05.261038,2018-06-01 20:55:51.327556
2018-06-02,2018-06-02 20:23:47.274294,2018-06-02 20:56:37.440467
2018-06-03,2018-06-03 20:24:28.089670,2018-06-03 20:57:22.184119
2018-06-04,2018-06-04 20:25:07.665784,2018-06-04 20:58:05.509879
2018-06-05,2018-06-05 20:25:45.961608,2018-06-05 20:58:47.369707
2018-06-06,2018-06-06 20:26:22.936562,2018-06-06 20:59:27.716273
2018-06-07,2018-06-07 20:26:58.550603,2018-06-07 21:00:06.503071
2018-06-08,2018-06-08 20:27:32.764308,2018-06-08 21:00:43.684536
2018-06-09,2018-06-09 20:28:05.538969,2018-06-09 21:01:19.216155
2018-06-10,2018-06-10 20:28:36.836677,2018-06-10 21:01:53.054575
2018-06-11,2018-06-11 20:29:06.620403,2018-06-11 21:02:25.157716
2018-06-12,2018-06-12 20:29:34.854083,2018-06-12 21:02:55.484867
2018-06-13,2018-06-13 20:30:01.502697,2018-06-13 21:03:23.996792
2018-06-14,2018-06-14 20:30:26.532348,2018-06-14 21:03:50.655823
2018-06-15,2018-06-15 20:30:49.910327,2018-06-15 21:04:15.425946
2018-06-16,2018-06-16 20:31:11.605194,2018-06-16 21:04:38.272891
2018-06-17,2018-06-17 20:31:31.586834,2018-06-17 21:04:59.164209
2018-06-18,2018-06-18 20:31:49.826524,2018-06-18 21:05:18.069339
2018-06-19,2018-06-19 20:32:06.296986,2018-06-19 21:05:34.959681
2018-06-20,2018-06-20 20:32:20.972444,2018-06-20 21:05:49.808648
2018-06-21,2018-06-21 20:32:33.828667,2018-06-21 21:06:02.591719
2018-06-22,2018-06-22 20:32:44.843015,2018-06-22 21:06:13.286485
2018-06-23,2018-06-23 20:32:53.994473,2018-06-23 21:06:21.872680
2018-06-24,2018-06-24 20:33:01.263686,2018-06-24 21:06:28.332214
2018-06-25,2018-06-25 20:33:06.632986,2018-06-25 21:06:32.649191
2018-06-26,2018-06-26 20:33:10.086412,2018-06-26 21:06:34.809924
2018-06-27,2018-06-27 20:33:11.609725,2018-06-27 21:06:34.802939
2018-06-28,2018-06-28 20:33:11.190424,2018-06-28 21:06:32.618973
2018-06-29,2018-06-29 20:33:08.817748,2018-06-29 21:06:28.250968
2018-06-30,2018-06-30 20:33:04.482681,2018-06-30 21:06:21.694051
2018-07-01,2018-07-01 20:32:58.177941,2018-07-01 21:06:12.945517
2018-07-02,2018-07-02 20:32:49.897981,2018-07-02 21:06:02.004793
2018-07-03,2018-07-03 20:32:39.638967,2018-07-03 21:05:48.873410
2018-07-04,2018-07-04 20:32:27.398770,2018-07-04 21:05:33.554960
2018-07-05,2018-07-05 20:32:13.176933,2018-07-05 21:05:16.055048
2018-07-06,2018-07-06 20:31:56.974656,2018-07-06 21:04:56.381246
2018-07-07,2018-07-07 20:31:38.794763,2018-07-07 21:04:34.543038
2018-07-08,2018-07-08 20:31:18.641666,2018-07-08 21:04:10.551757
2018-07-09,2018-07-09 20:30:56.521337,2018-07-09 21:03:44.420528
2018-07-10,2018-07-10 20:30:32.441263,2018-07-10 21:03:16.164201
2018-07-11,2018-07-11 20:30:06.410408,2018-07-11 21:02:45.799286
2018-07-12,2018-07-12 20:29:38.439171,2018-07-12 21:02:13.343879
2018-07-13,2018-07-13 20:29:08.539338,2018-07-13 21:01:38.817596
2018-07-14,2018-07-14 20:28:36.724038,2018-07-14 21:01:02.241498
2018-07-15,2018-07-15 20:28:03.007692,2018-07-15 21:00:23.638018
2018-07-16,2018-07-16 20:27:27.405965,2018-07-16 20:59:43.030889
2018-07-17,2018-07-17 20:26:49.935718,2018-07-17 20:59:00.445068
2018-07-18,2018-07-18 20:26:10.614950,2018-07-18 20:58:15.906665
2018-07-19,2018-07-19 20:25:29.462753,2018-07-19 20:57:29.442870
2018-07-20,2018-07-20 20:24:46.499258,2018-07-20 20:56:41.081880
2018-07-21,2018-07-21 20:24:01.745579,2018-07-21 20:55:50.852825
2018-07-22,2018-07-22 20:23:15.223769,2018-07-22 20:54:58.785707
2018-07-23,2018-07-23 20:22:26.956762,2018-07-23 20:54:04.911323
2018-07-24,2018-07-24 20:21:36.968322,2018-07-24 20:53:09.261202
2018-07-25,2018-07-25 20:20:45.282999,2018-07-25 20:52:11.867542
2018-07-26,2018-07-26 20:19:51.926069,2018-07-26 20:51:12.763147
2018-07-27,2018-07-27 20:18:56.923495,2018-07-27 20:50:11.981363
2018-07-28,2018-07-28 20:18:00.301873,2018-07-28 20:49:09.556023
2018-07-29,2018-07-29 20:17:02.088386,2018-07-29 20:48:05.521391
2018-07-30,2018-07-30 20:16:02.310762,2018-07-30 20:46:59.912108
2018-07-31,2018-07-31 20:15:00.997225,2018-07-31 20:45:52.763140
2018-08-01,2018-08-01 20:13:58.176453,2018-08-01 20:44:44.109727
2018-08-02,2018-08-02 20:12:53.877541,2018-08-02 20:43:33.987344
2018-08-03,2018-08-03 20:11:48.129953,2018-08-03 20:42:22.431646
2018-08-04,2018-08-04 20:10:40.963490,2018-08-04 20:41:09.478436
2018-08-05,2018-08-05 20:09:32.408249,2018-08-05 20:39:55.163621
2018-08-06,2018-08-06 20:08:22.494588,2018-08-06 20:38:39.523174
2018-08-07,2018-08-07 20:07:11.253095,2018-08-07 20:37:22.593103
2018-08-08,2018-08-08 20:05:58.714550,2018-08-08 20:36:04.409416
2018-08-09,2018-08-09 20:04:44.909898,2018-08-09 20:34:45.008090
2018-08-10,2018-08-10 20:03:29.870220,2018-08-10 20:33:24.425047
2018-08-11,2018-08-11 20:02:13.626702,2018-08-11 20:32:02.696123
2018-08-12,2018-08-12 20:00:56.210613,2018-08-12 20:30:39.857049
2018-08-13,2018-08-13 19:59:37.653277,2018-08-13 20:29:15.943424
2018-08-14,2018-08-14 19:58:17.986053,2018-08-14 20:27:50.990702
2018-08-15,2018-08-15 19:56:57.240311,2018-08-15 20:26:25.034167
2018-08-16,2018-08-16 19:55:35.447415,2018-08-16 20:24:58.108923
2018-08-17,2018-08-17 19:54:12.638702,2018-08-17 20:23:30.249874
2018-08-18,2018-08-18 19:52:48.845470,2018-08-18 20:22:01.491717
2018-08-19,2018-08-19 19:51:24.098957,2018-08-19 20:20:31.868930
2018-08-20,2018-08-20 19:49:58.430331,2018-08-20 20:19:01.415758
2018-08-21,2018-08-21 19:48:31.870680,2018-08-21 20:17:30.166213
2018-08-22,2018-08-22 19:47:04.450995,2018-08-22 20:15:58.154063
2018-08-23,2018-08-23 19:45:36.202167,2018-08-23 20:14:25.412829
2018-08-24,2018-08-24 19:44:07.154978,2018-08-24 20:12:51.975780
2018-08-25,2018-08-25 19:42:37.340092,2018-08-25 20:11:17.875937
2018-08-26,2018-08-26 19:41:06.788052,2018-08-26 20:09:43.146067
2018-08-27,2018-08-27 19:39:35.529277,2018-08-27 20:08:07.818684
2018-08-28,2018-08-28 19:38:03.594058,2018-08-28 20:06:31.926056
2018-08-29,2018-08-29 19:36:31.012559,2018-08-29 20:04:55.500203
2018-08-30,2018-08-30 19:34:57.814815,2018-08-30 20:03:18.572906
2018-08-31,2018-08-31 19:33:24.030734,2018-08-31 20:01:41.175709
2018-09-01,2018-09-01 19:31:49.690101,2018-09-01 20:00:03.339926
2018-09-02,2018-09-02 19:30:14.822580,2018-09-02 19:58:25.096653
2018-09-03,2018-09-03 19:28:39.457717,2018-09-03 19:56:46.476769
2018-09-04,2018-09-04 19:27:03.624949,2018-09-04 19:55:07.510951
2018-09-05,2018-09-05 19:25:27.353610,2018-09-05 19:53:28.229682
2018-09-06,2018-09-06 19:23:50.672936,2018-09-06 19:51:48.663263
2018-09-07,2018-09-07 19:22:13.612075,2018-09-07 19:50:08.841822
2018-09-08,2018-09-08 19:20:36.200096,2018-09-08 19:48:28.795329
2018-09-09,2018-09-09 19:18:58.465998,2018-09-09 19:46:48.553605
2018-09-10,2018-09-10 19:17:20.438722,2018-09-10 19:45:08.146340
2018-09-11,2018-09-11 19:15:42.147160,2018-09-11 19:43:27.603103
2018-09-12,2018-09-12 19:14:03.620169,2018-09-12 19:41:46.953357
2018-09-13,2018-09-13 19:12:24.886579,2018-09-13 19:40:06.226472
2018-09-14,2018-09-14 19:10:45.975210,2018-09-14 19:38:25.451741
2018-09-15,2018-09-15 19:09:06.914883,2018-09-15 19:36:44.658395
2018-09-16,2018-09-16 19:07:27.734433,2018-09-16 19:35:03.875614
2018-09-17,2018-09-17 19:05:48.462721,2018-09-17 19:33:23.132548
2018-09-18,2018-09-18 19:04:09.128648,2018-09-18 19:31:42.458324
2018-09-19,2018-09-19 19:02:29.761172,2018-09-19 19:30:01.882067
2018-09-20,2018-09-20 19:00:50.389315,2018-09-20 19:28:21.432910
2018-09-21,2018-09-21 18:59:11.042183,2018-09-21 19:26:41.140011
2018-09-22,2018-09-22 18:57:31.748972,2018-09-22 19:25:01.032565
2018-09-23,2018-09-23 18:55:52.538990,2018-09-23 19:23:21.139816
2018-09-24,2018-09-24 18:54:13.441661,2018-09-24 19:21:41.491074
2018-09-25,2018-09-25 18:52:34.486542,2018-09-25 19:20:02.115723
2018-09-26,2018-09-26 18:50:55.703336,2018-09-26 19:18:23.043235
2018-09-27,2018-09-27 18:49:17.121899,2018-09-27 19:16:44.303181
2018-09-28,2018-09-28 18:47:38.772256,2018-09-28 19:15:05.925239
2018-09-29,2018-09-29 18:46:00.684609,2018-09-29 19:13:27.939210
2018-09-30,2018-09-30 18:44:22.889345,2018-09-30 19:11:50.375016
2018-10-01,2018-10-01 18:42:45.417050,2018-10-01 19:10:13.262721
2018-10-02,2018-10-02 18:41:08.298511,2018-10-02 19:08:36.632525
2018-10-03,2018-10-03 18:39:31.564730,2018-10-03 19:07:00.514781
2018-10-04,2018-10-04 18:37:55.246926,2018-10-04 19:05:24.939993
2018-10-05,2018-10-05 18:36:19.376542,2018-10-05 19:03:49.938822
2018-10-06,2018-10-06 18:34:43.985253,2018-10-06 19:02:15.542089
2018-10-07,2018-10-07 18:33:09.104963,2018-10-07 19:00:41.780779
2018-10-08,2018-10-08 18:31:34.767816,2018-10-08 18:59:08.686037
2018-10-09,2018-10-09 18:30:01.006192,2018-10-09 18:57:36.289169
2018-10-10,2018-10-10 18:28:27.852710,2018-10-10 18:56:04.621644
2018-10-11,2018-10-11 18:26:55.340230,2018-10-11 18:54:33.715086
2018-10-12,2018-10-12 18:25:23.501845,2018-10-12 18:53:03.601270
2018-10-13,2018-10-13 18:23:52.370887,2018-10-13 18:51:34.312121
2018-10-14,2018-10-14 18:22:21.980915,2018-10-14 18:50:05.879701
2018-10-15,2018-10-15 18:20:52.365718,2018-10-15 18:48:38.336207
2018-10-16,2018-10-16 18:19:23.559301,2018-10-16 18:47:11.713956
2018-10-17,2018-10-17 18:17:55.595886,2018-10-17 18:45:46.045377
2018-10-18,2018-10-18 18:16:28.509896,2018-10-18 18:44:21.363000
2018-10-19,2018-10-19 18:15:02.335949,2018-10-19 18:42:57.699438
2018-10-20,2018-10-20 18:13:37.108847,2018-10-20 18:41:35.087379
2018-10-21,2018-10-21 18:12:12.863562,2018-10-21 18:40:13.559563
2018-10-22,2018-10-22 18:10:49.635226,2018-10-22 18:38:53.148771
2018-10-23,2018-10-23 18:09:27.459109,2018-10-23 18:37:33.887800
2018-10-24,2018-10-24 18:08:06.370610,2018-10-24 18:36:15.809448
2018-10-25,2018-10-25 18:06:46.405236,2018-10-25 18:34:58.946492
2018-10-26,2018-10-26 18:05:27.598583,2018-10-26 18:33:43.331662
2018-10-27,2018-10-27 18:04:09.986315,2018-10-27 18:32:28.997621
2018-10-28,2018-10-28 18:02:53.604146,2018-10-28 18:31:15.976937
2018-10-29,2018-10-29 18:01:38.487810,2018-10-29 18:30:04.302060
2018-10-30,2018-10-30 18:00:24.673042,2018-10-30 18:28:54.005290
2018-10-31,2018-10-31 17:59:12.195551,2018-10-31 18:27:45.118751
2018-11-01,2018-11-01 17:58:01.090989,2018-11-01 18:26:37.674360
2018-11-02,2018-11-02 17:56:51.394925,2018-11-02 18:25:31.703796
2018-11-03,2018-11-03 17:55:43.142813,2018-11-03 18:24:27.238465
2018-11-04,2018-11-04 16:54:36.369960,2018-11-04 17:23:24.309469
2018-11-05,2018-11-05 16:53:31.111488,2018-11-05 17:22:22.947569
2018-11-06,2018-11-06 16:52:27.402307,2018-11-06 17:21:23.183150
2018-11-07,2018-11-07 16:51:25.277066,2018-11-07 17:20:25.046182
2018-11-08,2018-11-08 16:50:24.770125,2018-11-08 17:19:28.566180
2018-11-09,2018-11-09 16:49:25.915505,2018-11-09 17:18:33.772168
2018-11-10,2018-11-10 16:48:28.746850,2018-11-10 17:17:40.692634
2018-11-11,2018-11-11 16:47:33.297381,2018-11-11 17:16:49.355489
2018-11-12,2018-11-12 16:46:39.599849,2018-11-12 17:15:59.788024
2018-11-13,2018-11-13 16:45:47.686487,2018-11-13 17:15:12.016866
2018-11-14,2018-11-14 16:44:57.588960,2018-11-14 17:14:26.067932
2018-11-15,2018-11-15 16:44:09.338313,2018-11-15 17:13:41.966379
2018-11-16,2018-11-16 16:43:22.964918,2018-11-16 17:12:59.736562
2018-11-17,2018-11-17 16:42:38.498413,2018-11-17 17:12:19.401985
2018-11-18,2018-11-18 16:41:55.967653,2018-11-18 17:11:40.985248
2018-11-19,2018-11-19 16:41:15.400644,2018-11-19 17:11:04.507999
2018-11-20,2018-11-20 16:40:36.824486,2018-11-20 17:10:29.990885
2018-11-21,2018-11-21 16:40:00.265308,2018-11-21 17:09:57.453502
2018-11-22,2018-11-22 16:39:25.748208,2018-11-22 17:09:26.914338
2018-11-23,2018-11-23 16:38:53.297184,2018-11-23 17:08:58.390728
2018-11-24,2018-11-24 16:38:22.935072,2018-11-24 17:08:31.898799
2018-11-25,2018-11-25 16:37:54.683475,2018-11-25 17:08:07.453419
2018-11-26,2018-11-26 16:37:28.562701,2018-11-26 17:07:45.068147
2018-11-27,2018-11-27 16:37:04.591690,2018-11-27 17:07:24.755179
2018-11-28,2018-11-28 16:36:42.787947,2018-11-28 17:07:06.525303
2018-11-29,2018-11-29 16:36:23.167479,2018-11-29 17:06:50.387844
2018-11-30,2018-11-30 16:36:05.744718,2018-11-30 17:06:36.350621
2018-12-01,2018-12-01 16:35:50.532465,2018-12-01 17:06:24.419898
2018-12-02,2018-12-02 16:35:37.541818,2018-12-02 17:06:14.600340
2018-12-03,2018-12-03 16:35:26.782108,2018-12-03 17:06:06.894968
2018-12-04,2018-12-04 16:35:18.260841,2018-12-04 17:06:01.305121
2018-12-05,2018-12-05 16:35:11.983633,2018-12-05 17:05:57.830418
2018-12-06,2018-12-06 16:35:07.954159,2018-12-06 17:05:56.468721
2018-12-07,2018-12-07 16:35:06.174095,2018-12-07 17:05:57.216103
2018-12-08,2018-12-08 16:35:06.643070,2018-12-08 17:06:00.066821
2018-12-09,2018-12-09 16:35:09.358619,2018-12-09 17:06:05.013290
2018-12-10,2018-12-10 16:35:14.316142,2018-12-10 17:06:12.046063
2018-12-11,2018-12-11 16:35:21.508871,2018-12-11 17:06:21.153816
2018-12-12,2018-12-12 16:35:30.927835,2018-12-12 17:06:32.323331
2018-12-13,2018-12-13 16:35:42.561834,2018-12-13 17:06:45.539495
2018-12-14,2018-12-14 16:35:56.397428,2018-12-14 17:07:00.785297
2018-12-15,2018-12-15 16:36:12.418916,2018-12-15 17:07:18.041828
2018-12-16,2018-12-16 16:36:30.608335,2018-12-16 17:07:37.288296
2018-12-17,2018-12-17 16:36:50.945462,2018-12-17 17:07:58.502035
2018-12-18,2018-12-18 16:37:13.407824,2018-12-18 17:08:21.658528
2018-12-19,2018-12-19 16:37:37.970712,2018-12-19 17:08:46.731435
2018-12-20,2018-12-20 16:38:04.607208,2018-12-20 17:09:13.692624
2018-12-21,2018-12-21 16:38:33.288216,2018-12-21 17:09:42.512208
2018-12-22,2018-12-22 16:39:03.982506,2018-12-22 17:10:13.158592
2018-12-23,2018-12-23 16:39:36.656756,2018-12-23 17:10:45.598522
2018-12-24,2018-12-24 16:40:11.275614,2018-12-24 17:11:19.797141
2018-12-25,2018-12-25 16:40:47.801758,2018-12-25 17:11:55.718049
2018-12-26,2018-12-26 16:41:26.195969,2018-12-26 17:12:33.323373
2018-12-27,2018-12-27 16:42:06.417208,2018-12-27 17:13:12.573838
2018-12-28,2018-12-28 16:42:48.422701,2018-12-28 17:13:53.428844
2018-12-29,2018-12-29 16:43:32.168030,2018-12-29 17:14:35.846547
2018-12-30,2018-12-30 16:44:17.607232,2018-12-30 17:15:19.783950
2018-12-31,2018-12-31 16:45:04.692902,2018-12-31 17:16:05.196984
2019-01-01,2019-01-01 16:45:53.376298,2019-01-01 17:16:52.040613
2019-01-02,2019-01-02 16:46:43.607460,2019-01-02 17:17:40.268922
2019-01-03,2019-01-03 16:47:35.335320,2019-01-03 17:18:29.835220
2019-01-04,2019-01-04 16:48:28.507826,2019-01-04 17:19:20.692146
2019-01-05,2019-01-05 16:49:23.072064,2019-01-05 17:20:12.791764
2019-01-06,2019-01-06 16:50:18.974384,2019-01-06 17:21:06.085676
2019-01-07,2019-01-07 16:51:16.160523,2019-01-07 17:22:00.525125
2019-01-08,2019-01-08 16:52:14.575738,2019-01-08 17:22:56.061100
2019-01-09,2019-01-09 16:53:14.164931,2019-01-09 17:23:52.644444
2019-01-10,2019-01-10 16:54:14.872773,2019-01-10 17:24:50.225960
2019-01-11,2019-01-11 16:55:16.643837,2019-01-11 17:25:48.756514
2019-01-12,2019-01-12 16:56:19.422719,2019-01-12 17:26:48.187142
2019-01-13,2019-01-13 16:57:23.154160,2019-01-13 17:27:48.469143
2019-01-14,2019-01-14 16:58:27.783168,2019-01-14 17:28:49.554189
2019-01-15,2019-01-15 16:59:33.255136,2019-01-15 17:29:51.394411
2019-01-16,2019-01-16 17:00:39.515952,2019-01-16 17:30:53.942499
2019-01-17,2019-01-17 17:01:46.512111,2019-01-17 17:31:57.151788
2019-01-18,2019-01-18 17:02:54.190818,2019-01-18 17:33:00.976347
2019-01-19,2019-01-19 17:04:02.500092,2019-01-19 17:34:05.371058
2019-01-20,2019-01-20 17:05:11.388854,2019-01-20 17:35:10.291696
2019-01-21,2019-01-21 17:06:20.807026,2019-01-21 17:36:15.695000
2019-01-22,2019-01-22 17:07:30.705606,2019-01-22 17:37:21.538745
2019-01-23,2019-01-23 17:08:41.036753,2019-01-23 17:38:27.781803
2019-01-24,2019-01-24 17:09:51.753856,2019-01-24 17:39:34.384204
2019-01-25,2019-01-25 17:11:02.811602,2019-01-25 17:40:41.307189
2019-01-26,2019-01-26 17:12:14.166035,2019-01-26 17:41:48.513260
2019-01-27,2019-01-27 17:13:25.774613,2019-01-27 17:42:55.966221
2019-01-28,2019-01-28 17:14:37.596253,2019-01-28 17:44:03.631223
2019-01-29,2019-01-29 17:15:49.591375,2019-01-29 17:45:11.474790
2019-01-30,2019-01-30 17:17:01.721939,2019-01-30 17:46:19.464855
2019-01-31,2019-01-31 17:18:13.951473,2019-01-31 17:47:27.570777
2019-02-01,2019-02-01 17:19:26.245100,2019-02-01 17:48:35.763368
2019-02-02,2019-02-02 17:20:38.569556,2019-02-02 17:49:44.014899
2019-02-03,2019-02-03 17:21:50.893204,2019-02-03 17:50:52.299116
2019-02-04,2019-02-04 17:23:03.186040,2019-02-04 17:52:00.591242
2019-02-05,2019-02-05 17:24:15.419701,2019-02-05 17:53:08.867978
2019-02-06,2019-02-06 17:25:27.567459,2019-02-06 17:54:17.107503
2019-02-07,2019-02-07 17:26:39.604218,2019-02-07 17:55:25.289462
2019-02-08,2019-02-08 17:27:51.506502,2019-02-08 17:56:33.394959
2019-02-09,2019-02-09 17:29:03.252438,2019-02-09 17:57:41.406539
2019-02-10,2019-02-10 17:30:14.821746,2019-02-10 17:58:49.308174
2019-02-11,2019-02-11 17:31:26.195705,2019-02-11 17:59:57.085240
2019-02-12,2019-02-12 17:32:37.357139,2019-02-12 18:01:04.724493
2019-02-13,2019-02-13 17:33:48.290380,2019-02-13 18:02:12.214045
2019-02-14,2019-02-14 17:34:58.981242,2019-02-14 18:03:19.543328
2019-02-15,2019-02-15 17:36:09.416985,2019-02-15 18:04:26.703073
2019-02-16,2019-02-16 17:37:19.586276,2019-02-16 18:05:33.685267
2019-02-17,2019-02-17 17:38:29.479159,2019-02-17 18:06:40.483123
2019-02-18,2019-02-18 17:39:39.087003,2019-02-18 18:07:47.091040
2019-02-19,2019-02-19 17:40:48.402472,2019-02-19 18:08:53.504569
2019-02-20,2019-02-20 17:41:57.419472,2019-02-20 18:09:59.720366
2019-02-21,2019-02-21 17:43:06.133113,2019-02-21 18:11:05.736159
2019-02-22,2019-02-22 17:44:14.539660,2019-02-22 18:12:11.550700
2019-02-23,2019-02-23 17:45:22.636487,2019-02-23 18:13:17.163725
2019-02-24,2019-02-24 17:46:30.422032,2019-02-24 18:14:22.575909
2019-02-25,2019-02-25 17:47:37.895746,2019-02-25 18:15:27.788827
2019-02-26,2019-02-26 17:48:45.058051,2019-02-26 18:16:32.804903
2019-02-27,2019-02-27 17:49:51.910285,2019-02-27 18:17:37.627370
2019-02-28,2019-02-28 17:50:58.454659,2019-02-28 18:18:42.260225
2019-03-01,2019-03-01 17:52:04.694208,2019-03-01 18:19:46.708185
2019-03-02,2019-03-02 17:53:10.632742,2019-03-02 18:20:50.976641
2019-03-03,2019-03-03 17:54:16.274801,2019-03-03 18:21:55.071616
2019-03-04,2019-03-04 17:55:21.625606,2019-03-04 18:22:58.999720
2019-03-05,2019-03-05 17:56:26.691014,2019-03-05 18:24:02.768108
2019-03-06,2019-03-06 17:57:31.477471,2019-03-06 18:25:06.384437
2019-03-07,2019-03-07 17:58:35.991970,2019-03-07 18:26:09.856820
2019-03-08,2019-03-08 17:59:40.242002,2019-03-08 18:27:13.193792
2019-03-09,2019-03-09 18:00:44.235516,2019-03-09 18:28:16.404260
2019-03-10,2019-03-10 19:01:47.980872,2019-03-10 19:29:19.497469
2019-03-11,2019-03-11 19:02:51.486806,2019-03-11 19:30:22.482959
2019-03-12,2019-03-12 19:03:54.762381,2019-03-12 19:31:25.370527
2019-03-13,2019-03-13 19:04:57.816950,2019-03-13 19:32:28.170187
2019-03-14,2019-03-14 19:06:00.660118,2019-03-14 19:33:30.892131
2019-03-15,2019-03-15 19:07:03.301699,2019-03-15 19:34:33.546697
2019-03-16,2019-03-16 19:08:05.751681,2019-03-16 19:35:36.144326
2019-03-17,2019-03-17 19:09:08.020189,2019-03-17 19:36:38.695529
2019-03-18,2019-03-18 19:10:10.117446,2019-03-18 19:37:41.210849
2019-03-19,2019-03-19 19:11:12.053740,2019-03-19 19:38:43.700831
2019-03-20,2019-03-20 19:12:13.839388,2019-03-20 19:39:46.175981
2019-03-21,2019-03-21 19:13:15.484699,2019-03-21 19:40:48.646738
2019-03-22,2019-03-22 19:14:16.999944,2019-03-22 19:41:51.123433
2019-03-23,2019-03-23 19:15:18.395323,2019-03-23 19:42:53.616265
2019-03-24,2019-03-24 19:16:19.680926,2019-03-24 19:43:56.135260
2019-03-25,2019-03-25 19:17:20.866711,2019-03-25 19:44:58.690242
2019-03-26,2019-03-26 19:18:21.962462,2019-03-26 19:46:01.290800
2019-03-27,2019-03-27 19:19:22.977766,2019-03-27 19:47:03.946255
2019-03-28,2019-03-28 19:20:23.921975,2019-03-28 19:48:06.665630
2019-03-29,2019-03-29 19:21:24.804182,2019-03-29 19:49:09.457616
2019-03-30,2019-03-30 19:22:25.633183,2019-03-30 19:50:12.330540
2019-03-31,2019-03-31 19:23:26.417456,2019-03-31 19:51:15.292334
2019-04-01,2019-04-01 19:24:27.165121,2019-04-01 19:52:18.350503
2019-04-02,2019-04-02 19:25:27.883918,2019-04-02 19:53:21.512092
2019-04-03,2019-04-03 19:26:28.581173,2019-04-03 19:54:24.783655
2019-04-04,2019-04-04 19:27:29.263768,2019-04-04 19:55:28.171222
2019-04-05,2019-04-05 19:28:29.938114,2019-04-05 19:56:31.680266
2019-04-06,2019-04-06 19:29:30.610120,2019-04-06 19:57:35.315672
2019-04-07,2019-04-07 19:30:31.285162,2019-04-07 19:58:39.081704
2019-04-08,2019-04-08 19:31:31.968054,2019-04-08 19:59:42.981971
2019-04-09,2019-04-09 19:32:32.663021,2019-04-09 20:00:47.019395
2019-04-10,2019-04-10 19:33:33.373664,2019-04-10 20:01:51.196176
2019-04-11,2019-04-11 19:34:34.102936,2019-04-11 20:02:55.513760
2019-04-12,2019-04-12 19:35:34.853108,2019-04-12 20:03:59.972808
2019-04-13,2019-04-13 19:36:35.625743,2019-04-13 20:05:04.573158
2019-04-14,2019-04-14 19:37:36.421663,2019-04-14 20:06:09.313792
2019-04-15,2019-04-15 19:38:37.240924,2019-04-15 20:07:14.192807
2019-04-16,2019-04-16 19:39:38.082782,2019-04-16 20:08:19.207377
2019-04-17,2019-04-17 19:40:38.945668,2019-04-17 20:09:24.353722
2019-04-18,2019-04-18 19:41:39.827160,2019-04-18 20:10:29.627072
2019-04-19,2019-04-19 19:42:40.723952,2019-04-19 20:11:35.021640
2019-04-20,2019-04-20 19:43:41.631828,2019-04-20 20:12:40.530585
2019-04-21,2019-04-21 19:44:42.545634,2019-04-21 20:13:46.145981
2019-04-22,2019-04-22 19:45:43.459256,2019-04-22 20:14:51.858790
2019-04-23,2019-04-23 19:46:44.365589,2019-04-23 20:15:57.658828
2019-04-24,2019-04-24 19:47:45.256515,2019-04-24 20:17:03.534735
2019-04-25,2019-04-25 19:48:46.122882,2019-04-25 20:18:09.473954
2019-04-26,2019-04-26 19:49:46.954477,2019-04-26 20:19:15.462695
2019-04-27,2019-04-27 19:50:47.740008,2019-04-27 20:20:21.485919
2019-04-28,2019-04-28 19:51:48.467086,2019-04-28 20:21:27.527307
2019-04-29,2019-04-29 19:52:49.122202,2019-04-29 20:22:33.569244
2019-04-30,2019-04-30 19:53:49.690717,2019-04-30 20:23:39.592796
2019-05-01,2019-05-01 19:54:50.156844,2019-05-01 20:24:45.577694
2019-05-02,2019-05-02 19:55:50.503636,2019-05-02 20:25:51.502320
2019-05-03,2019-05-03 19:56:50.712980,2019-05-03 20:26:57.343692
2019-05-04,2019-05-04 19:57:50.765583,2019-05-04 20:28:03.077458
2019-05-05,2019-05-05 19:58:50.640972,2019-05-05 20:29:08.677887
2019-05-06,2019-05-06 19:59:50.317492,2019-05-06 20:30:14.117869
2019-05-07,2019-05-07 20:00:49.772304,2019-05-07 20:31:19.368911
2019-05-08,2019-05-08 20:01:48.981387,2019-05-08 20:32:24.401145
2019-05-09,2019-05-09 20:02:47.919552,2019-05-09 20:33:29.183333
2019-05-10,2019-05-10 20:03:46.560443,2019-05-10 20:34:33.682883
2019-05-11,2019-05-11 20:04:44.876558,2019-05-11 20:35:37.865861
2019-05-12,2019-05-12 20:05:42.839261,2019-05-12 20:36:41.697016
2019-05-13,2019-05-13 20:06:40.418806,2019-05-13 20:37:45.139799
2019-05-14,2019-05-14 20:07:37.584356,2019-05-14 20:38:48.156401
2019-05-15,2019-05-15 20:08:34.304020,2019-05-15 20:39:50.707783
2019-05-16,2019-05-16 20:09:30.544875,2019-05-16 20:40:52.753715
2019-05-17,2019-05-17 20:10:26.273008,2019-05-17 20:41:54.252826
2019-05-18,2019-05-18 20:11:21.453555,2019-05-18 20:42:55.162649
2019-05-19,2019-05-19 20:12:16.050743,2019-05-19 20:43:55.439678
2019-05-20,2019-05-20 20:13:10.027939,2019-05-20 20:44:55.039431
2019-05-21,2019-05-21 20:14:03.347702,2019-05-21 20:45:53.916510
2019-05-22,2019-05-22 20:14:55.971836,2019-05-22 20:46:52.024676
2019-05-23,2019-05-23 20:15:47.861452,2019-05-23 20:47:49.316924
2019-05-24,2019-05-24 20:16:38.977028,2019-05-24 20:48:45.745563
2019-05-25,2019-05-25 20:17:29.278479,2019-05-25 20:49:41.262300
2019-05-26,2019-05-26 20:18:18.725221,2019-05-26 20:50:35.818331
2019-05-27,2019-05-27 20:19:07.276252,2019-05-27 20:51:29.364434
2019-05-28,2019-05-28 20:19:54.890218,2019-05-28 20:52:21.851071
2019-05-29,2019-05-29 20:20:41.525502,2019-05-29 20:53:13.228483
2019-05-30,2019-05-30 20:21:27.140294,2019-05-30 20:54:03.446800
2019-05-31,2019-05-31 20:22:11.692685,2019-05-31 20:54:52.456149
2019-06-01,2019-06-01 20:22:55.140745,2019-06-01 20:55:40.206761
2019-06-02,2019-06-02 20:23:37.442612,2019-06-02 20:56:26.649088
2019-06-03,2019-06-03 20:24:18.556581,2019-06-03 20:57:11.733916
2019-06-04,2019-06-04 20:24:58.441191,2019-06-04 20:57:55.412479
2019-06-05,2019-06-05 20:25:37.055318,2019-06-05 20:58:37.636578
2019-06-06,2019-06-06 20:26:14.358259,2019-06-06 20:59:18.358693
2019-06-07,2019-06-07 20:26:50.309828,2019-06-07 20:59:57.532105
2019-06-08,2019-06-08 20:27:24.870441,2019-06-08 21:00:35.111005
2019-06-09,2019-06-09 20:27:58.001205,2019-06-09 21:01:11.050609
2019-06-10,2019-06-10 20:28:29.664005,2019-06-10 21:01:45.307271
2019-06-11,2019-06-11 20:28:59.821587,2019-06-11 21:02:17.838585
2019-06-12,2019-06-12 20:29:28.437642,2019-06-12 21:02:48.603497
2019-06-13,2019-06-13 20:29:55.476888,2019-06-13 21:03:17.562400
2019-06-14,2019-06-14 20:30:20.905144,2019-06-14 21:03:44.677234
2019-06-15,2019-06-15 20:30:44.689406,2019-06-15 21:04:09.911572
2019-06-16,2019-06-16 20:31:06.797915,2019-06-16 21:04:33.230713
2019-06-17,2019-06-17 20:31:27.200228,2019-06-17 21:04:54.601754
2019-06-18,2019-06-18 20:31:45.867275,2019-06-18 21:05:13.993670
2019-06-19,2019-06-19 20:32:02.771423,2019-06-19 21:05:31.377377
2019-06-20,2019-06-20 20:32:17.886524,2019-06-20 21:05:46.725792
2019-06-21,2019-06-21 20:32:31.187968,2019-06-21 21:06:00.013890
2019-06-22,2019-06-22 20:32:42.652723,2019-06-22 21:06:11.218742
2019-06-23,2019-06-23 20:32:52.259377,2019-06-23 21:06:20.319561
2019-06-24,2019-06-24 20:32:59.988169,2019-06-24 21:06:27.297725
2019-06-25,2019-06-25 20:33:05.821018,2019-06-25 21:06:32.136806
2019-06-26,2019-06-26 20:33:09.741547,2019-06-26 21:06:34.822579
2019-06-27,2019-06-27 20:33:11.735099,2019-06-27 21:06:35.343035
2019-06-28,2019-06-28 20:33:11.788752,2019-06-28 21:06:33.688375
2019-06-29,2019-06-29 20:33:09.891321,2019-06-29 21:06:29.851009
2019-06-30,2019-06-30 20:33:06.033369,2019-06-30 21:06:23.825537
2019-07-01,2019-07-01 20:33:00.207194,2019-07-01 21:06:15.608732
2019-07-02,2019-07-02 20:32:52.406831,2019-07-02 21:06:05.199510
2019-07-03,2019-07-03 20:32:42.628035,2019-07-03 21:05:52.598896
2019-07-04,2019-07-04 20:32:30.868262,2019-07-04 21:05:37.809988
2019-07-05,2019-07-05 20:32:17.126658,2019-07-05 21:05:20.837912
2019-07-06,2019-07-06 20:32:01.404024,2019-07-06 21:05:01.689768
2019-07-07,2019-07-07 20:31:43.702794,2019-07-07 21:04:40.374586
2019-07-08,2019-07-08 20:31:24.027001,2019-07-08 21:04:16.903258
2019-07-09,2019-07-09 20:31:02.382244,2019-07-09 21:03:51.288485
2019-07-10,2019-07-10 20:30:38.775649,2019-07-10 21:03:23.544707
2019-07-11,2019-07-11 20:30:13.215829,2019-07-11 21:02:53.688041
2019-07-12,2019-07-12 20:29:45.712840,2019-07-12 21:02:21.736209
2019-07-13,2019-07-13 20:29:16.278139,2019-07-13 21:01:47.708469
2019-07-14,2019-07-14 20:28:44.924538,2019-07-14 21:01:11.625540
2019-07-15,2019-07-15 20:28:11.666151,2019-07-15 21:00:33.509535
2019-07-16,2019-07-16 20:27:36.518349,2019-07-16 20:59:53.383881
2019-07-17,2019-07-17 20:26:59.497711,2019-07-17 20:59:11.273250
2019-07-18,2019-07-18 20:26:20.621967,2019-07-18 20:58:27.203483
2019-07-19,2019-07-19 20:25:39.909953,2019-07-19 20:57:41.201518
2019-07-20,2019-07-20 20:24:57.381554,2019-07-20 20:56:53.295318
2019-07-21,2019-07-21 20:24:13.057657,2019-07-21 20:56:03.513798
2019-07-22,2019-07-22 20:23:26.960093,2019-07-22 20:55:11.886759
2019-07-23,2019-07-23 20:22:39.111590,2019-07-23 20:54:18.444814
2019-07-24,2019-07-24 20:21:49.535721,2019-07-24 20:53:23.219326
2019-07-25,2019-07-25 20:20:58.256850,2019-07-25 20:52:26.242340
2019-07-26,2019-07-26 20:20:05.300087,2019-07-26 20:51:27.546522
2019-07-27,2019-07-27 20:19:10.691236,2019-07-27 20:50:27.165096
2019-07-28,2019-07-28 20:18:14.456746,2019-07-28 20:49:25.131786
2019-07-29,2019-07-29 20:17:16.623667,2019-07-29 20:48:21.480761
2019-07-30,2019-07-30 20:16:17.219600,2019-07-30 20:47:16.246578
2019-07-31,2019-07-31 20:15:16.272657,2019-07-31 20:46:09.464132
2019-08-01,2019-08-01 20:14:13.811413,2019-08-01 20:45:01.168606
2019-08-02,2019-08-02 20:13:09.864868,2019-08-02 20:43:51.395424
2019-08-03,2019-08-03 20:12:04.462403,2019-08-03 20:42:40.180205
2019-08-04,2019-08-04 20:10:57.633744,2019-08-04 20:41:27.558724
2019-08-05,2019-08-05 20:09:49.408923,2019-08-05 20:40:13.566868
2019-08-06,2019-08-06 20:08:39.818241,2019-08-06 20:38:58.240601
2019-08-07,2019-08-07 20:07:28.892235,2019-08-07 20:37:41.615929
2019-08-08,2019-08-08 20:06:16.661644,2019-08-08 20:36:23.728865
2019-08-09,2019-08-09 20:05:03.157380,2019-08-09 20:35:04.615400
2019-08-10,2019-08-10 20:03:48.410494,2019-08-10 20:33:44.311473
2019-08-11,2019-08-11 20:02:32.452153,2019-08-11 20:32:22.852947
2019-08-12,2019-08-12 20:01:15.313610,2019-08-12 20:31:00.275582
2019-08-13,2019-08-13 19:59:57.026180,2019-08-13 20:29:36.615015
2019-08-14,2019-08-14 19:58:37.621218,2019-08-14 20:28:11.906737
2019-08-15,2019-08-15 19:57:17.130096,2019-08-15 20:26:46.186078
2019-08-16,2019-08-16 19:55:55.584183,2019-08-16 20:25:19.488189
2019-08-17,2019-08-17 19:54:33.014826,2019-08-17 20:23:51.848027
2019-08-18,2019-08-18 19:53:09.453335,2019-08-18 20:22:23.300341
2019-08-19,2019-08-19 19:51:44.930966,2019-08-19 20:20:53.879664
2019-08-20,2019-08-20 19:50:19.478908,2019-08-20 20:19:23.620302
2019-08-21,2019-08-21 19:48:53.128270,2019-08-21 20:17:52.556324
2019-08-22,2019-08-22 19:47:25.910070,2019-08-22 20:16:20.721560
2019-08-23,2019-08-23 19:45:57.855226,2019-08-23 20:14:48.149592
2019-08-24,2019-08-24 19:44:28.994546,2019-08-24 20:13:14.873753
2019-08-25,2019-08-25 19:42:59.358726,2019-08-25 20:11:40.927125
2019-08-26,2019-08-26 19:41:28.978341,2019-08-26 20:10:06.342537
2019-08-27,2019-08-27 19:39:57.883840,2019-08-27 20:08:31.152566
2019-08-28,2019-08-28 19:38:26.105547,2019-08-28 20:06:55.389540
2019-08-29,2019-08-29 19:36:53.673657,2019-08-29 20:05:19.085540
2019-08-30,2019-08-30 19:35:20.618239,2019-08-30 20:03:42.272406
2019-08-31,2019-08-31 19:33:46.969231,2019-08-31 20:02:04.981738
2019-09-01,2019-09-01 19:32:12.756448,2019-09-01 20:00:27.244908
2019-09-02,2019-09-02 19:30:38.009585,2019-09-02 19:58:49.093063
2019-09-03,2019-09-03 19:29:02.758216,2019-09-03 19:57:10.557135
2019-09-04,2019-09-04 19:27:27.031806,2019-09-04 19:55:31.667850
2019-09-05,2019-09-05 19:25:50.859712,2019-09-05 19:53:52.455738
2019-09-06,2019-09-06 19:24:14.271194,2019-09-06 19:52:12.951142
2019-09-07,2019-09-07 19:22:37.295421,2019-09-07 19:50:33.184232
2019-09-08,2019-09-08 19:20:59.961481,2019-09-08 19:48:53.185015
2019-09-09,2019-09-09 19:19:22.298389,2019-09-09 19:47:12.983347
2019-09-10,2019-09-10 19:17:44.335100,2019-09-10 19:45:32.608951
2019-09-11,2019-09-11 19:16:06.100516,2019-09-11 19:43:52.091421
2019-09-12,2019-09-12 19:14:27.623502,2019-09-12 19:42:11.460247
2019-09-13,2019-09-13 19:12:48.932893,2019-09-13 19:40:30.744818
2019-09-14,2019-09-14 19:11:10.057513,2019-09-14 19:38:49.974447
2019-09-15,2019-09-15 19:09:31.026179,2019-09-15 19:37:09.178376
2019-09-16,2019-09-16 19:07:51.867721,2019-09-16 19:35:28.385799
2019-09-17,2019-09-17 19:06:12.610994,2019-09-17 19:33:47.625869
2019-09-18,2019-09-18 19:04:33.284888,2019-09-18 19:32:06.927718
2019-09-19,2019-09-19 19:02:53.918345,2019-09-19 19:30:26.320471
2019-09-20,2019-09-20 19:01:14.540371,2019-09-20 19:28:45.833257
2019-09-21,2019-09-21 18:59:35.180050,2019-09-21 19:27:05.495227
2019-09-22,2019-09-22 18:57:55.866555,2019-09-22 19:25:25.335564
2019-09-23,2019-09-23 18:56:16.629164,2019-09-23 19:23:45.383501
2019-09-24,2019-09-24 18:54:37.497274,2019-09-24 19:22:05.668329
2019-09-25,2019-09-25 18:52:58.500408,2019-09-25 19:20:26.219414
2019-09-26,2019-09-26 18:51:19.668231,2019-09-26 19:18:47.066205
2019-09-27,2019-09-27 18:49:41.030562,2019-09-27 19:17:08.238247
2019-09-28,2019-09-28 18:48:02.617384,2019-09-28 19:15:29.765193
2019-09-29,2019-09-29 18:46:24.458854,2019-09-29 19:13:51.676811
2019-09-30,2019-09-30 18:44:46.585314,2019-09-30 19:12:14.002996
2019-10-01,2019-10-01 18:43:09.027300,2019-10-01 19:10:36.773773
2019-10-02,2019-10-02 18:41:31.815551,2019-10-02 19:09:00.019311
2019-10-03,2019-10-03 18:39:54.981014,2019-10-03 19:07:23.769924
2019-10-04,2019-10-04 18:38:18.554857,2019-10-04 19:05:48.056080
2019-10-05,2019-10-05 18:36:42.568468,2019-10-05 19:04:12.908401
2019-10-06,2019-10-06 18:35:07.053464,2019-10-06 19:02:38.357670
2019-10-07,2019-10-07 18:33:32.041694,2019-10-07 19:01:04.434831
2019-10-08,2019-10-08 18:31:57.565244,2019-10-08 18:59:31.170990
2019-10-09,2019-10-09 18:30:23.656436,2019-10-09 18:57:58.597417
2019-10-10,2019-10-10 18:28:50.347833,2019-10-10 18:56:26.745539
2019-10-11,2019-10-11 18:27:17.672234,2019-10-11 18:54:55.646945
2019-10-12,2019-10-12 18:25:45.662679,2019-10-12 18:53:25.333373
2019-10-13,2019-10-13 18:24:14.352440,2019-10-13 18:51:55.836713
2019-10-14,2019-10-14 18:22:43.775023,2019-10-14 18:50:27.188996
2019-10-15,2019-10-15 18:21:13.964162,2019-10-15 18:48:59.422386
2019-10-16,2019-10-16 18:19:44.953812,2019-10-16 18:47:32.569172
2019-10-17,2019-10-17 18:18:16.778141,2019-10-17 18:46:06.661759
2019-10-18,2019-10-18 18:16:49.471526,2019-10-18 18:44:41.732653
2019-10-19,2019-10-19 18:15:23.068540,2019-10-19 18:43:17.814451
2019-10-20,2019-10-20 18:13:57.603941,2019-10-20 18:41:54.939822
2019-10-21,2019-10-21 18:12:33.112663,2019-10-21 18:40:33.141498
2019-10-22,2019-10-22 18:11:09.629800,2019-10-22 18:39:12.452252
2019-10-23,2019-10-23 18:09:47.190591,2019-10-23 18:37:52.904879
2019-10-24,2019-10-24 18:08:25.830406,2019-10-24 18:36:34.532181
2019-10-25,2019-10-25 18:07:05.584730,2019-10-25 18:35:17.366942
2019-10-26,2019-10-26 18:05:46.489138,2019-10-26 18:34:01.441907
2019-10-27,2019-10-27 18:04:28.579282,2019-10-27 18:32:46.789758
2019-10-28,2019-10-28 18:03:11.890866,2019-10-28 18:31:33.443091
2019-10-29,2019-10-29 18:01:56.459623,2019-10-29 18:30:21.434387
2019-10-30,2019-10-30 18:00:42.321293,2019-10-30 18:29:10.795987
2019-10-31,2019-10-31 17:59:29.511592,2019-10-31 18:28:01.560062
2019-11-01,2019-11-01 17:58:18.066192,2019-11-01 18:26:53.758583
2019-11-02,2019-11-02 17:57:08.020687,2019-11-02 18:25:47.423291
2019-11-03,2019-11-03 16:55:59.410561,2019-11-03 17:24:42.585662
2019-11-04,2019-11-04 16:54:52.271161,2019-11-04 17:23:39.276879
2019-11-05,2019-11-05 16:53:46.637662,2019-11-05 17:22:37.527789
2019-11-06,2019-11-06 16:52:42.545027,2019-11-06 17:21:37.368873
2019-11-07,2019-11-07 16:51:40.027977,2019-11-07 17:20:38.830206
2019-11-08,2019-11-08 16:50:39.120944,2019-11-08 17:19:41.941421
2019-11-09,2019-11-09 16:49:39.858040,2019-11-09 17:18:46.731666
2019-11-10,2019-11-10 16:48:42.273004,2019-11-10 17:17:53.229563
2019-11-11,2019-11-11 16:47:46.399168,2019-11-11 17:17:01.463171
2019-11-12,2019-11-12 16:46:52.269401,2019-11-12 17:16:11.459937
2019-11-13,2019-11-13 16:45:59.916071,2019-11-13 17:15:23.246655
2019-11-14,2019-11-14 16:45:09.370987,2019-11-14 17:14:36.849418
2019-11-15,2019-11-15 16:44:20.665350,2019-11-15 17:13:52.293578
2019-11-16,2019-11-16 16:43:33.829704,2019-11-16 17:13:09.603689
2019-11-17,2019-11-17 16:42:48.893873,2019-11-17 17:12:28.803468
2019-11-18,2019-11-18 16:42:05.886909,2019-11-18 17:11:49.915740
2019-11-19,2019-11-19 16:41:24.837032,2019-11-19 17:11:12.962393
2019-11-20,2019-11-20 16:40:45.771570,2019-11-20 17:10:37.964323
2019-11-21,2019-11-21 16:40:08.716896,2019-11-21 17:10:04.941387
2019-11-22,2019-11-22 16:39:33.698368,2019-11-22 17:09:33.912350
2019-11-23,2019-11-23 16:39:00.740258,2019-11-23 17:09:04.894834
2019-11-24,2019-11-24 16:38:29.865694,2019-11-24 17:08:37.905265
2019-11-25,2019-11-25 16:38:01.096587,2019-11-25 17:08:12.958824
2019-11-26,2019-11-26 16:37:34.453567,2019-11-26 17:07:50.069395
2019-11-27,2019-11-27 16:37:09.955916,2019-11-27 17:07:29.249512
2019-11-28,2019-11-28 16:36:47.621498,2019-11-28 17:07:10.510311
2019-11-29,2019-11-29 16:36:27.466689,2019-11-29 17:06:53.861478
2019-11-30,2019-11-30 16:36:09.506316,2019-11-30 17:06:39.311206
2019-12-01,2019-12-01 16:35:53.753582,2019-12-01 17:06:26.866142
2019-12-02,2019-12-02 16:35:40.220009,2019-12-02 17:06:16.531344
2019-12-03,2019-12-03 16:35:28.915364,2019-12-03 17:06:08.310240
2019-12-04,2019-12-04 16:35:19.847606,2019-12-04 17:06:02.204582
2019-12-05,2019-12-05 16:35:13.022816,2019-12-05 17:05:58.214413
2019-12-06,2019-12-06 16:35:08.445150,2019-12-06 17:05:56.338025
2019-12-07,2019-12-07 16:35:06.116775,2019-12-07 17:05:56.571931
2019-12-08,2019-12-08 16:35:06.037823,2019-12-08 17:05:58.910833
2019-12-09,2019-12-09 16:35:08.206346,2019-12-09 17:06:03.347597
2019-12-10,2019-12-10 16:35:12.618269,2019-12-10 17:06:09.873232
2019-12-11,2019-12-11 16:35:19.267352,2019-12-11 17:06:18.476871
2019-12-12,2019-12-12 16:35:28.145166,2019-12-12 17:06:29.145760
2019-12-13,2019-12-13 16:35:39.241056,2019-12-13 17:06:41.865246
2019-12-14,2019-12-14 16:35:52.542129,2019-12-14 17:06:56.618782
2019-12-15,2019-12-15 16:36:08.033234,2019-12-15 17:07:13.387919
2019-12-16,2019-12-16 16:36:25.696961,2019-12-16 17:07:32.152323
2019-12-17,2019-12-17 16:36:45.513636,2019-12-17 17:07:52.889780
2019-12-18,2019-12-18 16:37:07.461333,2019-12-18 17:08:15.576224
2019-12-19,2019-12-19 16:37:31.515882,2019-12-19 17:08:40.185754
2019-12-20,2019-12-20 16:37:57.650903,2019-12-20 17:09:06.690670
2019-12-21,2019-12-21 16:38:25.837825,2019-12-21 17:09:35.061509
2019-12-22,2019-12-22 16:38:56.045931,2019-12-22 17:10:05.267085
2019-12-23,2019-12-23 16:39:28.242405,2019-12-23 17:10:37.274543
2019-12-24,2019-12-24 16:40:02.392381,2019-12-24 17:11:11.049409
2019-12-25,2019-12-25 16:40:38.459010,2019-12-25 17:11:46.555652
2019-12-26,2019-12-26 16:41:16.403526,2019-12-26 17:12:23.755749
2019-12-27,2019-12-27 16:41:56.185323,2019-12-27 17:13:02.610759
2019-12-28,2019-12-28 16:42:37.762040,2019-12-28 17:13:43.080394
2019-12-29,2019-12-29 16:43:21.089648,2019-12-29 17:14:25.123106
2019-12-30,2019-12-30 16:44:06.122551,2019-12-30 17:15:08.696166
2019-12-31,2019-12-31 16:44:52.813681,2019-12-31 17:15:53.755757
2020-01-01,2020-01-01 16:45:41.114610,2020-01-01 17:16:40.257068
2020-01-02,2020-01-02 16:46:30.975660,2020-01-02 17:17:28.154385
2020-01-03,2020-01-03 16:47:22.346021,2020-01-03 17:18:17.401198
2020-01-04,2020-01-04 16:48:15.173866,2020-01-04 17:19:07.950295
2020-01-05,2020-01-05 16:49:09.406477,2020-01-05 17:19:59.753868
2020-01-06,2020-01-06 16:50:04.990368,2020-01-06 17:20:52.763620
2020-01-07,2020-01-07 16:51:01.871412,2020-01-07 17:21:46.930870
2020-01-08,2020-01-08 16:51:59.994968,2020-01-08 17:22:42.206655
2020-01-09,2020-01-09 16:52:59.306008,2020-01-09 17:23:38.541844
2020-01-10,2020-01-10 16:53:59.749247,2020-01-10 17:24:35.887236
2020-01-11,2020-01-11 16:55:01.269266,2020-01-11 17:25:34.193671
2020-01-12,2020-01-12 16:56:03.810641,2020-01-12 17:26:33.412129
2020-01-13,2020-01-13 16:57:07.318064,2020-01-13 17:27:33.493837
2020-01-14,2020-01-14 16:58:11.736464,2020-01-14 17:28:34.390363
2020-01-15,2020-01-15 16:59:17.011126,2020-01-15 17:29:36.053715
2020-01-16,2020-01-16 17:00:23.087806,2020-01-16 17:30:38.436438
2020-01-17,2020-01-17 17:01:29.912837,2020-01-17 17:31:41.491698
2020-01-18,2020-01-18 17:02:37.433239,2020-01-18 17:32:45.173376
2020-01-19,2020-01-19 17:03:45.596822,2020-01-19 17:33:49.436147
2020-01-20,2020-01-20 17:04:54.352277,2020-01-20 17:34:54.235558
2020-01-21,2020-01-21 17:06:03.649270,2020-01-21 17:35:59.528107
2020-01-22,2020-01-22 17:07:13.438527,2020-01-22 17:37:05.271308
2020-01-23,2020-01-23 17:08:23.671917,2020-01-23 17:38:11.423759
2020-01-24,2020-01-24 17:09:34.302519,2020-01-24 17:39:17.945200
2020-01-25,2020-01-25 17:10:45.284696,2020-01-25 17:40:24.796571
2020-01-26,2020-01-26 17:11:56.574156,2020-01-26 17:41:31.940062
2020-01-27,2020-01-27 17:13:08.128004,2020-01-27 17:42:39.339154
2020-01-28,2020-01-28 17:14:19.904797,2020-01-28 17:43:46.958666
2020-01-29,2020-01-29 17:15:31.864583,2020-01-29 17:44:54.764782
2020-01-30,2020-01-30 17:16:43.968943,2020-01-30 17:46:02.725091
2020-01-31,2020-01-31 17:17:56.181019,2020-01-31 17:47:10.808600
2020-02-01,2020-02-01 17:19:08.465543,2020-02-01 17:48:18.985764
2020-02-02,2020-02-02 17:20:20.788854,2020-02-02 17:49:27.228499
2020-02-03,2020-02-03 17:21:33.118917,2020-02-03 17:50:35.510190
2020-02-04,2020-02-04 17:22:45.425330,2020-02-04 17:51:43.805698
2020-02-05,2020-02-05 17:23:57.679329,2020-02-05 17:52:52.091365
2020-02-06,2020-02-06 17:25:09.853787,2020-02-06 17:54:00.345010
2020-02-07,2020-02-07 17:26:21.923210,2020-02-07 17:55:08.545920
2020-02-08,2020-02-08 17:27:33.863729,2020-02-08 17:56:16.674845
2020-02-09,2020-02-09 17:28:45.653083,2020-02-09 17:57:24.713982
2020-02-10,2020-02-10 17:29:57.270604,2020-02-10 17:58:32.646957
2020-02-11,2020-02-11 17:31:08.697193,2020-02-11 17:59:40.458806
2020-02-12,2020-02-12 17:32:19.915302,2020-02-12 18:00:48.135950
2020-02-13,2020-02-13 17:33:30.908896,2020-02-13 18:01:55.666174
2020-02-14,2020-02-14 17:34:41.663433,2020-02-14 18:03:03.038594
2020-02-15,2020-02-15 17:35:52.165823,2020-02-15 18:04:10.243624
2020-02-16,2020-02-16 17:37:02.404396,2020-02-16 18:05:17.272952
2020-02-17,2020-02-17 17:38:12.368862,2020-02-17 18:06:24.119493
2020-02-18,2020-02-18 17:39:22.050273,2020-02-18 18:07:30.777365
2020-02-19,2020-02-19 17:40:31.440982,2020-02-19 18:08:37.241840
2020-02-20,2020-02-20 17:41:40.534597,2020-02-20 18:09:43.509310
2020-02-21,2020-02-21 17:42:49.325939,2020-02-21 18:10:49.577246
2020-02-22,2020-02-22 17:43:57.810996,2020-02-22 18:11:55.444156
2020-02-23,2020-02-23 17:45:05.986879,2020-02-23 18:13:01.109540
2020-02-24,2020-02-24 17:46:13.851769,2020-02-24 18:14:06.573851
2020-02-25,2020-02-25 17:47:21.404879,2020-02-25 18:15:11.838447
2020-02-26,2020-02-26 17:48:28.646397,2020-02-26 18:16:16.905552
2020-02-27,2020-02-27 17:49:35.577444,2020-02-27 18:17:21.778207
2020-02-28,2020-02-28 17:50:42.200023,2020-02-28 18:18:26.460228
2020-02-29,2020-02-29 17:51:48.516975,2020-02-29 18:19:30.956161
2020-03-01,2020-03-01 17:52:54.531925,2020-03-01 18:20:35.271238
2020-03-02,2020-03-02 17:54:00.249242,2020-03-02 18:21:39.411334
2020-03-03,2020-03-03 17:55:05.673986,2020-03-03 18:22:43.382920
2020-03-04,2020-03-04 17:56:10.811864,2020-03-04 18:23:47.193024
2020-03-05,2020-03-05 17:57:15.669184,2020-03-05 18:24:50.849184
2020-03-06,2020-03-06 17:58:20.252810,2020-03-06 18:25:54.359409
2020-03-07,2020-03-07 17:59:24.570119,2020-03-07 18:26:57.732136
2020-03-08,2020-03-08 19:00:28.628950,2020-03-08 19:28:00.976185
2020-03-09,2020-03-09 19:01:32.437572,2020-03-09 19:29:04.100724
2020-03-10,2020-03-10 19:02:36.004632,2020-03-10 19:30:07.115227
2020-03-11,2020-03-11 19:03:39.339117,2020-03-11 19:31:10.029431
2020-03-12,2020-03-12 19:04:42.450317,2020-03-12 19:32:12.853303
2020-03-13,2020-03-13 19:05:45.347778,2020-03-13 19:33:15.596997
2020-03-14,2020-03-14 19:06:48.041269,2020-03-14 19:34:18.270818
2020-03-15,2020-03-15 19:07:50.540739,2020-03-15 19:35:20.885187
2020-03-16,2020-03-16 19:08:52.856285,2020-03-16 19:36:23.450602
2020-03-17,2020-03-17 19:09:54.998111,2020-03-17 19:37:25.977604
2020-03-18,2020-03-18 19:10:56.976492,2020-03-18 19:38:28.476741
2020-03-19,2020-03-19 19:11:58.801742,2020-03-19 19:39:30.958532
2020-03-20,2020-03-20 19:13:00.484177,2020-03-20 19:40:33.433436
2020-03-21,2020-03-21 19:14:02.034081,2020-03-21 19:41:35.911816
2020-03-22,2020-03-22 19:15:03.461675,2020-03-22 19:42:38.403905
2020-03-23,2020-03-23 19:16:04.777080,2020-03-23 19:43:40.919777
2020-03-24,2020-03-24 19:17:05.990289,2020-03-24 19:44:43.469307
2020-03-25,2020-03-25 19:18:07.111132,2020-03-25 19:45:46.062146
2020-03-26,2020-03-26 19:19:08.149249,2020-03-26 19:46:48.707685
2020-03-27,2020-03-27 19:20:09.114052,2020-03-27 19:47:51.415022
2020-03-28,2020-03-28 19:21:10.014700,2020-03-28 19:48:54.192932
2020-03-29,2020-03-29 19:22:10.860065,2020-03-29 19:49:57.049834
2020-03-30,2020-03-30 19:23:11.658706,2020-03-30 19:50:59.993762
2020-03-31,2020-03-31 19:24:12.418834,2020-03-31 19:52:03.032325
2020-04-01,2020-04-01 19:25:13.148283,2020-04-01 19:53:06.172686
2020-04-02,2020-04-02 19:26:13.854484,2020-04-02 19:54:09.421521
2020-04-03,2020-04-03 19:27:14.544430,2020-04-03 19:55:12.784989
2020-04-04,2020-04-04 19:28:15.224649,2020-04-04 19:56:16.268705
2020-04-05,2020-04-05 19:29:15.901176,2020-04-05 19:57:19.877698
2020-04-06,2020-04-06 19:30:16.579519,2020-04-06 19:58:23.616387
2020-04-07,2020-04-07 19:31:17.264632,2020-04-07 19:59:27.488543
2020-04-08,2020-04-08 19:32:17.960885,2020-04-08 20:00:31.497258
2020-04-09,2020-04-09 19:33:18.672035,2020-04-09 20:01:35.644911
2020-04-10,2020-04-10 19:34:19.401193,2020-04-10 20:02:39.933134
2020-04-11,2020-04-11 19:35:20.150800,2020-04-11 20:03:44.362781
2020-04-12,2020-04-12 19:36:20.922593,2020-04-12 20:04:48.933894
2020-04-13,2020-04-13 19:37:21.717577,2020-04-13 20:05:53.645664
2020-04-14,2020-04-14 19:38:22.535995,2020-04-14 20:06:58.496408
2020-04-15,2020-04-15 19:39:23.377300,2020-04-15 20:08:03.483524
2020-04-16,2020-04-16 19:40:24.240127,2020-04-16 20:09:08.603467
2020-04-17,2020-04-17 19:41:25.122261,2020-04-17 20:10:13.851711
2020-04-18,2020-04-18 19:42:26.020613,2020-04-18 20:11:19.222716
2020-04-19,2020-04-19 19:43:26.931190,2020-04-19 20:12:24.709899
2020-04-20,2020-04-20 19:44:27.849067,2020-04-20 20:13:30.305601
2020-04-21,2020-04-21 19:45:28.768365,2020-04-21 20:14:36.001054
2020-04-22,2020-04-22 19:46:29.682219,2020-04-22 20:15:41.786354
2020-04-23,2020-04-23 19:47:30.582760,2020-04-23 20:16:47.650427
2020-04-24,2020-04-24 19:48:31.461086,2020-04-24 20:17:53.581007
2020-04-25,2020-04-25 19:49:32.307241,2020-04-25 20:18:59.564605
2020-04-26,2020-04-26 19:50:33.110198,2020-04-26 20:20:05.586485
2020-04-27,2020-04-27 19:51:33.857831,2020-04-27 20:21:11.630637
2020-04-28,2020-04-28 19:52:34.536904,2020-04-28 20:22:17.679762
2020-04-29,2020-04-29 19:53:35.133052,2020-04-29 20:23:23.715244
2020-04-30,2020-04-30 19:54:35.630764,2020-04-30 20:24:29.717138
2020-05-01,2020-05-01 19:55:36.013375,2020-05-01 20:25:35.664149
2020-05-02,2020-05-02 19:56:36.263050,2020-05-02 20:26:41.533627
2020-05-03,2020-05-03 19:57:36.360783,2020-05-03 20:27:47.301549
2020-05-04,2020-05-04 19:58:36.286384,2020-05-04 20:28:52.942516
2020-05-05,2020-05-05 19:59:36.018481,2020-05-05 20:29:58.429747
2020-05-06,2020-05-06 20:00:35.534519,2020-05-06 20:31:03.735082
2020-05-07,2020-05-07 20:01:34.810761,2020-05-07 20:32:08.828982
2020-05-08,2020-05-08 20:02:33.822296,2020-05-08 20:33:13.680537
2020-05-09,2020-05-09 20:03:32.543047,2020-05-09 20:34:18.257476
2020-05-10,2020-05-10 20:04:30.945786,2020-05-10 20:35:22.526187
2020-05-11,2020-05-11 20:05:29.002144,2020-05-11 20:36:26.451729
2020-05-12,2020-05-12 20:06:26.682640,2020-05-12 20:37:29.997862
2020-05-13,2020-05-13 20:07:23.956695,2020-05-13 20:38:33.127075
2020-05-14,2020-05-14 20:08:20.792665,2020-05-14 20:39:35.800618
2020-05-15,2020-05-15 20:09:17.157872,2020-05-15 20:40:37.978541
2020-05-16,2020-05-16 20:10:13.018634,2020-05-16 20:41:39.619740
2020-05-17,2020-05-17 20:11:08.340310,2020-05-17 20:42:40.682004
2020-05-18,2020-05-18 20:12:03.087338,2020-05-18 20:43:41.122067
2020-05-19,2020-05-19 20:12:57.223284,2020-05-19 20:44:40.895673
2020-05-20,2020-05-20 20:13:50.710895,2020-05-20 20:45:39.957634
2020-05-21,2020-05-21 20:14:43.512145,2020-05-21 20:46:38.261902
2020-05-22,2020-05-22 20:15:35.588305,2020-05-22 20:47:35.761646
2020-05-23,2020-05-23 20:16:26.899995,2020-05-23 20:48:32.409326
2020-05-24,2020-05-24 20:17:17.407255,2020-05-24 20:49:28.156781
2020-05-25,2020-05-25 20:18:07.069611,2020-05-25 20:50:22.955317
2020-05-26,2020-05-26 20:18:55.846150,2020-05-26 20:51:16.755800
2020-05-27,2020-05-27 20:19:43.695593,2020-05-27 20:52:09.508751
2020-05-28,2020-05-28 20:20:30.576371,2020-05-28 20:53:01.164450
2020-05-29,2020-05-29 20:21:16.446712,2020-05-29 20:53:51.673039
2020-05-30,2020-05-30 20:22:01.264717,2020-05-30 20:54:40.984628
2020-05-31,2020-05-31 20:22:44.988448,2020-05-31 20:55:29.049408
2020-06-01,2020-06-01 20:23:27.576015,2020-06-01 20:56:15.817762
2020-06-02,2020-06-02 20:24:08.985660,2020-06-02 20:57:01.240378
2020-06-03,2020-06-03 20:24:49.175853,2020-06-03 20:57:45.268366
2020-06-04,2020-06-04 20:25:28.105373,2020-06-04 20:58:27.853372
2020-06-05,2020-06-05 20:26:05.733405,2020-06-05 20:59:08.947697
2020-06-06,2020-06-06 20:26:42.019624,2020-06-06 20:59:48.504413
2020-06-07,2020-06-07 20:27:16.924289,2020-06-07 21:00:26.477474
2020-06-08,2020-06-08 20:27:50.408326,2020-06-08 21:01:02.821833
2020-06-09,2020-06-09 20:28:22.433421,2020-06-09 21:01:37.493554
2020-06-10,2020-06-10 20:28:52.962101,2020-06-10 21:02:10.449918
2020-06-11,2020-06-11 20:29:21.957816,2020-06-11 21:02:41.649530
2020-06-12,2020-06-12 20:29:49.385027,2020-06-12 21:03:11.052419
2020-06-13,2020-06-13 20:30:15.209274,2020-06-13 21:03:38.620138
2020-06-14,2020-06-14 20:30:39.397260,2020-06-14 21:04:04.315856
2020-06-15,2020-06-15 20:31:01.916915,2020-06-15 21:04:28.104440
2020-06-16,2020-06-16 20:31:22.737469,2020-06-16 21:04:49.952545
2020-06-17,2020-06-17 20:31:41.829514,2020-06-17 21:05:09.828681
2020-06-18,2020-06-18 20:31:59.165060,2020-06-18 21:05:27.703287
2020-06-19,2020-06-19 20:32:14.717593,2020-06-19 21:05:43.548789
2020-06-20,2020-06-20 20:32:28.462127,2020-06-20 21:05:57.339658
2020-06-21,2020-06-21 20:32:40.375241,2020-06-21 21:06:09.052453
2020-06-22,2020-06-22 20:32:50.435127,2020-06-22 21:06:18.665863
2020-06-23,2020-06-23 20:32:58.621621,2020-06-23 21:06:26.160742
2020-06-24,2020-06-24 20:33:04.916233,2020-06-24 21:06:31.520127
2020-06-25,2020-06-25 20:33:09.302171,2020-06-25 21:06:34.729260
2020-06-26,2020-06-26 20:33:11.764361,2020-06-26 21:06:35.775595
2020-06-27,2020-06-27 20:33:12.289459,2020-06-27 21:06:34.648800
2020-06-28,2020-06-28 20:33:10.865861,2020-06-28 21:06:31.340752
2020-06-29,2020-06-29 20:33:07.483707,2020-06-29 21:06:25.845525
2020-06-30,2020-06-30 20:33:02.134875,2020-06-30 21:06:18.159369
2020-07-01,2020-07-01 20:32:54.812984,2020-07-01 21:06:08.280686
2020-07-02,2020-07-02 20:32:45.513373,2020-07-02 21:05:56.209996
2020-07-03,2020-07-03 20:32:34.233091,2020-07-03 21:05:41.949903
2020-07-04,2020-07-04 20:32:20.970878,2020-07-04 21:05:25.505046
2020-07-05,2020-07-05 20:32:05.727139,2020-07-05 21:05:06.882058
2020-07-06,2020-07-06 20:31:48.503917,2020-07-06 21:04:46.089508
2020-07-07,2020-07-07 20:31:29.304864,2020-07-07 21:04:23.137847
2020-07-08,2020-07-08 20:31:08.135205,2020-07-08 21:03:58.039346
2020-07-09,2020-07-09 20:30:45.001701,2020-07-09 21:03:30.808034
2020-07-10,2020-07-10 20:30:19.912614,2020-07-10 21:03:01.459633
2020-07-11,2020-07-11 20:29:52.877655,2020-07-11 21:02:30.011486
2020-07-12,2020-07-12 20:29:23.907952,2020-07-12 21:01:56.482488
2020-07-13,2020-07-13 20:28:53.015993,2020-07-13 21:01:20.893018
2020-07-14,2020-07-14 20:28:20.215585,2020-07-14 21:00:43.264860
2020-07-15,2020-07-15 20:27:45.521804,2020-07-15 21:00:03.621134
2020-07-16,2020-07-16 20:27:08.950942,2020-07-16 20:59:21.986222
2020-07-17,2020-07-17 20:26:30.520460,2020-07-17 20:58:38.385692
2020-07-18,2020-07-18 20:25:50.248933,2020-07-18 20:57:52.846228
2020-07-19,2020-07-19 20:25:08.156001,2020-07-19 20:57:05.395555
2020-07-20,2020-07-20 20:24:24.262315,2020-07-20 20:56:16.062369
2020-07-21,2020-07-21 20:23:38.589487,2020-07-21 20:55:24.876266
2020-07-22,2020-07-22 20:22:51.160036,2020-07-22 20:54:31.867673
2020-07-23,2020-07-23 20:22:01.997337,2020-07-23 20:53:37.067782
2020-07-24,2020-07-24 20:21:11.125571,2020-07-24 20:52:40.508482
2020-07-25,2020-07-25 20:20:18.569676,2020-07-25 20:51:42.222298
2020-07-26,2020-07-26 20:19:24.355294,2020-07-26 20:50:42.242329
2020-07-27,2020-07-27 20:18:28.508727,2020-07-27 20:49:40.602186
2020-07-28,2020-07-28 20:17:31.056886,2020-07-28 20:48:37.335941
2020-07-29,2020-07-29 20:16:32.027246,2020-07-29 20:47:32.478063
2020-07-30,2020-07-30 20:15:31.447803,2020-07-30 20:46:26.063376
2020-07-31,2020-07-31 20:14:29.347027,2020-07-31 20:45:18.126999
2020-08-01,2020-08-01 20:13:25.753820,2020-08-01 20:44:08.704306
2020-08-02,2020-08-02 20:12:20.697480,2020-08-02 20:42:57.830877
2020-08-03,2020-08-03 20:11:14.207655,2020-08-03 20:41:45.542455
2020-08-04,2020-08-04 20:10:06.314308,2020-08-04 20:40:31.874906
2020-08-05,2020-08-05 20:08:57.047682,2020-08-05 20:39:16.864184
2020-08-06,2020-08-06 20:07:46.438262,2020-08-06 20:38:00.546289
2020-08-07,2020-08-07 20:06:34.516744,2020-08-07 20:36:42.957239
2020-08-08,2020-08-08 20:05:21.314003,2020-08-08 20:35:24.133034
2020-08-09,2020-08-09 20:04:06.861063,2020-08-09 20:34:04.109633
2020-08-10,2020-08-10 20:02:51.189066,2020-08-10 20:32:42.922921
2020-08-11,2020-08-11 20:01:34.329250,2020-08-11 20:31:20.608688
2020-08-12,2020-08-12 20:00:16.312919,2020-08-12 20:29:57.202604
2020-08-13,2020-08-13 19:58:57.171423,2020-08-13 20:28:32.740201
2020-08-14,2020-08-14 19:57:36.936133,2020-08-14 20:27:07.256851
2020-08-15,2020-08-15 19:56:15.638422,2020-08-15 20:25:40.787751
2020-08-16,2020-08-16 19:54:53.309648,2020-08-16 20:24:13.367908
2020-08-17,2020-08-17 19:53:29.981133,2020-08-17 20:22:45.032126
2020-08-18,2020-08-18 19:52:05.684148,2020-08-18 20:21:15.814991
2020-08-19,2020-08-19 19:50:40.449902,2020-08-19 20:19:45.750868
2020-08-20,2020-08-20 19:49:14.309525,2020-08-20 20:18:14.873885
2020-08-21,2020-08-21 19:47:47.294059,2020-08-21 20:16:43.217932
2020-08-22,2020-08-22 19:46:19.434450,2020-08-22 20:15:10.816652
2020-08-23,2020-08-23 19:44:50.761535,2020-08-23 20:13:37.703441
2020-08-24,2020-08-24 19:43:21.306039,2020-08-24 20:12:03.911441
2020-08-25,2020-08-25 19:41:51.098565,2020-08-25 20:10:29.473546
2020-08-26,2020-08-26 19:40:20.169597,2020-08-26 20:08:54.422393
2020-08-27,2020-08-27 19:38:48.549490,2020-08-27 20:07:18.790372
2020-08-28,2020-08-28 19:37:16.268471,2020-08-28 20:05:42.609624
2020-08-29,2020-08-29 19:35:43.356639,2020-08-29 20:04:05.912047
2020-08-30,2020-08-30 19:34:09.843966,2020-08-30 20:02:28.729301
2020-08-31,2020-08-31 19:32:35.760297,2020-08-31 20:00:51.092811
2020-09-01,2020-09-01 19:31:01.135356,2020-09-01 19:59:13.033781
2020-09-02,2020-09-02 19:29:25.998747,2020-09-02 19:57:34.583192
2020-09-03,2020-09-03 19:27:50.379961,2020-09-03 19:55:55.771821
2020-09-04,2020-09-04 19:26:14.308381,2020-09-04 19:54:16.630244
2020-09-05,2020-09-05 19:24:37.813290,2020-09-05 19:52:37.188849
2020-09-06,2020-09-06 19:23:00.923880,2020-09-06 19:50:57.477848
2020-09-07,2020-09-07 19:21:23.669256,2020-09-07 19:49:17.527285
2020-09-08,2020-09-08 19:19:46.078452,2020-09-08 19:47:37.367053
2020-09-09,2020-09-09 19:18:08.180435,2020-09-09 19:45:57.026905
2020-09-10,2020-09-10 19:16:30.004120,2020-09-10 19:44:16.536466
2020-09-11,2020-09-11 19:14:51.578380,2020-09-11 19:42:35.925248
2020-09-12,2020-09-12 19:13:12.932057,2020-09-12 19:40:55.222666
2020-09-13,2020-09-13 19:11:34.093974,2020-09-13 19:39:14.458047
2020-09-14,2020-09-14 19:09:55.092951,2020-09-14 19:37:33.660652
2020-09-15,2020-09-15 19:08:15.957814,2020-09-15 19:35:52.859682
2020-09-16,2020-09-16 19:06:36.717408,2020-09-16 19:34:12.084300
2020-09-17,2020-09-17 19:04:57.400615,2020-09-17 19:32:31.363643
2020-09-18,2020-09-18 19:03:18.036364,2020-09-18 19:30:50.726834
2020-09-19,2020-09-19 19:01:38.653642,2020-09-19 19:29:10.203000
2020-09-20,2020-09-20 18:59:59.281514,2020-09-20 19:27:29.821286
2020-09-21,2020-09-21 18:58:19.949130,2020-09-21 19:25:49.610865
2020-09-22,2020-09-22 18:56:40.685742,2020-09-22 19:24:09.600957
2020-09-23,2020-09-23 18:55:01.520715,2020-09-23 19:22:29.820839
2020-09-24,2020-09-24 18:53:22.483542,2020-09-24 19:20:50.299855
2020-09-25,2020-09-25 18:51:43.603852,2020-09-25 19:19:11.067433
2020-09-26,2020-09-26 18:50:04.911426,2020-09-26 19:17:32.153096
2020-09-27,2020-09-27 18:48:26.436205,2020-09-27 19:15:53.586468
2020-09-28,2020-09-28 18:46:48.208304,2020-09-28 19:14:15.397289
2020-09-29,2020-09-29 18:45:10.258018,2020-09-29 19:12:37.615421
2020-09-30,2020-09-30 18:43:32.615837,2020-09-30 19:11:00.270859
2020-10-01,2020-10-01 18:41:55.312449,2020-10-01 19:09:23.393734
2020-10-02,2020-10-02 18:40:18.378751,2020-10-02 19:07:47.014327
2020-10-03,2020-10-03 18:38:41.845856,2020-10-03 19:06:11.163067
2020-10-04,2020-10-04 18:37:05.745097,2020-10-04 19:04:35.870538
2020-10-05,2020-10-05 18:35:30.108038,2020-10-05 19:03:01.167485
2020-10-06,2020-10-06 18:33:54.966470,2020-10-06 19:01:27.084813
2020-10-07,2020-10-07 18:32:20.352423,2020-10-07 18:59:53.653589
2020-10-08,2020-10-08 18:30:46.298161,2020-10-08 18:58:20.905044
2020-10-09,2020-10-09 18:29:12.836189,2020-10-09 18:56:48.870566
2020-10-10,2020-10-10 18:27:39.999249,2020-10-10 18:55:17.581707
2020-10-11,2020-10-11 18:26:07.820324,2020-10-11 18:53:47.070169
2020-10-12,2020-10-12 18:24:36.332630,2020-10-12 18:52:17.367807
2020-10-13,2020-10-13 18:23:05.569619,2020-10-13 18:50:48.506619
2020-10-14,2020-10-14 18:21:35.564968,2020-10-14 18:49:20.518738
2020-10-15,2020-10-15 18:20:06.352582,2020-10-15 18:47:53.436425
2020-10-16,2020-10-16 18:18:37.966578,2020-10-16 18:46:27.292058
2020-10-17,2020-10-17 18:17:10.441284,2020-10-17 18:45:02.118121
2020-10-18,2020-10-18 18:15:43.811228,2020-10-18 18:43:37.947191
2020-10-19,2020-10-19 18:14:18.111124,2020-10-19 18:42:14.811922
2020-10-20,2020-10-20 18:12:53.375867,2020-10-20 18:40:52.745034
2020-10-21,2020-10-21 18:11:29.640514,2020-10-21 18:39:31.779291
2020-10-22,2020-10-22 18:10:06.940271,2020-10-22 18:38:11.947487
2020-10-23,2020-10-23 18:08:45.310480,2020-10-23 18:36:53.282426
2020-10-24,2020-10-24 18:07:24.786600,2020-10-24 18:35:35.816899
2020-10-25,2020-10-25 18:06:05.404189,2020-10-25 18:34:19.583663
2020-10-26,2020-10-26 18:04:47.198883,2020-10-26 18:33:04.615421
2020-10-27,2020-10-27 18:03:30.206376,2020-10-27 18:31:50.944793
2020-10-28,2020-10-28 18:02:14.462399,2020-10-28 18:30:38.604291
2020-10-29,2020-10-29 18:01:00.002693,2020-10-29 18:29:27.626295
2020-10-30,2020-10-30 17:59:46.862986,2020-10-30 18:28:18.043021
2020-10-31,2020-10-31 17:58:35.078963,2020-10-31 18:27:09.886494
2020-11-01,2020-11-01 16:57:24.686242,2020-11-01 17:26:03.188515
2020-11-02,2020-11-02 16:56:15.720340,2020-11-02 17:24:57.980630
2020-11-03,2020-11-03 16:55:08.216641,2020-11-03 17:23:54.294096
2020-11-04,2020-11-04 16:54:02.210367,2020-11-04 17:22:52.159849
2020-11-05,2020-11-05 16:52:57.736538,2020-11-05 17:21:51.608463
2020-11-06,2020-11-06 16:51:54.829939,2020-11-06 17:20:52.670117
2020-11-07,2020-11-07 16:50:53.525080,2020-11-07 17:19:55.374558
2020-11-08,2020-11-08 16:49:53.856154,2020-11-08 17:18:59.751055
2020-11-09,2020-11-09 16:48:55.856998,2020-11-09 17:18:05.828367
2020-11-10,2020-11-10 16:47:59.561049,2020-11-10 17:17:13.634693
2020-11-11,2020-11-11 16:47:05.001297,2020-11-11 17:16:23.197635
2020-11-12,2020-11-12 16:46:12.210236,2020-11-12 17:15:34.544153
2020-11-13,2020-11-13 16:45:21.219818,2020-11-13 17:14:47.700516
2020-11-14,2020-11-14 16:44:32.061401,2020-11-14 17:14:02.692262
2020-11-15,2020-11-15 16:43:44.765694,2020-11-15 17:13:19.544145
2020-11-16,2020-11-16 16:42:59.362704,2020-11-16 17:12:38.280093
2020-11-17,2020-11-17 16:42:15.881679,2020-11-17 17:11:58.923154
2020-11-18,2020-11-18 16:41:34.351049,2020-11-18 17:11:21.495450
2020-11-19,2020-11-19 16:40:54.798366,2020-11-19 17:10:46.018124
2020-11-20,2020-11-20 16:40:17.250245,2020-11-20 17:10:12.511293
2020-11-21,2020-11-21 16:39:41.732296,2020-11-21 17:09:40.993994
2020-11-22,2020-11-22 16:39:08.269066,2020-11-22 17:09:11.484132
2020-11-23,2020-11-23 16:38:36.883968,2020-11-23 17:08:43.998432
2020-11-24,2020-11-24 16:38:07.599218,2020-11-24 17:08:18.552384
2020-11-25,2020-11-25 16:37:40.435765,2020-11-25 17:07:55.160193
2020-11-26,2020-11-26 16:37:15.413228,2020-11-26 17:07:33.834727
2020-11-27,2020-11-27 16:36:52.549823,2020-11-27 17:07:14.587468
2020-11-28,2020-11-28 16:36:31.862297,2020-11-28 17:06:57.428462
2020-11-29,2020-11-29 16:36:13.365861,2020-11-29 17:06:42.366269
2020-11-30,2020-11-30 16:35:57.074123,2020-11-30 17:06:29.407918
2020-12-01,2020-12-01 16:35:42.999018,2020-12-01 17:06:18.558860
2020-12-02,2020-12-02 16:35:31.150749,2020-12-02 17:06:09.822922
2020-12-03,2020-12-03 16:35:21.537722,2020-12-03 17:06:03.202270
2020-12-04,2020-12-04 16:35:14.166481,2020-12-04 17:05:58.697365
2020-12-05,2020-12-05 16:35:09.041657,2020-12-05 17:05:56.306930
2020-12-06,2020-12-06 16:35:06.165906,2020-12-06 17:05:56.027914
2020-12-07,2020-12-07 16:35:05.539861,2020-12-07 17:05:57.855462
2020-12-08,2020-12-08 16:35:07.162084,2020-12-08 17:06:01.782890
2020-12-09,2020-12-09 16:35:11.029021,2020-12-09 17:06:07.801659
2020-12-10,2020-12-10 16:35:17.134965,2020-12-10 17:06:15.901362
2020-12-11,2020-12-11 16:35:25.472019,2020-12-11 17:06:26.069702
2020-12-12,2020-12-12 16:35:36.030074,2020-12-12 17:06:38.292490
2020-12-13,2020-12-13 16:35:48.796782,2020-12-13 17:06:52.553639
2020-12-14,2020-12-14 16:36:03.757542,2020-12-14 17:07:08.835162
2020-12-15,2020-12-15 16:36:20.895492,2020-12-15 17:07:27.117180
2020-12-16,2020-12-16 16:36:40.191510,2020-12-16 17:07:47.377936
2020-12-17,2020-12-17 16:37:01.624213,2020-12-17 17:08:09.593811
2020-12-18,2020-12-18 16:37:25.169977,2020-12-18 17:08:33.739345
2020-12-19,2020-12-19 16:37:50.802953,2020-12-19 17:08:59.787274
2020-12-20,2020-12-20 16:38:18.495100,2020-12-20 17:09:27.708556
2020-12-21,2020-12-21 16:38:48.216217,2020-12-21 17:09:57.472420
2020-12-22,2020-12-22 16:39:19.933992,2020-12-22 17:10:29.046410
2020-12-23,2020-12-23 16:39:53.614051,2020-12-23 17:11:02.396438
2020-12-24,2020-12-24 16:40:29.220018,2020-12-24 17:11:37.486844
2020-12-25,2020-12-25 16:41:06.713584,2020-12-25 17:12:14.280461
2020-12-26,2020-12-26 16:41:46.054581,2020-12-26 17:12:52.738682
2020-12-27,2020-12-27 16:42:27.201065,2020-12-27 17:13:32.821538
2020-12-28,2020-12-28 16:43:10.109402,2020-12-28 17:14:14.487778
2020-12-29,2020-12-29 16:43:54.734362,2020-12-29 17:14:57.694948
2020-12-30,2020-12-30 16:44:41.029225,2020-12-30 17:15:42.399487
2020-12-31,2020-12-31 16:45:28.945879,2020-12-31 17:16:28.556812
2021-01-01,2021-01-01 16:46:18.434938,2021-01-01 17:17:16.121418
2021-01-02,2021-01-02 16:47:09.445852,2021-01-02 17:18:05.046977
2021-01-03,2021-01-03 16:48:01.927026,2021-01-03 17:18:55.286434
2021-01-04,2021-01-04 16:48:55.825944,2021-01-04 17:19:46.792114
2021-01-05,2021-01-05 16:49:51.089293,2021-01-05 17:20:39.515828
2021-01-06,2021-01-06 16:50:47.663085,2021-01-06 17:21:33.408973
2021-01-07,2021-01-07 16:51:45.492789,2021-01-07 17:22:28.422643
2021-01-08,2021-01-08 16:52:44.523457,2021-01-08 17:23:24.507735
2021-01-09,2021-01-09 16:53:44.699849,2021-01-09 17:24:21.615052
2021-01-10,2021-01-10 16:54:45.966564,2021-01-10 17:25:19.695413
2021-01-11,2021-01-11 16:55:48.268165,2021-01-11 17:26:18.699750
2021-01-12,2021-01-12 16:56:51.549300,2021-01-12 17:27:18.579218
2021-01-13,2021-01-13 16:57:55.754827,2021-01-13 17:28:19.285289
2021-01-14,2021-01-14 16:59:00.829929,2021-01-14 17:29:20.769855
2021-01-15,2021-01-15 17:00:06.720233,2021-01-15 17:30:22.985317
2021-01-16,2021-01-16 17:01:13.371919,2021-01-16 17:31:25.884680
2021-01-17,2021-01-17 17:02:20.731828,2021-01-17 17:32:29.421641
2021-01-18,2021-01-18 17:03:28.747564,2021-01-18 17:33:33.550670
2021-01-19,2021-01-19 17:04:37.367593,2021-01-19 17:34:38.227095
2021-01-20,2021-01-20 17:05:46.541332,2021-01-20 17:35:43.407172
2021-01-21,2021-01-21 17:06:56.219239,2021-01-21 17:36:49.048159
2021-01-22,2021-01-22 17:08:06.352895,2021-01-22 17:37:55.108383
2021-01-23,2021-01-23 17:09:16.895076,2021-01-23 17:39:01.547299
2021-01-24,2021-01-24 17:10:27.799824,2021-01-24 17:40:08.325549
2021-01-25,2021-01-25 17:11:39.022511,2021-01-25 17:41:15.405011
2021-01-26,2021-01-26 17:12:50.519897,2021-01-26 17:42:22.748847
2021-01-27,2021-01-27 17:14:02.250177,2021-01-27 17:43:30.321547
2021-01-28,2021-01-28 17:15:14.173033,2021-01-28 17:44:38.088957
2021-01-29,2021-01-29 17:16:26.249667,2021-01-29 17:45:46.018319
2021-01-30,2021-01-30 17:17:38.442837,2021-01-30 17:46:54.078295
2021-01-31,2021-01-31 17:18:50.716884,2021-01-31 17:48:02.238983
2021-02-01,2021-02-01 17:20:03.037753,2021-02-01 17:49:10.471941
2021-02-02,2021-02-02 17:21:15.373013,2021-02-02 17:50:18.750196
2021-02-03,2021-02-03 17:22:27.691861,2021-02-03 17:51:27.048248
2021-02-04,2021-02-04 17:23:39.965134,2021-02-04 17:52:35.342079
2021-02-05,2021-02-05 17:24:52.165306,2021-02-05 17:53:43.609147
2021-02-06,2021-02-06 17:26:04.266486,2021-02-06 17:54:51.828385
2021-02-07,2021-02-07 17:27:16.244410,2021-02-07 17:55:59.980185
2021-02-08,2021-02-08 17:28:28.076427,2021-02-08 17:57:08.046395
2021-02-09,2021-02-09 17:29:39.741482,2021-02-09 17:58:16.010293
2021-02-10,2021-02-10 17:30:51.220098,2021-02-10 17:59:23.856575
2021-02-11,2021-02-11 17:32:02.494350,2021-02-11 18:00:31.571329
2021-02-12,2021-02-12 17:33:13.547840,2021-02-12 18:01:39.142009
2021-02-13,2021-02-13 17:34:24.365663,2021-02-13 18:02:46.557410
2021-02-14,2021-02-14 17:35:34.934381,2021-02-14 18:03:53.807635
2021-02-15,2021-02-15 17:36:45.241980,2021-02-15 18:05:00.884063
2021-02-16,2021-02-16 17:37:55.277842,2021-02-16 18:06:07.779318
2021-02-17,2021-02-17 17:39:05.032694,2021-02-17 18:07:14.487226
2021-02-18,2021-02-18 17:40:14.498576,2021-02-18 18:08:21.002783
2021-02-19,2021-02-19 17:41:23.668798,2021-02-19 18:09:27.322115
2021-02-20,2021-02-20 17:42:32.537889,2021-02-20 18:10:33.442433
2021-02-21,2021-02-21 17:43:41.101559,2021-02-21 18:11:39.361997
2021-02-22,2021-02-22 17:44:49.356649,2021-02-22 18:12:45.080073
2021-02-23,2021-02-23 17:45:57.301087,2021-02-23 18:13:50.596884
2021-02-24,2021-02-24 17:47:04.933838,2021-02-24 18:14:55.913575
2021-02-25,2021-02-25 17:48:12.254860,2021-02-25 18:16:01.032164
2021-02-26,2021-02-26 17:49:19.265052,2021-02-26 18:17:05.955497
2021-02-27,2021-02-27 17:50:25.966208,2021-02-27 18:18:10.687207
2021-02-28,2021-02-28 17:51:32.360969,2021-02-28 18:19:15.231669
2021-03-01,2021-03-01 17:52:38.452777,2021-03-01 18:20:19.593952
2021-03-02,2021-03-02 17:53:44.245824,2021-03-02 18:21:23.779779
2021-03-03,2021-03-03 17:54:49.745006,2021-03-03 18:22:27.795482
2021-03-04,2021-03-04 17:55:54.955881,2021-03-04 18:23:31.647959
2021-03-05,2021-03-05 17:56:59.884614,2021-03-05 18:24:35.344629
2021-03-06,2021-03-06 17:58:04.537940,2021-03-06 18:25:38.893391
2021-03-07,2021-03-07 17:59:08.923115,2021-03-07 18:26:42.302582
2021-03-08,2021-03-08 18:00:13.047873,2021-03-08 18:27:45.580936
2021-03-09,2021-03-09 18:01:16.920382,2021-03-09 18:28:48.737539
2021-03-10,2021-03-10 18:02:20.549202,2021-03-10 18:29:51.781797
2021-03-11,2021-03-11 18:03:23.943243,2021-03-11 18:30:54.723386
2021-03-12,2021-03-12 18:04:27.111725,2021-03-12 18:31:57.572223
2021-03-13,2021-03-13 18:05:30.064138,2021-03-13 18:33:00.338421
2021-03-14,2021-03-14 19:06:32.810199,2021-03-14 19:34:03.032253
2021-03-15,2021-03-15 19:07:35.359821,2021-03-15 19:35:05.664116
2021-03-16,2021-03-16 19:08:37.723068,2021-03-16 19:36:08.244494
2021-03-17,2021-03-17 19:09:39.910121,2021-03-17 19:37:10.783921
2021-03-18,2021-03-18 19:10:41.931244,2021-03-18 19:38:13.292948
2021-03-19,2021-03-19 19:11:43.796745,2021-03-19 19:39:15.782105
2021-03-20,2021-03-20 19:12:45.516944,2021-03-20 19:40:18.261870
2021-03-21,2021-03-21 19:13:47.102137,2021-03-21 19:41:20.742634
2021-03-22,2021-03-22 19:14:48.562563,2021-03-22 19:42:23.234665
2021-03-23,2021-03-23 19:15:49.908372,2021-03-23 19:43:25.748079
2021-03-24,2021-03-24 19:16:51.149592,2021-03-24 19:44:28.292805
2021-03-25,2021-03-25 19:17:52.296097,2021-03-25 19:45:30.878550
2021-03-26,2021-03-26 19:18:53.357576,2021-03-26 19:46:33.514773
2021-03-27,2021-03-27 19:19:54.343500,2021-03-27 19:47:36.210647
2021-03-28,2021-03-28 19:20:55.263093,2021-03-28 19:48:38.975029
2021-03-29,2021-03-29 19:21:56.125302,2021-03-29 19:49:41.816428
2021-03-30,2021-03-30 19:22:56.938763,2021-03-30 19:50:44.742975
2021-03-31,2021-03-31 19:23:57.711775,2021-03-31 19:51:47.762387
2021-04-01,2021-04-01 19:24:58.452268,2021-04-01 19:52:50.881936
2021-04-02,2021-04-02 19:25:59.167774,2021-04-02 19:53:54.108422
2021-04-03,2021-04-03 19:26:59.865395,2021-04-03 19:54:57.448133
2021-04-04,2021-04-04 19:28:00.551777,2021-04-04 19:56:00.906818
2021-04-05,2021-04-05 19:29:01.233074,2021-04-05 19:57:04.489653
2021-04-06,2021-04-06 19:30:01.914928,2021-04-06 19:58:08.201207
2021-04-07,2021-04-07 19:31:02.602429,2021-04-07 19:59:12.045411
2021-04-08,2021-04-08 19:32:03.300092,2021-04-08 20:00:16.025527
2021-04-09,2021-04-09 19:33:04.011825,2021-04-09 20:01:20.144108
2021-04-10,2021-04-10 19:34:04.740899,2021-04-10 20:02:24.402971
2021-04-11,2021-04-11 19:35:05.489921,2021-04-11 20:03:28.803163
2021-04-12,2021-04-12 19:36:06.260799,2021-04-12 20:04:33.344923
2021-04-13,2021-04-13 19:37:07.054720,2021-04-13 20:05:38.027654
2021-04-14,2021-04-14 19:38:07.872114,2021-04-14 20:06:42.849885
2021-04-15,2021-04-15 19:39:08.712627,2021-04-15 20:07:47.809241
2021-04-16,2021-04-16 19:40:09.575094,2021-04-16 20:08:52.902408
2021-04-17,2021-04-17 19:41:10.457510,2021-04-17 20:09:58.125098
2021-04-18,2021-04-18 19:42:11.356999,2021-04-18 20:11:03.472022
2021-04-19,2021-04-19 19:43:12.269788,2021-04-19 20:12:08.936851
2021-04-20,2021-04-20 19:44:13.191180,2021-04-20 20:13:14.512187
2021-04-21,2021-04-21 19:45:14.115529,2021-04-21 20:14:20.189534
2021-04-22,2021-04-22 19:46:15.036209,2021-04-22 20:15:25.959263
2021-04-23,2021-04-23 19:47:15.945596,2021-04-23 20:16:31.810586
2021-04-24,2021-04-24 19:48:16.835039,2021-04-24 20:17:37.731527
2021-04-25,2021-04-25 19:49:17.694839,2021-04-25 20:18:43.708893
2021-04-26,2021-04-26 19:50:18.514227,2021-04-26 20:19:49.728249
2021-04-27,2021-04-27 19:51:19.281344,2021-04-27 20:20:55.773897
2021-04-28,2021-04-28 19:52:19.983223,2021-04-28 20:22:01.828848
2021-04-29,2021-04-29 19:53:20.605771,2021-04-29 20:23:07.874805
2021-04-30,2021-04-30 19:54:21.133754,2021-04-30 20:24:13.892142
2021-05-01,2021-05-01 19:55:21.550786,2021-05-01 20:25:19.859893
2021-05-02,2021-05-02 19:56:21.839314,2021-05-02 20:26:25.755732
2021-05-03,2021-05-03 19:57:21.980612,2021-05-03 20:27:31.555966
2021-05-04,2021-05-04 19:58:21.954776,2021-05-04 20:28:37.235527
2021-05-05,2021-05-05 19:59:21.740718,2021-05-05 20:29:42.767966
2021-05-06,2021-05-06 20:00:21.316164,2021-05-06 20:30:48.125453
2021-05-07,2021-05-07 20:01:20.657663,2021-05-07 20:31:53.278779
2021-05-08,2021-05-08 20:02:19.740581,2021-05-08 20:32:58.197360
2021-05-09,2021-05-09 20:03:18.539122,2021-05-09 20:34:02.849252
2021-05-10,2021-05-10 20:04:17.026330,2021-05-10 20:35:07.201159
2021-05-11,2021-05-11 20:05:15.174108,2021-05-11 20:36:11.218456
2021-05-12,2021-05-12 20:06:12.953237,2021-05-12 20:37:14.865211
2021-05-13,2021-05-13 20:07:10.333400,2021-05-13 20:38:18.104214
2021-05-14,2021-05-14 20:08:07.283203,2021-05-14 20:39:20.897005
2021-05-15,2021-05-15 20:09:03.770210,2021-05-15 20:40:23.203917
2021-05-16,2021-05-16 20:09:59.760977,2021-05-16 20:41:24.984117
2021-05-17,2021-05-17 20:10:55.221086,2021-05-17 20:42:26.195649
2021-05-18,2021-05-18 20:11:50.115189,2021-05-18 20:43:26.795495
2021-05-19,2021-05-19 20:12:44.407056,2021-05-19 20:44:26.739627
2021-05-20,2021-05-20 20:13:38.059621,2021-05-20 20:45:25.983069
2021-05-21,2021-05-21 20:14:31.035037,2021-05-21 20:46:24.479972
2021-05-22,2021-05-22 20:15:23.294734,2021-05-22 20:47:22.183679
2021-05-23,2021-05-23 20:16:14.799479,2021-05-23 20:48:19.046810
2021-05-24,2021-05-24 20:17:05.509443,2021-05-24 20:49:15.021342
2021-05-25,2021-05-25 20:17:55.384265,2021-05-25 20:50:10.058694
2021-05-26,2021-05-26 20:18:44.383126,2021-05-26 20:51:04.109824
2021-05-27,2021-05-27 20:19:32.464824,2021-05-27 20:51:57.125323
2021-05-28,2021-05-28 20:20:19.587850,2021-05-28 20:52:49.055514
2021-05-29,2021-05-29 20:21:05.710468,2021-05-29 20:53:39.850557
2021-05-30,2021-05-30 20:21:50.790797,2021-05-30 20:54:29.460554
2021-05-31,2021-05-31 20:22:34.786898,2021-05-31 20:55:17.835662
2021-06-01,2021-06-01 20:23:17.656855,2021-06-01 20:56:04.926201
2021-06-02,2021-06-02 20:23:59.358868,2021-06-02 20:56:50.682769
2021-06-03,2021-06-03 20:24:39.851337,2021-06-03 20:57:35.056359
2021-06-04,2021-06-04 20:25:19.092957,2021-06-04 20:58:17.998472
2021-06-05,2021-06-05 20:25:57.042800,2021-06-05 20:58:59.461236
2021-06-06,2021-06-06 20:26:33.660413,2021-06-06 20:59:39.397519
2021-06-07,2021-06-07 20:27:08.905900,2021-06-07 21:00:17.761049
2021-06-08,2021-06-08 20:27:42.740015,2021-06-08 21:00:54.506523
2021-06-09,2021-06-09 20:28:15.124250,2021-06-09 21:01:29.589722
2021-06-10,2021-06-10 20:28:46.020917,2021-06-10 21:02:02.967619
2021-06-11,2021-06-11 20:29:15.393232,2021-06-11 21:02:34.598486
2021-06-12,2021-06-12 20:29:43.205402,2021-06-12 21:03:04.441995
2021-06-13,2021-06-13 20:30:09.422697,2021-06-13 21:03:32.459321
2021-06-14,2021-06-14 20:30:34.011529,2021-06-14 21:03:58.613228
2021-06-15,2021-06-15 20:30:56.939524,2021-06-15 21:04:22.868167
2021-06-16,2021-06-16 20:31:18.175589,2021-06-16 21:04:45.190348
2021-06-17,2021-06-17 20:31:37.689979,2021-06-17 21:05:05.547826
2021-06-18,2021-06-18 20:31:55.454355,2021-06-18 21:05:23.910566
2021-06-19,2021-06-19 20:32:11.441841,2021-06-19 21:05:40.250507
2021-06-20,2021-06-20 20:32:25.627075,2021-06-20 21:05:54.541621
2021-06-21,2021-06-21 20:32:37.986254,2021-06-21 21:06:06.759957
2021-06-22,2021-06-22 20:32:48.497176,2021-06-22 21:06:16.883687
2021-06-23,2021-06-23 20:32:57.139277,2021-06-23 21:06:24.893137
2021-06-24,2021-06-24 20:33:03.893658,2021-06-24 21:06:30.770818
2021-06-25,2021-06-25 20:33:08.743116,2021-06-25 21:06:34.501436
2021-06-26,2021-06-26 20:33:11.672160,2021-06-26 21:06:36.071912
2021-06-27,2021-06-27 20:33:12.667028,2021-06-27 21:06:35.471380
2021-06-28,2021-06-28 20:33:11.715696,2021-06-28 21:06:32.691186
2021-06-29,2021-06-29 20:33:08.807881,2021-06-29 21:06:27.724876
2021-06-30,2021-06-30 20:33:03.935045,2021-06-30 21:06:20.568178
2021-07-01,2021-07-01 20:32:57.090388,2021-07-01 21:06:11.218979
2021-07-02,2021-07-02 20:32:48.268835,2021-07-02 21:05:59.677293
2021-07-03,2021-07-03 20:32:37.467025,2021-07-03 21:05:45.945227
2021-07-04,2021-07-04 20:32:24.683294,2021-07-04 21:05:30.026934
2021-07-05,2021-07-05 20:32:09.917648,2021-07-05 21:05:11.928574
2021-07-06,2021-07-06 20:31:53.171740,2021-07-06 21:04:51.658256
2021-07-07,2021-07-07 20:31:34.448837,2021-07-07 21:04:29.225984
2021-07-08,2021-07-08 20:31:13.753790,2021-07-08 21:04:04.643600
2021-07-09,2021-07-09 20:30:51.092996,2021-07-09 21:03:37.924717
2021-07-10,2021-07-10 20:30:26.474358,2021-07-10 21:03:09.084656
2021-07-11,2021-07-11 20:29:59.907246,2021-07-11 21:02:38.140380
2021-07-12,2021-07-12 20:29:31.402450,2021-07-12 21:02:05.110420
2021-07-13,2021-07-13 20:29:00.972138,2021-07-13 21:01:30.014804
2021-07-14,2021-07-14 20:28:28.629805,2021-07-14 21:00:52.874990
2021-07-15,2021-07-15 20:27:54.390228,2021-07-15 21:00:13.713784
2021-07-16,2021-07-16 20:27:18.269412,2021-07-16 20:59:32.555274
2021-07-17,2021-07-17 20:26:40.284544,2021-07-17 20:58:49.424753
2021-07-18,2021-07-18 20:26:00.453937,2021-07-18 20:58:04.348644
2021-07-19,2021-07-19 20:25:18.796982,2021-07-19 20:57:17.354433
2021-07-20,2021-07-20 20:24:35.334093,2021-07-20 20:56:28.470589
2021-07-21,2021-07-21 20:23:50.086657,2021-07-21 20:55:37.726503
2021-07-22,2021-07-22 20:23:03.076982,2021-07-22 20:54:45.152411
2021-07-23,2021-07-23 20:22:14.328244,2021-07-23 20:53:50.779328
2021-07-24,2021-07-24 20:21:23.864437,2021-07-24 20:52:54.638987
2021-07-25,2021-07-25 20:20:31.710322,2021-07-25 20:51:56.763766
2021-07-26,2021-07-26 20:19:37.891381,2021-07-26 20:50:57.186636
2021-07-27,2021-07-27 20:18:42.433761,2021-07-27 20:49:55.941092
2021-07-28,2021-07-28 20:17:45.364234,2021-07-28 20:48:53.061104
2021-07-29,2021-07-29 20:16:46.710147,2021-07-29 20:47:48.581053
2021-07-30,2021-07-30 20:15:46.499375,2021-07-30 20:46:42.535683
2021-07-31,2021-07-31 20:14:44.760281,2021-07-31 20:45:34.960053
2021-08-01,2021-08-01 20:13:41.521669,2021-08-01 20:44:25.889480
2021-08-02,2021-08-02 20:12:36.812748,2021-08-02 20:43:15.359502
2021-08-03,2021-08-03 20:11:30.663086,2021-08-03 20:42:03.405829
2021-08-04,2021-08-04 20:10:23.102577,2021-08-04 20:40:50.064304
2021-08-05,2021-08-05 20:09:14.161402,2021-08-05 20:39:35.370865
2021-08-06,2021-08-06 20:08:03.869993,2021-08-06 20:38:19.361507
2021-08-07,2021-08-07 20:06:52.259000,2021-08-07 20:37:02.072249
2021-08-08,2021-08-08 20:05:39.359260,2021-08-08 20:35:43.539102
2021-08-09,2021-08-09 20:04:25.201766,2021-08-09 20:34:23.798037
2021-08-10,2021-08-10 20:03:09.817635,2021-08-10 20:33:02.884963
2021-08-11,2021-08-11 20:01:53.238088,2021-08-11 20:31:40.835696
2021-08-12,2021-08-12 20:00:35.494415,2021-08-12 20:30:17.685941
2021-08-13,2021-08-13 19:59:16.617961,2021-08-13 20:28:53.471265
2021-08-14,2021-08-14 19:57:56.640094,2021-08-14 20:27:28.227083
2021-08-15,2021-08-15 19:56:35.592192,2021-08-15 20:26:01.988637
2021-08-16,2021-08-16 19:55:13.505618,2021-08-16 20:24:34.790984
2021-08-17,2021-08-17 19:53:50.411706,2021-08-17 20:23:06.668978
2021-08-18,2021-08-18 19:52:26.341743,2021-08-18 20:21:37.657262
2021-08-19,2021-08-19 19:51:01.326955,2021-08-19 20:20:07.790255
2021-08-20,2021-08-20 19:49:35.398494,2021-08-20 20:18:37.102145
2021-08-21,2021-08-21 19:48:08.587426,2021-08-21 20:17:05.626880
2021-08-22,2021-08-22 19:46:40.924722,2021-08-22 20:15:33.398166
2021-08-23,2021-08-23 19:45:12.441246,2021-08-23 20:14:00.449458
2021-08-24,2021-08-24 19:43:43.167752,2021-08-24 20:12:26.813963
2021-08-25,2021-08-25 19:42:13.134875,2021-08-25 20:10:52.524633
2021-08-26,2021-08-26 19:40:42.373128,2021-08-26 20:09:17.614170
2021-08-27,2021-08-27 19:39:10.912898,2021-08-27 20:07:42.115023
2021-08-28,2021-08-28 19:37:38.784445,2021-08-28 20:06:06.059395
2021-08-29,2021-08-29 19:36:06.017900,2021-08-29 20:04:29.479241
2021-08-30,2021-08-30 19:34:32.643264,2021-08-30 20:02:52.406278
2021-08-31,2021-08-31 19:32:58.690416,2021-08-31 20:01:14.871991
2021-09-01,2021-09-01 19:31:24.189107,2021-09-01 19:59:36.907633
2021-09-02,2021-09-02 19:29:49.168970,2021-09-02 19:57:58.544241
2021-09-03,2021-09-03 19:28:13.659524,2021-09-03 19:56:19.812640
2021-09-04,2021-09-04 19:26:37.690178,2021-09-04 19:54:40.743454
2021-09-05,2021-09-05 19:25:01.290239,2021-09-05 19:53:01.367116
2021-09-06,2021-09-06 19:23:24.488919,2021-09-06 19:51:21.713878
2021-09-07,2021-09-07 19:21:47.315346,2021-09-07 19:49:41.813825
2021-09-08,2021-09-08 19:20:09.798568,2021-09-08 19:48:01.696886
2021-09-09,2021-09-09 19:18:31.967568,2021-09-09 19:46:21.392844
2021-09-10,2021-09-10 19:16:53.851273,2021-09-10 19:44:40.931356
2021-09-11,2021-09-11 19:15:15.478565,2021-09-11 19:43:00.341959
2021-09-12,2021-09-12 19:13:36.878292,2021-09-12 19:41:19.654090
2021-09-13,2021-09-13 19:11:58.079281,2021-09-13 19:39:38.897096
2021-09-14,2021-09-14 19:10:19.110351,2021-09-14 19:37:58.100252
2021-09-15,2021-09-15 19:08:40.000325,2021-09-15 19:36:17.292772
2021-09-16,2021-09-16 19:07:00.778042,2021-09-16 19:34:36.503828
2021-09-17,2021-09-17 19:05:21.472376,2021-09-17 19:32:55.762559
2021-09-18,2021-09-18 19:03:42.112239,2021-09-18 19:31:15.098092
2021-09-19,2021-09-19 19:02:02.726606,2021-09-19 19:29:34.539552
2021-09-20,2021-09-20 19:00:23.344521,2021-09-20 19:27:54.116076
2021-09-21,2021-09-21 18:58:43.995111,2021-09-21 19:26:13.856830
2021-09-22,2021-09-22 18:57:04.707604,2021-09-22 19:24:33.791021
2021-09-23,2021-09-23 18:55:25.511334,2021-09-23 19:22:53.947910
2021-09-24,2021-09-24 18:53:46.435763,2021-09-24 19:21:14.356824
2021-09-25,2021-09-25 18:52:07.510486,2021-09-25 19:19:35.047170
2021-09-26,2021-09-26 18:50:28.765245,2021-09-26 19:17:56.048447
2021-09-27,2021-09-27 18:48:50.229943,2021-09-27 19:16:17.390252
2021-09-28,2021-09-28 18:47:11.934650,2021-09-28 19:14:39.102297
2021-09-29,2021-09-29 18:45:33.909618,2021-09-29 19:13:01.214414
2021-09-30,2021-09-30 18:43:56.185288,2021-09-30 19:11:23.756563
2021-10-01,2021-10-01 18:42:18.792300,2021-10-01 19:09:46.758845
2021-10-02,2021-10-02 18:40:41.761499,2021-10-02 19:08:10.251501
2021-10-03,2021-10-03 18:39:05.123946,2021-10-03 19:06:34.264925
2021-10-04,2021-10-04 18:37:28.910921,2021-10-04 19:04:58.829663
2021-10-05,2021-10-05 18:35:53.153930,2021-10-05 19:03:23.976422
2021-10-06,2021-10-06 18:34:17.884711,2021-10-06 19:01:49.736067
2021-10-07,2021-10-07 18:32:43.135234,2021-10-07 19:00:16.139627
2021-10-08,2021-10-08 18:31:08.937709,2021-10-08 18:58:43.218293
2021-10-09,2021-10-09 18:29:35.324581,2021-10-09 18:57:11.003417
2021-10-10,2021-10-10 18:28:02.328537,2021-10-10 18:55:39.526510
2021-10-11,2021-10-11 18:26:29.982501,2021-10-11 18:54:08.819241
2021-10-12,2021-10-12 18:24:58.319634,2021-10-12 18:52:38.913427
2021-10-13,2021-10-13 18:23:27.373332,2021-10-13 18:51:09.841034
2021-10-14,2021-10-14 18:21:57.177218,2021-10-14 18:49:41.634163
2021-10-15,2021-10-15 18:20:27.765145,2021-10-15 18:48:14.325047
2021-10-16,2021-10-16 18:18:59.171178,2021-10-16 18:46:47.946037
2021-10-17,2021-10-17 18:17:31.429597,2021-10-17 18:45:22.529593
2021-10-18,2021-10-18 18:16:04.574884,2021-10-18 18:43:58.108271
2021-10-19,2021-10-19 18:14:38.641709,2021-10-19 18:42:34.714711
2021-10-20,2021-10-20 18:13:13.664926,2021-10-20 18:41:12.381618
2021-10-21,2021-10-21 18:11:49.679555,2021-10-21 18:39:51.141750
2021-10-22,2021-10-22 18:10:26.720770,2021-10-22 18:38:31.027895
2021-10-23,2021-10-23 18:09:04.823881,2021-10-23 18:37:12.072858
2021-10-24,2021-10-24 18:07:44.024324,2021-10-24 18:35:54.309437
2021-10-25,2021-10-25 18:06:24.357634,2021-10-25 18:34:37.770402
2021-10-26,2021-10-26 18:05:05.859433,2021-10-26 18:33:22.488471
2021-10-27,2021-10-27 18:03:48.565404,2021-10-27 18:32:08.496289
2021-10-28,2021-10-28 18:02:32.511275,2021-10-28 18:30:55.826399
2021-10-29,2021-10-29 18:01:17.732787,2021-10-29 18:29:44.511216
2021-10-30,2021-10-30 18:00:04.265675,2021-10-30 18:28:34.583002
2021-10-31,2021-10-31 17:58:52.145641,2021-10-31 18:27:26.073831
2021-11-01,2021-11-01 17:57:41.408322,2021-11-01 18:26:19.015564
2021-11-02,2021-11-02 17:56:32.089265,2021-11-02 18:25:13.439814
2021-11-03,2021-11-03 17:55:24.223892,2021-11-03 18:24:09.377913
2021-11-04,2021-11-04 17:54:17.847470,2021-11-04 18:23:06.860881
2021-11-05,2021-11-05 17:53:12.995073,2021-11-05 18:22:05.919384
2021-11-06,2021-11-06 17:52:09.701549,2021-11-06 18:21:06.583703
2021-11-07,2021-11-07 16:51:08.001479,2021-11-07 17:20:08.883696
2021-11-08,2021-11-08 16:50:07.929142,2021-11-08 17:19:12.848753
2021-11-09,2021-11-09 16:49:09.518466,2021-11-09 17:18:18.507763
2021-11-10,2021-11-10 16:48:12.802993,2021-11-10 17:17:25.889066
2021-11-11,2021-11-11 16:47:17.815826,2021-11-11 17:16:35.020418
2021-11-12,2021-11-12 16:46:24.589588,2021-11-12 17:15:45.928938
2021-11-13,2021-11-13 16:45:33.156369,2021-11-13 17:14:58.641071
2021-11-14,2021-11-14 16:44:43.547680,2021-11-14 17:14:13.182537
2021-11-15,2021-11-15 16:43:55.794394,2021-11-15 17:13:29.578289
2021-11-16,2021-11-16 16:43:09.926695,2021-11-16 17:12:47.852461
2021-11-17,2021-11-17 16:42:25.974025,2021-11-17 17:12:08.028321
2021-11-18,2021-11-18 16:41:43.965018,2021-11-18 17:11:30.128222
2021-11-19,2021-11-19 16:41:03.927451,2021-11-19 17:10:54.173553
2021-11-20,2021-11-20 16:40:25.888171,2021-11-20 17:10:20.184686
2021-11-21,2021-11-21 16:39:49.873042,2021-11-21 17:09:48.180927
2021-11-22,2021-11-22 16:39:15.906878,2021-11-22 17:09:18.180462
2021-11-23,2021-11-23 16:38:44.013375,2021-11-23 17:08:50.200310
2021-11-24,2021-11-24 16:38:14.215047,2021-11-24 17:08:24.256267
2021-11-25,2021-11-25 16:37:46.533161,2021-11-25 17:08:00.362855
2021-11-26,2021-11-26 16:37:20.987667,2021-11-26 17:07:38.533275
2021-11-27,2021-11-27 16:36:57.597129,2021-11-27 17:07:18.779352
2021-11-28,2021-11-28 16:36:36.378660,2021-11-28 17:07:01.111485
2021-11-29,2021-11-29 16:36:17.347851,2021-11-29 17:06:45.538602
2021-11-30,2021-11-30 16:36:00.518708,2021-11-30 17:06:32.068108
2021-12-01,2021-12-01 16:35:45.903580,2021-12-01 17:06:20.705843
2021-12-02,2021-12-02 16:35:33.513098,2021-12-02 17:06:11.456035
2021-12-03,2021-12-03 16:35:23.356111,2021-12-03 17:06:04.321256
2021-12-04,2021-12-04 16:35:15.439623,2021-12-04 17:05:59.302386
2021-12-05,2021-12-05 16:35:09.768734,2021-12-05 17:05:56.398575
2021-12-06,2021-12-06 16:35:06.346588,2021-12-06 17:05:55.607205
2021-12-07,2021-12-07 16:35:05.174313,2021-12-07 17:05:56.923863
2021-12-08,2021-12-08 16:35:06.250980,2021-12-08 17:06:00.342311
2021-12-09,2021-12-09 16:35:09.573552,2021-12-09 17:06:05.854464
2021-12-10,2021-12-10 16:35:15.136849,2021-12-10 17:06:13.450368
2021-12-11,2021-12-11 16:35:22.933510,2021-12-11 17:06:23.118188
2021-12-12,2021-12-12 16:35:32.953963,2021-12-12 17:06:34.844195
2021-12-13,2021-12-13 16:35:45.186406,2021-12-13 17:06:48.612760
2021-12-14,2021-12-14 16:35:59.616787,2021-12-14 17:07:04.406359
2021-12-15,2021-12-15 16:36:16.228794,2021-12-15 17:07:22.205570
2021-12-16,2021-12-16 16:36:35.003849,2021-12-16 17:07:41.989089
2021-12-17,2021-12-17 16:36:55.921119,2021-12-17 17:08:03.733748
2021-12-18,2021-12-18 16:37:18.957521,2021-12-18 17:08:27.414530
2021-12-19,2021-12-19 16:37:44.087743,2021-12-19 17:08:53.004603
2021-12-20,2021-12-20 16:38:11.284270,2021-12-20 17:09:20.475354
2021-12-21,2021-12-21 16:38:40.517422,2021-12-21 17:09:49.796425
2021-12-22,2021-12-22 16:39:11.755393,2021-12-22 17:10:20.935763
2021-12-23,2021-12-23 16:39:44.964300,2021-12-23 17:10:53.859669
2021-12-24,2021-12-24 16:40:20.108248,2021-12-24 17:11:28.532858
2021-12-25,2021-12-25 16:40:57.149387,2021-12-25 17:12:04.918519
2021-12-26,2021-12-26 16:41:36.047991,2021-12-26 17:12:42.978387
2021-12-27,2021-12-27 16:42:16.762536,2021-12-27 17:13:22.672814
2021-12-28,2021-12-28 16:42:59.249787,2021-12-28 17:14:03.960849
2021-12-29,2021-12-29 16:43:43.464890,2021-12-29 17:14:46.800321
2021-12-30,2021-12-30 16:44:29.361473,2021-12-30 17:15:31.147926
2021-12-31,2021-12-31 16:45:16.891751,2021-12-31 17:16:16.959318
2022-01-01,2022-01-01 16:46:06.006632,2022-01-01 17:17:04.189205
2022-01-02,2022-01-02 16:46:56.655833,2022-01-02 17:17:52.791445
2022-01-03,2022-01-03 16:47:48.788001,2022-01-03 17:18:42.719148
2022-01-04,2022-01-04 16:48:42.350827,2022-01-04 17:19:33.924777
2022-01-05,2022-01-05 16:49:37.291176,2022-01-05 17:20:26.360255
2022-01-06,2022-01-06 16:50:33.555209,2022-01-06 17:21:19.977066
2022-01-07,2022-01-07 16:51:31.088512,2022-01-07 17:22:14.726366
2022-01-08,2022-01-08 16:52:29.836221,2022-01-08 17:23:10.559085
2022-01-09,2022-01-09 16:53:29.743152,2022-01-09 17:24:07.426038
2022-01-10,2022-01-10 16:54:30.753929,2022-01-10 17:25:05.278026
2022-01-11,2022-01-11 16:55:32.813107,2022-01-11 17:26:04.065941
2022-01-12,2022-01-12 16:56:35.865299,2022-01-12 17:27:03.740872
2022-01-13,2022-01-13 16:57:39.855295,2022-01-13 17:28:04.254202
2022-01-14,2022-01-14 16:58:44.728188,2022-01-14 17:29:05.557709
2022-01-15,2022-01-15 16:59:50.429481,2022-01-15 17:30:07.603658
2022-01-16,2022-01-16 17:00:56.905207,2022-01-16 17:31:10.344897
2022-01-17,2022-01-17 17:02:04.102033,2022-01-17 17:32:13.734943
2022-01-18,2022-01-18 17:03:11.967365,2022-01-18 17:33:17.728071
2022-01-19,2022-01-19 17:04:20.449448,2022-01-19 17:34:22.279387
2022-01-20,2022-01-20 17:05:29.497456,2022-01-20 17:35:27.344915
2022-01-21,2022-01-21 17:06:39.061584,2022-01-21 17:36:32.881660
2022-01-22,2022-01-22 17:07:49.093131,2022-01-22 17:37:38.847681
2022-01-23,2022-01-23 17:08:59.544571,2022-01-23 17:38:45.202152
2022-01-24,2022-01-24 17:10:10.369631,2022-01-24 17:39:51.905418
2022-01-25,2022-01-25 17:11:21.523353,2022-01-25 17:40:58.919053
2022-01-26,2022-01-26 17:12:32.962151,2022-01-26 17:42:06.205899
2022-01-27,2022-01-27 17:13:44.643865,2022-01-27 17:43:13.730118
2022-01-28,2022-01-28 17:14:56.527811,2022-01-28 17:44:21.457223
2022-01-29,2022-01-29 17:16:08.574814,2022-01-29 17:45:29.354112
2022-01-30,2022-01-30 17:17:20.747252,2022-01-30 17:46:37.389099
2022-01-31,2022-01-31 17:18:33.009077,2022-01-31 17:47:45.531929
2022-02-01,2022-02-01 17:19:45.325841,2022-02-01 17:48:53.753805
2022-02-02,2022-02-02 17:20:57.664715,2022-02-02 17:50:02.027393
2022-02-03,2022-02-03 17:22:09.994499,2022-02-03 17:51:10.326835
2022-02-04,2022-02-04 17:23:22.285630,2022-02-04 17:52:18.627751
2022-02-05,2022-02-05 17:24:34.510185,2022-02-05 17:53:26.907242
2022-02-06,2022-02-06 17:25:46.641874,2022-02-06 17:54:35.143880
2022-02-07,2022-02-07 17:26:58.656039,2022-02-07 17:55:43.317706
2022-02-08,2022-02-08 17:28:10.529637,2022-02-08 17:56:51.410212
2022-02-09,2022-02-09 17:29:22.241226,2022-02-09 17:57:59.404333
2022-02-10,2022-02-10 17:30:33.770949,2022-02-10 17:59:07.284421
2022-02-11,2022-02-11 17:31:45.100505,2022-02-11 18:00:15.036228
2022-02-12,2022-02-12 17:32:56.213128,2022-02-12 18:01:22.646877
2022-02-13,2022-02-13 17:34:07.093552,2022-02-13 18:02:30.104843
2022-02-14,2022-02-14 17:35:17.727987,2022-02-14 18:03:37.399911
2022-02-15,2022-02-15 17:36:28.104077,2022-02-15 18:04:44.523156
2022-02-16,2022-02-16 17:37:38.210867,2022-02-16 18:05:51.466902
2022-02-17,2022-02-17 17:38:48.038762,2022-02-17 18:06:58.224687
2022-02-18,2022-02-18 17:39:57.579488,2022-02-18 18:08:04.791226
2022-02-19,2022-02-19 17:41:06.826049,2022-02-19 18:09:11.162376
2022-02-20,2022-02-20 17:42:15.772684,2022-02-20 18:10:17.335087
2022-02-21,2022-02-21 17:43:24.414821,2022-02-21 18:11:23.307371
2022-02-22,2022-02-22 17:44:32.749030,2022-02-22 18:12:29.078251
2022-02-23,2022-02-23 17:45:40.772981,2022-02-23 18:13:34.647725
2022-02-24,2022-02-24 17:46:48.485391,2022-02-24 18:14:40.016718
2022-02-25,2022-02-25 17:47:55.885984,2022-02-25 18:15:45.187039
2022-02-26,2022-02-26 17:49:02.975432,2022-02-26 18:16:50.161340
2022-02-27,2022-02-27 17:50:09.755321,2022-02-27 18:17:54.943068
2022-02-28,2022-02-28 17:51:16.228089,2022-02-28 18:18:59.536420
2022-03-01,2022-03-01 17:52:22.396989,2022-03-01 18:20:03.946304
2022-03-02,2022-03-02 17:53:28.266036,2022-03-02 18:21:08.178287
2022-03-03,2022-03-03 17:54:33.839961,2022-03-03 18:22:12.238561
2022-03-04,2022-03-04 17:55:39.124165,2022-03-04 18:23:16.133888
2022-03-05,2022-03-05 17:56:44.124673,2022-03-05 18:24:19.871568
2022-03-06,2022-03-06 17:57:48.848085,2022-03-06 18:25:23.459387
2022-03-07,2022-03-07 17:58:53.301537,2022-03-07 18:26:26.905580
2022-03-08,2022-03-08 17:59:57.492649,2022-03-08 18:27:30.218790
2022-03-09,2022-03-09 18:01:01.429491,2022-03-09 18:28:33.408023
2022-03-10,2022-03-10 18:02:05.120532,2022-03-10 18:29:36.482610
2022-03-11,2022-03-11 18:03:08.574602,2022-03-11 18:30:39.452168
2022-03-12,2022-03-12 18:04:11.800851,2022-03-12 18:31:42.326559
2022-03-13,2022-03-13 19:05:14.808706,2022-03-13 19:32:45.115853
2022-03-14,2022-03-14 19:06:17.607836,2022-03-14 19:33:47.830289
2022-03-15,2022-03-15 19:07:20.208109,2022-03-15 19:34:50.480237
2022-03-16,2022-03-16 19:08:22.619556,2022-03-16 19:35:53.076165
2022-03-17,2022-03-17 19:09:24.852337,2022-03-17 19:36:55.628599
2022-03-18,2022-03-18 19:10:26.916697,2022-03-18 19:37:58.148089
2022-03-19,2022-03-19 19:11:28.822940,2022-03-19 19:39:00.645176
2022-03-20,2022-03-20 19:12:30.581384,2022-03-20 19:40:03.130354
2022-03-21,2022-03-21 19:13:32.202337,2022-03-21 19:41:05.614038
2022-03-22,2022-03-22 19:14:33.696055,2022-03-22 19:42:08.106531
2022-03-23,2022-03-23 19:15:35.072714,2022-03-23 19:43:10.617988
2022-03-24,2022-03-24 19:16:36.342375,2022-03-24 19:44:13.158388
2022-03-25,2022-03-25 19:17:37.514952,2022-03-25 19:45:15.737496
2022-03-26,2022-03-26 19:18:38.600184,2022-03-26 19:46:18.364834
2022-03-27,2022-03-27 19:19:39.607597,2022-03-27 19:47:21.049648
2022-03-28,2022-03-28 19:20:40.546480,2022-03-28 19:48:23.800876
2022-03-29,2022-03-29 19:21:41.425848,2022-03-29 19:49:26.627115
2022-03-30,2022-03-30 19:22:42.254418,2022-03-30 19:50:29.536590
2022-03-31,2022-03-31 19:23:43.040573,2022-03-31 19:51:32.537121
2022-04-01,2022-04-01 19:24:43.792336,2022-04-01 19:52:35.636094
2022-04-02,2022-04-02 19:25:44.517338,2022-04-02 19:53:38.840424
2022-04-03,2022-04-03 19:26:45.222789,2022-04-03 19:54:42.156527
2022-04-04,2022-04-04 19:27:45.915447,2022-04-04 19:55:45.590286
2022-04-05,2022-04-05 19:28:46.601591,2022-04-05 19:56:49.147020
2022-04-06,2022-04-06 19:29:47.286988,2022-04-06 19:57:52.831447
2022-04-07,2022-04-07 19:30:47.976865,2022-04-07 19:58:56.647656
2022-04-08,2022-04-08 19:31:48.675878,2022-04-08 20:00:00.599074
2022-04-09,2022-04-09 19:32:49.388087,2022-04-09 20:01:04.688429
2022-04-10,2022-04-10 19:33:50.116919,2022-04-10 20:02:08.917719
2022-04-11,2022-04-11 19:34:50.865143,2022-04-11 20:03:13.288180
2022-04-12,2022-04-12 19:35:51.634841,2022-04-12 20:04:17.800249
2022-04-13,2022-04-13 19:36:52.427375,2022-04-13 20:05:22.453535
2022-04-14,2022-04-14 19:37:53.243361,2022-04-14 20:06:27.246780
2022-04-15,2022-04-15 19:38:54.082638,2022-04-15 20:07:32.177832
2022-04-16,2022-04-16 19:39:54.944239,2022-04-16 20:08:37.243606
2022-04-17,2022-04-17 19:40:55.826364,2022-04-17 20:09:42.440051
2022-04-18,2022-04-18 19:41:56.726350,2022-04-18 20:10:47.762124
2022-04-19,2022-04-19 19:42:57.640642,2022-04-19 20:11:53.203747
2022-04-20,2022-04-20 19:43:58.564769,2022-04-20 20:12:58.757785
2022-04-21,2022-04-21 19:44:59.493316,2022-04-21 20:14:04.416008
2022-04-22,2022-04-22 19:46:00.419896,2022-04-22 20:15:10.169063
2022-04-23,2022-04-23 19:47:01.337126,2022-04-23 20:16:16.006443
2022-04-24,2022-04-24 19:48:02.236605,2022-04-24 20:17:21.916461
2022-04-25,2022-04-25 19:49:03.108888,2022-04-25 20:18:27.886219
2022-04-26,2022-04-26 19:50:03.943465,2022-04-26 20:19:33.901583
2022-04-27,2022-04-27 19:51:04.728742,2022-04-27 20:20:39.947160
2022-04-28,2022-04-28 19:52:05.452019,2022-04-28 20:21:46.006274
2022-04-29,2022-04-29 19:53:06.099475,2022-04-29 20:22:52.060942
2022-04-30,2022-04-30 19:54:06.656151,2022-04-30 20:23:58.091861
2022-05-01,2022-05-01 19:55:07.105939,2022-05-01 20:25:04.078387
2022-05-02,2022-05-02 19:56:07.431567,2022-05-02 20:26:09.998520
2022-05-03,2022-05-03 19:57:07.614591,2022-05-03 20:27:15.828897
2022-05-04,2022-05-04 19:58:07.635390,2022-05-04 20:28:21.544780
2022-05-05,2022-05-05 19:59:07.473159,2022-05-05 20:29:27.120051
2022-05-06,2022-05-06 20:00:07.105909,2022-05-06 20:30:32.527210
2022-05-07,2022-05-07 20:01:06.510470,2022-05-07 20:31:37.737378
2022-05-08,2022-05-08 20:02:05.662492,2022-05-08 20:32:42.720299
2022-05-09,2022-05-09 20:03:04.536454,2022-05-09 20:33:47.444353
2022-05-10,2022-05-10 20:04:03.105676,2022-05-10 20:34:51.876566
2022-05-11,2022-05-11 20:05:01.342334,2022-05-11 20:35:55.982628
2022-05-12,2022-05-12 20:05:59.217475,2022-05-12 20:36:59.726917
2022-05-13,2022-05-13 20:06:56.701039,2022-05-13 20:38:03.072525
2022-05-14,2022-05-14 20:07:53.761890,2022-05-14 20:39:05.981286
2022-05-15,2022-05-15 20:08:50.367835,2022-05-15 20:40:08.413818
2022-05-16,2022-05-16 20:09:46.485668,2022-05-16 20:41:10.329559
2022-05-17,2022-05-17 20:10:42.081198,2022-05-17 20:42:11.686818
2022-05-18,2022-05-18 20:11:37.119296,2022-05-18 20:43:12.442823
2022-05-19,2022-05-19 20:12:31.563935,2022-05-19 20:44:12.553778
2022-05-20,2022-05-20 20:13:25.378243,2022-05-20 20:45:11.974928
2022-05-21,2022-05-21 20:14:18.524553,2022-05-21 20:46:10.660623
2022-05-22,2022-05-22 20:15:10.964462,2022-05-22 20:47:08.564390
2022-05-23,2022-05-23 20:16:02.658886,2022-05-23 20:48:05.639010
2022-05-24,2022-05-24 20:16:53.568130,2022-05-24 20:49:01.836604
2022-05-25,2022-05-25 20:17:43.651952,2022-05-25 20:49:57.108712
2022-05-26,2022-05-26 20:18:32.869634,2022-05-26 20:50:51.406392
2022-05-27,2022-05-27 20:19:21.180054,2022-05-27 20:51:44.680308
2022-05-28,2022-05-28 20:20:08.541768,2022-05-28 20:52:36.880834
2022-05-29,2022-05-29 20:20:54.913082,2022-05-29 20:53:27.958156
2022-05-30,2022-05-30 20:21:40.252141,2022-05-30 20:54:17.862376
2022-05-31,2022-05-31 20:22:24.517007,2022-05-31 20:55:06.543622
2022-06-01,2022-06-01 20:23:07.665747,2022-06-01 20:55:53.952160
2022-06-02,2022-06-02 20:23:49.656523,2022-06-02 20:56:40.038508
2022-06-03,2022-06-03 20:24:30.447675,2022-06-03 20:57:24.753547
2022-06-04,2022-06-04 20:25:09.997815,2022-06-04 20:58:08.048642
2022-06-05,2022-06-05 20:25:48.265913,2022-06-05 20:58:49.875755
2022-06-06,2022-06-06 20:26:25.211390,2022-06-06 20:59:30.187562
2022-06-07,2022-06-07 20:27:00.794204,2022-06-07 21:00:08.937569
2022-06-08,2022-06-08 20:27:34.974944,2022-06-08 21:00:46.080226
2022-06-09,2022-06-09 20:28:07.714911,2022-06-09 21:01:21.571038
2022-06-10,2022-06-10 20:28:38.976209,2022-06-10 21:01:55.366679
2022-06-11,2022-06-11 20:29:08.721828,2022-06-11 21:02:27.425095
2022-06-12,2022-06-12 20:29:36.915726,2022-06-12 21:02:57.705609
2022-06-13,2022-06-13 20:30:03.522906,2022-06-13 21:03:26.169022
2022-06-14,2022-06-14 20:30:28.509498,2022-06-14 21:03:52.777706
2022-06-15,2022-06-15 20:30:51.842826,2022-06-15 21:04:17.495694
2022-06-16,2022-06-16 20:31:13.491482,2022-06-16 21:04:40.288764
2022-06-17,2022-06-17 20:31:33.425387,2022-06-17 21:05:01.124517
2022-06-18,2022-06-18 20:31:51.615858,2022-06-18 21:05:19.972451
2022-06-19,2022-06-19 20:32:08.035660,2022-06-19 21:05:36.804023
2022-06-20,2022-06-20 20:32:22.659060,2022-06-20 21:05:51.592710
2022-06-21,2022-06-21 20:32:35.461876,2022-06-21 21:06:04.314054
2022-06-22,2022-06-22 20:32:46.421515,2022-06-22 21:06:14.945713
2022-06-23,2022-06-23 20:32:55.517015,2022-06-23 21:06:23.467492
2022-06-24,2022-06-24 20:33:02.729073,2022-06-24 21:06:29.861371
2022-06-25,2022-06-25 20:33:08.040076,2022-06-25 21:06:34.111529
2022-06-26,2022-06-26 20:33:11.434119,2022-06-26 21:06:36.204352
2022-06-27,2022-06-27 20:33:12.897021,2022-06-27 21:06:36.128442
2022-06-28,2022-06-28 20:33:12.416339,2022-06-28 21:06:33.874613
2022-06-29,2022-06-29 20:33:09.981373,2022-06-29 21:06:29.435884
2022-06-30,2022-06-30 20:33:05.583164,2022-06-30 21:06:22.807462
2022-07-01,2022-07-01 20:32:59.214495,2022-07-01 21:06:13.986715
2022-07-02,2022-07-02 20:32:50.869877,2022-07-02 21:06:02.973152
2022-07-03,2022-07-03 20:32:40.545540,2022-07-03 21:05:49.768380
2022-07-04,2022-07-04 20:32:28.239413,2022-07-04 21:05:34.376066
2022-07-05,2022-07-05 20:32:13.951104,2022-07-05 21:05:16.801893
2022-07-06,2022-07-06 20:31:57.681873,2022-07-06 21:04:57.053508
2022-07-07,2022-07-07 20:31:39.434602,2022-07-07 21:04:35.140465
2022-07-08,2022-07-08 20:31:19.213766,2022-07-08 21:04:11.074172
2022-07-09,2022-07-09 20:30:57.025394,2022-07-09 21:03:44.867825
2022-07-10,2022-07-10 20:30:32.877032,2022-07-10 21:03:16.536341
2022-07-11,2022-07-11 20:30:06.777703,2022-07-11 21:02:46.096297
2022-07-12,2022-07-12 20:29:38.737860,2022-07-12 21:02:13.565855
2022-07-13,2022-07-13 20:29:08.769345,2022-07-13 21:01:38.964693
2022-07-14,2022-07-14 20:28:36.885342,2022-07-14 21:01:02.313933
2022-07-15,2022-07-15 20:28:03.100322,2022-07-15 21:00:23.636067
2022-07-16,2022-07-16 20:27:27.430004,2022-07-16 20:59:42.954883
2022-07-17,2022-07-17 20:26:49.891296,2022-07-17 20:59:00.295393
2022-07-18,2022-07-18 20:26:10.502246,2022-07-18 20:58:15.683758
2022-07-19,2022-07-19 20:25:29.281992,2022-07-19 20:57:29.147217
2022-07-20,2022-07-20 20:24:46.250710,2022-07-20 20:56:40.714012
2022-07-21,2022-07-21 20:24:01.429559,2022-07-21 20:55:50.413322
2022-07-22,2022-07-22 20:23:14.840631,2022-07-22 20:54:58.275186
2022-07-23,2022-07-23 20:22:26.506900,2022-07-23 20:54:04.330442
2022-07-24,2022-07-24 20:21:36.452169,2022-07-24 20:53:08.610658
2022-07-25,2022-07-25 20:20:44.701024,2022-07-25 20:52:11.148067
2022-07-26,2022-07-26 20:19:51.278777,2022-07-26 20:51:11.975502
2022-07-27,2022-07-27 20:18:56.211422,2022-07-27 20:50:11.126343
2022-07-28,2022-07-28 20:17:59.525587,2022-07-28 20:49:08.634450
2022-07-29,2022-07-29 20:17:01.248486,2022-07-29 20:48:04.534115
2022-07-30,2022-07-30 20:16:01.407874,2022-07-30 20:46:58.860001
2022-07-31,2022-07-31 20:15:00.032001,2022-07-31 20:45:51.647097
2022-08-01,2022-08-01 20:13:57.149571,2022-08-01 20:44:42.930665
2022-08-02,2022-08-02 20:12:52.789702,2022-08-02 20:43:32.746196
2022-08-03,2022-08-03 20:11:46.981880,2022-08-03 20:42:21.129364
2022-08-04,2022-08-04 20:10:39.755926,2022-08-04 20:41:08.115987
2022-08-05,2022-08-05 20:09:31.141956,2022-08-05 20:39:53.741984
2022-08-06,2022-08-06 20:08:21.170347,2022-08-06 20:38:38.043342
2022-08-07,2022-08-07 20:07:09.871702,2022-08-07 20:37:21.056078
2022-08-08,2022-08-08 20:05:57.276816,2022-08-08 20:36:02.816211
2022-08-09,2022-08-09 20:04:43.416649,2022-08-09 20:34:43.359724
2022-08-10,2022-08-10 20:03:28.322293,2022-08-10 20:33:22.722547
2022-08-11,2022-08-11 20:02:12.024946,2022-08-11 20:32:00.940522
2022-08-12,2022-08-12 20:00:54.555887,2022-08-12 20:30:38.049382
2022-08-13,2022-08-13 19:59:35.946451,2022-08-13 20:29:14.084732
2022-08-14,2022-08-14 19:58:16.228003,2022-08-14 20:27:49.082026
2022-08-15,2022-08-15 19:56:55.431921,2022-08-15 20:26:23.076551
2022-08-16,2022-08-16 19:55:33.589576,2022-08-16 20:24:56.103411
2022-08-17,2022-08-17 19:54:10.732310,2022-08-17 20:23:28.197511
2022-08-18,2022-08-18 19:52:46.891425,2022-08-18 20:21:59.393546
2022-08-19,2022-08-19 19:51:22.098164,2022-08-19 20:20:29.725992
2022-08-20,2022-08-20 19:49:56.383699,2022-08-20 20:18:59.229093
2022-08-21,2022-08-21 19:48:29.779118,2022-08-21 20:17:27.936858
2022-08-22,2022-08-22 19:47:02.315416,2022-08-22 20:15:55.883050
2022-08-23,2022-08-23 19:45:34.023486,2022-08-23 20:14:23.101188
2022-08-24,2022-08-24 19:44:04.934108,2022-08-24 20:12:49.624538
2022-08-25,2022-08-25 19:42:35.077948,2022-08-25 20:11:15.486114
2022-08-26,2022-08-26 19:41:04.485549,2022-08-26 20:09:40.718679
2022-08-27,2022-08-27 19:39:33.187330,2022-08-27 20:08:05.354744
2022-08-28,2022-08-28 19:38:01.213581,2022-08-28 20:06:29.426569
2022-08-29,2022-08-29 19:36:28.594464,2022-08-29 20:04:52.966171
2022-08-30,2022-08-30 19:34:55.360014,2022-08-30 20:03:16.005325
2022-08-31,2022-08-31 19:33:21.540137,2022-08-31 20:01:38.575568
2022-09-01,2022-09-01 19:31:47.164616,2022-09-01 20:00:00.708211
2022-09-02,2022-09-02 19:30:12.263112,2022-09-02 19:58:22.434341
2022-09-03,2022-09-03 19:28:36.865172,2022-09-03 19:56:43.784835
2022-09-04,2022-09-04 19:27:01.000230,2022-09-04 19:55:04.790363
2022-09-05,2022-09-05 19:25:24.697617,2022-09-05 19:53:25.481404
2022-09-06,2022-09-06 19:23:47.986569,2022-09-06 19:51:45.888251
2022-09-07,2022-09-07 19:22:10.896230,2022-09-07 19:50:06.041030
2022-09-08,2022-09-08 19:20:33.455669,2022-09-08 19:48:25.969704
2022-09-09,2022-09-09 19:18:55.693884,2022-09-09 19:46:45.704092
2022-09-10,2022-09-10 19:17:17.639813,2022-09-10 19:45:05.273879
2022-09-11,2022-09-11 19:15:39.322347,2022-09-11 19:43:24.708629
2022-09-12,2022-09-12 19:14:00.770343,2022-09-12 19:41:44.037802
2022-09-13,2022-09-13 19:12:22.012630,2022-09-13 19:40:03.290765
2022-09-14,2022-09-14 19:10:43.078028,2022-09-14 19:38:22.496809
2022-09-15,2022-09-15 19:09:03.995358,2022-09-15 19:36:41.685160
2022-09-16,2022-09-16 19:07:24.793453,2022-09-16 19:35:00.884999
2022-09-17,2022-09-17 19:05:45.501177,2022-09-17 19:33:20.125472
2022-09-18,2022-09-18 19:04:06.147433,2022-09-18 19:31:39.435706
2022-09-19,2022-09-19 19:02:26.761178,2022-09-19 19:29:58.844824
2022-09-20,2022-09-20 19:00:47.371436,2022-09-20 19:28:18.381960
2022-09-21,2022-09-21 18:59:08.007316,2022-09-21 19:26:38.076272
2022-09-22,2022-09-22 18:57:28.698017,2022-09-22 19:24:57.956953
2022-09-23,2022-09-23 18:55:49.472848,2022-09-23 19:23:18.053251
2022-09-24,2022-09-24 18:54:10.361238,2022-09-24 19:21:38.394476
2022-09-25,2022-09-25 18:52:31.392747,2022-09-25 19:19:59.010014
2022-09-26,2022-09-26 18:50:52.597083,2022-09-26 19:18:19.929339
2022-09-27,2022-09-27 18:49:14.004107,2022-09-27 19:16:41.182025
2022-09-28,2022-09-28 18:47:35.643848,2022-09-28 19:15:02.797754
2022-09-29,2022-09-29 18:45:57.546513,2022-09-29 19:13:24.806328
2022-09-30,2022-09-30 18:44:19.742497,2022-09-30 19:11:47.237676
2022-10-01,2022-10-01 18:42:42.262389,2022-10-01 19:10:10.121862
2022-10-02,2022-10-02 18:41:05.136987,2022-10-02 19:08:33.489095
2022-10-03,2022-10-03 18:39:28.397296,2022-10-03 19:06:57.369731
2022-10-04,2022-10-04 18:37:52.074544,2022-10-04 19:05:21.794278
2022-10-05,2022-10-05 18:36:16.200182,2022-10-05 19:03:46.793405
2022-10-06,2022-10-06 18:34:40.805892,2022-10-06 19:02:12.397938
2022-10-07,2022-10-07 18:33:05.923588,2022-10-07 19:00:38.638866
2022-10-08,2022-10-08 18:31:31.585421,2022-10-08 18:59:05.547342
2022-10-09,2022-10-09 18:29:57.823781,2022-10-09 18:57:33.154679
2022-10-10,2022-10-10 18:28:24.671295,2022-10-10 18:56:01.492352
2022-10-11,2022-10-11 18:26:52.160832,2022-10-11 18:54:30.591990
2022-10-12,2022-10-12 18:25:20.325496,2022-10-12 18:53:00.485377
2022-10-13,2022-10-13 18:23:49.198626,2022-10-13 18:51:31.204444
2022-10-14,2022-10-14 18:22:18.813793,2022-10-14 18:50:02.781260
2022-10-15,2022-10-15 18:20:49.204794,2022-10-15 18:48:35.248028
2022-10-16,2022-10-16 18:19:20.405646,2022-10-16 18:47:08.637072
2022-10-17,2022-10-17 18:17:52.450578,2022-10-17 18:45:42.980829
2022-10-18,2022-10-18 18:16:25.374024,2022-10-18 18:44:18.311832
2022-10-19,2022-10-19 18:14:59.210612,2022-10-19 18:42:54.662705
2022-10-20,2022-10-20 18:13:33.995153,2022-10-20 18:41:32.066138
2022-10-21,2022-10-21 18:12:09.762630,2022-10-21 18:40:10.554880
2022-10-22,2022-10-22 18:10:46.548181,2022-10-22 18:38:50.161714
2022-10-23,2022-10-23 18:09:24.387088,2022-10-23 18:37:30.919446
2022-10-24,2022-10-24 18:08:03.314757,2022-10-24 18:36:12.860877
2022-10-25,2022-10-25 18:06:43.366705,2022-10-25 18:34:56.018787
2022-10-26,2022-10-26 18:05:24.578535,2022-10-26 18:33:40.425912
2022-10-27,2022-10-27 18:04:06.985919,2022-10-27 18:32:26.114918
2022-10-28,2022-10-28 18:02:50.624578,2022-10-28 18:31:13.118376
2022-10-29,2022-10-29 18:01:35.530253,2022-10-29 18:30:01.468737
2022-10-30,2022-10-30 18:00:21.738687,2022-10-30 18:28:51.198304
2022-10-31,2022-10-31 17:59:09.285593,2022-10-31 18:27:42.339202
2022-11-01,2022-11-01 17:57:58.206628,2022-11-01 18:26:34.923347
2022-11-02,2022-11-02 17:56:48.537367,2022-11-02 18:25:28.982419
2022-11-03,2022-11-03 17:55:40.313267,2022-11-03 18:24:24.547821
2022-11-04,2022-11-04 17:54:33.569636,2022-11-04 18:23:21.650654
2022-11-05,2022-11-05 17:53:28.341602,2022-11-05 18:22:20.321676
2022-11-06,2022-11-06 16:52:24.664074,2022-11-06 17:21:20.591268
2022-11-07,2022-11-07 16:51:22.571702,2022-11-07 17:20:22.489393
2022-11-08,2022-11-08 16:50:22.098845,2022-11-08 17:19:26.045563
2022-11-09,2022-11-09 16:49:23.279523,2022-11-09 17:18:31.288792
2022-11-10,2022-11-10 16:48:26.147377,2022-11-10 17:17:38.247562
2022-11-11,2022-11-11 16:47:30.735623,2022-11-11 17:16:46.949774
2022-11-12,2022-11-12 16:46:37.077008,2022-11-12 17:15:57.422708
2022-11-13,2022-11-13 16:45:45.203758,2022-11-13 17:15:09.692979
2022-11-14,2022-11-14 16:44:55.147531,2022-11-14 17:14:23.786490
2022-11-15,2022-11-15 16:44:06.939361,2022-11-15 17:13:39.728386
2022-11-16,2022-11-16 16:43:20.609610,2022-11-16 17:12:57.543005
2022-11-17,2022-11-17 16:42:36.187904,2022-11-17 17:12:17.253833
2022-11-18,2022-11-18 16:41:53.703083,2022-11-18 17:11:38.883451
2022-11-19,2022-11-19 16:41:13.183137,2022-11-19 17:11:02.453488
2022-11-20,2022-11-20 16:40:34.655150,2022-11-20 17:10:27.984569
2022-11-21,2022-11-21 16:39:58.145230,2022-11-21 17:09:55.496265
2022-11-22,2022-11-22 16:39:23.678455,2022-11-22 17:09:25.007042
2022-11-23,2022-11-23 16:38:51.278799,2022-11-23 17:08:56.534206
2022-11-24,2022-11-24 16:38:20.969073,2022-11-24 17:08:30.093858
2022-11-25,2022-11-25 16:37:52.770853,2022-11-25 17:08:05.700834
2022-11-26,2022-11-26 16:37:26.704416,2022-11-26 17:07:43.368663
2022-11-27,2022-11-27 16:37:02.788672,2022-11-27 17:07:23.109509
2022-11-28,2022-11-28 16:36:41.041093,2022-11-28 17:07:04.934122
2022-11-29,2022-11-29 16:36:21.477647,2022-11-29 17:06:48.851794
2022-11-30,2022-11-30 16:36:04.112733,2022-11-30 17:06:34.870305
2022-12-01,2022-12-01 16:35:48.959108,2022-12-01 17:06:22.995879
2022-12-02,2022-12-02 16:35:36.027828,2022-12-02 17:06:13.233140
2022-12-03,2022-12-03 16:35:25.328180,2022-12-03 17:06:05.585066
2022-12-04,2022-12-04 16:35:16.867623,2022-12-04 17:06:00.052953
2022-12-05,2022-12-05 16:35:10.651726,2022-12-05 17:05:56.636373
2022-12-06,2022-12-06 16:35:06.684111,2022-12-06 17:05:55.333142
2022-12-07,2022-12-07 16:35:04.966402,2022-12-07 17:05:56.139285
2022-12-08,2022-12-08 16:35:05.498174,2022-12-08 17:05:59.049008
2022-12-09,2022-12-09 16:35:08.276904,2022-12-09 17:06:04.054677
2022-12-10,2022-12-10 16:35:13.297935,2022-12-10 17:06:11.146794
2022-12-11,2022-12-11 16:35:20.554440,2022-12-11 17:06:20.313980
2022-12-12,2022-12-12 16:35:30.037384,2022-12-12 17:06:31.542965
2022-12-13,2022-12-13 16:35:41.735509,2022-12-13 17:06:44.818584
2022-12-14,2022-12-14 16:35:55.635307,2022-12-14 17:07:00.123768
2022-12-15,2022-12-15 16:36:11.721015,2022-12-15 17:07:17.439556
2022-12-16,2022-12-16 16:36:29.974605,2022-12-16 17:07:36.745099
2022-12-17,2022-12-17 16:36:50.375788,2022-12-17 17:07:58.017677
2022-12-18,2022-12-18 16:37:12.902024,2022-12-18 17:08:21.232718
2022-12-19,2022-12-19 16:37:37.528539,2022-12-19 17:08:46.363828
2022-12-20,2022-12-20 16:38:04.228347,2022-12-20 17:09:13.382819
2022-12-21,2022-12-21 16:38:32.972288,2022-12-21 17:09:42.259751
2022-12-22,2022-12-22 16:39:03.729066,2022-12-22 17:10:12.962977
2022-12-23,2022-12-23 16:39:36.465294,2022-12-23 17:10:45.459191
2022-12-24,2022-12-24 16:40:11.145558,2022-12-24 17:11:19.713483
2022-12-25,2022-12-25 16:40:47.732472,2022-12-25 17:11:55.689405
2022-12-26,2022-12-26 16:41:26.186757,2022-12-26 17:12:33.349037
2022-12-27,2022-12-27 16:42:06.467314,2022-12-27 17:13:12.653057
2022-12-28,2022-12-28 16:42:48.531312,2022-12-28 17:13:53.560819
2022-12-29,2022-12-29 16:43:32.334278,2022-12-29 17:14:36.030440
2022-12-30,2022-12-30 16:44:17.830197,2022-12-30 17:15:20.018877
2022-12-31,2022-12-31 16:45:04.971612,2022-12-31 17:16:05.482029
2023-01-01,2023-01-01 16:45:53.709735,2023-01-01 17:16:52.374819
2023-01-02,2023-01-02 16:46:43.994559,2023-01-02 17:17:40.651301
2023-01-03,2023-01-03 16:47:35.774975,2023-01-03 17:18:30.264754
2023-01-04,2023-01-04 16:48:28.998892,2023-01-04 17:19:21.167786
2023-01-05,2023-01-05 16:49:23.613361,2023-01-05 17:20:13.312438
2023-01-06,2023-01-06 16:50:19.564698,2023-01-06 17:21:06.650288
2023-01-07,2023-01-07 16:51:16.798613,2023-01-07 17:22:01.132560
2023-01-08,2023-01-08 16:52:15.260337,2023-01-08 17:22:56.710225
2023-01-09,2023-01-09 16:53:14.894748,2023-01-09 17:23:53.334115
2023-01-10,2023-01-10 16:54:15.646502,2023-01-10 17:24:50.955019
2023-01-11,2023-01-11 16:55:17.460155,2023-01-11 17:25:49.523797
2023-01-12,2023-01-12 16:56:20.280291,2023-01-12 17:26:48.991478
2023-01-13,2023-01-13 16:57:24.051645,2023-01-13 17:27:49.309361
2023-01-14,2023-01-14 16:58:28.719220,2023-01-14 17:28:50.429117
2023-01-15,2023-01-15 16:59:34.228407,2023-01-15 17:29:52.302882
2023-01-16,2023-01-16 17:00:40.525097,2023-01-16 17:30:54.883351
2023-01-17,2023-01-17 17:01:47.555790,2023-01-17 17:31:58.123869
2023-01-18,2023-01-18 17:02:55.267702,2023-01-18 17:33:01.978516
2023-01-19,2023-01-19 17:04:03.608860,2023-01-19 17:34:06.402187
2023-01-20,2023-01-20 17:05:12.528204,2023-01-20 17:35:11.350675
2023-01-21,2023-01-21 17:06:21.975671,2023-01-21 17:36:16.780739
2023-01-22,2023-01-22 17:07:31.902280,2023-01-22 17:37:22.650172
2023-01-23,2023-01-23 17:08:42.260213,2023-01-23 17:38:28.917871
2023-01-24,2023-01-24 17:09:53.002883,2023-01-24 17:39:35.543891
2023-01-25,2023-01-25 17:11:04.085006,2023-01-25 17:40:42.489500
2023-01-26,2023-01-26 17:12:15.462655,2023-01-26 17:41:49.717227
2023-01-27,2023-01-27 17:13:27.093319,2023-01-27 17:42:57.190908
2023-01-28,2023-01-28 17:14:38.935948,2023-01-28 17:44:04.875724
2023-01-29,2023-01-29 17:15:50.950998,2023-01-29 17:45:12.738233
2023-01-30,2023-01-30 17:17:03.100465,2023-01-30 17:46:20.746401
2023-01-31,2023-01-31 17:18:15.347913,2023-01-31 17:47:28.869624
2023-02-01,2023-02-01 17:19:27.658505,2023-02-01 17:48:37.078747
2023-02-02,2023-02-02 17:20:39.999017,2023-02-02 17:49:45.346079
2023-02-03,2023-02-03 17:21:52.337850,2023-02-03 17:50:53.645405
2023-02-04,2023-02-04 17:23:04.645043,2023-02-04 17:52:01.951983
2023-02-05,2023-02-05 17:24:16.892274,2023-02-05 17:53:10.242554
2023-02-06,2023-02-06 17:25:29.052858,2023-02-06 17:54:18.495334
2023-02-07,2023-02-07 17:26:41.101739,2023-02-07 17:55:26.690008
2023-02-08,2023-02-08 17:27:53.015483,2023-02-08 17:56:34.807716
2023-02-09,2023-02-09 17:29:04.772262,2023-02-09 17:57:42.831044
2023-02-10,2023-02-10 17:30:16.351835,2023-02-10 17:58:50.744002
2023-02-11,2023-02-11 17:31:27.735526,2023-02-11 17:59:58.532004
2023-02-12,2023-02-12 17:32:38.906197,2023-02-12 18:01:06.181843
2023-02-13,2023-02-13 17:33:49.848224,2023-02-13 18:02:13.681667
2023-02-14,2023-02-14 17:35:00.547459,2023-02-14 18:03:21.020948
2023-02-15,2023-02-15 17:36:10.991202,2023-02-15 18:04:28.190450
2023-02-16,2023-02-16 17:37:21.168162,2023-02-16 18:05:35.182197
2023-02-17,2023-02-17 17:38:31.068417,2023-02-17 18:06:41.989436
2023-02-18,2023-02-18 17:39:40.683378,2023-02-18 18:07:48.606601
2023-02-19,2023-02-19 17:40:50.005742,2023-02-19 18:08:55.029274
2023-02-20,2023-02-20 17:41:59.029452,2023-02-20 18:10:01.254145
2023-02-21,2023-02-21 17:43:07.749653,2023-02-21 18:11:07.278972
2023-02-22,2023-02-22 17:44:16.162642,2023-02-22 18:12:13.102538
2023-02-23,2023-02-23 17:45:24.265827,2023-02-23 18:13:18.724608
2023-02-24,2023-02-24 17:46:32.057677,2023-02-24 18:14:24.145886
2023-02-25,2023-02-25 17:47:39.537674,2023-02-25 18:15:29.367973
2023-02-26,2023-02-26 17:48:46.706267,2023-02-26 18:16:34.393318
2023-02-27,2023-02-27 17:49:53.564824,2023-02-27 18:17:39.225182
2023-02-28,2023-02-28 17:51:00.115582,2023-02-28 18:18:43.867584
2023-03-01,2023-03-01 17:52:06.361601,2023-03-01 18:19:48.325263
2023-03-02,2023-03-02 17:53:12.306716,2023-03-02 18:20:52.603633
2023-03-03,2023-03-03 17:54:17.955490,2023-03-03 18:21:56.708738
2023-03-04,2023-03-04 17:55:23.313165,2023-03-04 18:23:00.647206
2023-03-05,2023-03-05 17:56:28.385620,2023-03-05 18:24:04.426210
2023-03-06,2023-03-06 17:57:33.179320,2023-03-06 18:25:08.053425
2023-03-07,2023-03-07 17:58:37.701276,2023-03-07 18:26:11.536980
2023-03-08,2023-03-08 17:59:41.958996,2023-03-08 18:27:14.885424
2023-03-09,2023-03-09 18:00:45.960445,2023-03-09 18:28:18.107678
2023-03-10,2023-03-10 18:01:49.714000,2023-03-10 18:29:21.213001
2023-03-11,2023-03-11 18:02:53.228406,2023-03-11 18:30:24.210943
2023-03-12,2023-03-12 19:03:56.512742,2023-03-12 19:31:27.111311
2023-03-13,2023-03-13 19:04:59.576372,2023-03-13 19:32:29.924129
2023-03-14,2023-03-14 19:06:02.428910,2023-03-14 19:33:32.659598
2023-03-15,2023-03-15 19:07:05.080179,2023-03-15 19:34:35.328062
2023-03-16,2023-03-16 19:08:07.540177,2023-03-16 19:35:37.939969
2023-03-17,2023-03-17 19:09:09.819033,2023-03-17 19:36:40.505833
2023-03-18,2023-03-18 19:10:11.926979,2023-03-18 19:37:43.036204
2023-03-19,2023-03-19 19:11:13.874305,2023-03-19 19:38:45.541627
2023-03-20,2023-03-20 19:12:15.671332,2023-03-20 19:39:48.032612
2023-03-21,2023-03-21 19:13:17.328373,2023-03-21 19:40:50.519596
2023-03-22,2023-03-22 19:14:18.855701,2023-03-22 19:41:53.012913
2023-03-23,2023-03-23 19:15:20.263513,2023-03-23 19:42:55.522759
2023-03-24,2023-03-24 19:16:21.561902,2023-03-24 19:43:58.059156
2023-03-25,2023-03-25 19:17:22.760823,2023-03-25 19:45:00.631926
2023-03-26,2023-03-26 19:18:23.870057,2023-03-26 19:46:03.250654
2023-03-27,2023-03-27 19:19:24.899188,2023-03-27 19:47:05.924654
2023-03-28,2023-03-28 19:20:25.857563,2023-03-28 19:48:08.662943
2023-03-29,2023-03-29 19:21:26.754268,2023-03-29 19:49:11.474203
2023-03-30,2023-03-30 19:22:27.598095,2023-03-30 19:50:14.366752
2023-03-31,2023-03-31 19:23:28.397511,2023-03-31 19:51:17.348512
2023-04-01,2023-04-01 19:24:29.160628,2023-04-01 19:52:20.426977
2023-04-02,2023-04-02 19:25:29.895176,2023-04-02 19:53:23.609179
2023-04-03,2023-04-03 19:26:30.608469,2023-04-03 19:54:26.901657
2023-04-04,2023-04-04 19:27:31.307377,2023-04-04 19:55:30.310427
2023-04-05,2023-04-05 19:28:31.998297,2023-04-05 19:56:33.840946
2023-04-06,2023-04-06 19:29:32.687124,2023-04-06 19:57:37.498081
2023-04-07,2023-04-07 19:30:33.379218,2023-04-07 19:58:41.286076
2023-04-08,2023-04-08 19:31:34.079375,2023-04-08 19:59:45.208520
2023-04-09,2023-04-09 19:32:34.791802,2023-04-09 20:00:49.268314
2023-04-10,2023-04-10 19:33:35.520080,2023-04-10 20:01:53.467635
2023-04-11,2023-04-11 19:34:36.267143,2023-04-11 20:02:57.807905
2023-04-12,2023-04-12 19:35:37.035238,2023-04-12 20:04:02.289757
2023-04-13,2023-04-13 19:36:37.825905,2023-04-13 20:05:06.913003
2023-04-14,2023-04-14 19:37:38.639942,2023-04-14 20:06:11.676598
2023-04-15,2023-04-15 19:38:39.477379,2023-04-15 20:07:16.578606
2023-04-16,2023-04-16 19:39:40.337444,2023-04-16 20:08:21.616170
2023-04-17,2023-04-17 19:40:41.218542,2023-04-17 20:09:26.785477
2023-04-18,2023-04-18 19:41:42.118218,2023-04-18 20:10:32.081724
2023-04-19,2023-04-19 19:42:43.033137,2023-04-19 20:11:37.499085
2023-04-20,2023-04-20 19:43:43.959049,2023-04-20 20:12:43.030682
2023-04-21,2023-04-21 19:44:44.890769,2023-04-21 20:13:48.668552
2023-04-22,2023-04-22 19:45:45.822146,2023-04-22 20:14:54.403613
2023-04-23,2023-04-23 19:46:46.746038,2023-04-23 20:16:00.225640
2023-04-24,2023-04-24 19:47:47.654293,2023-04-24 20:17:06.123231
2023-04-25,2023-04-25 19:48:48.537717,2023-04-25 20:18:12.083782
2023-04-26,2023-04-26 19:49:49.386059,2023-04-26 20:19:18.093457
2023-04-27,2023-04-27 19:50:50.187986,2023-04-27 20:20:24.137168
2023-04-28,2023-04-28 19:51:50.931065,2023-04-28 20:21:30.198549
2023-04-29,2023-04-29 19:52:51.601747,2023-04-29 20:22:36.259932
2023-04-30,2023-04-30 19:53:52.185346,2023-04-30 20:23:42.302333
2023-05-01,2023-05-01 19:54:52.666032,2023-05-01 20:24:48.305430
2023-05-02,2023-05-02 19:55:53.026813,2023-05-02 20:25:54.247550
2023-05-03,2023-05-03 19:56:53.249525,2023-05-03 20:27:00.105657
2023-05-04,2023-05-04 19:57:53.314832,2023-05-04 20:28:05.855344
2023-05-05,2023-05-05 19:58:53.202212,2023-05-05 20:29:11.470823
2023-05-06,2023-05-06 19:59:52.889959,2023-05-06 20:30:16.924925
2023-05-07,2023-05-07 20:00:52.355187,2023-05-07 20:31:22.189101
2023-05-08,2023-05-08 20:01:51.573826,2023-05-08 20:32:27.233424
2023-05-09,2023-05-09 20:02:50.520636,2023-05-09 20:33:32.026598
2023-05-10,2023-05-10 20:03:49.169213,2023-05-10 20:34:36.535973
2023-05-11,2023-05-11 20:04:47.492005,2023-05-11 20:35:40.727556
2023-05-12,2023-05-12 20:05:45.460326,2023-05-12 20:36:44.566036
2023-05-13,2023-05-13 20:06:43.044381,2023-05-13 20:37:48.014809
2023-05-14,2023-05-14 20:07:40.213286,2023-05-14 20:38:51.036006
2023-05-15,2023-05-15 20:08:36.935099,2023-05-15 20:39:53.590533
2023-05-16,2023-05-16 20:09:33.176851,2023-05-16 20:40:55.638104
2023-05-17,2023-05-17 20:10:28.904584,2023-05-17 20:41:57.137294
2023-05-18,2023-05-18 20:11:24.083388,2023-05-18 20:42:58.045581
2023-05-19,2023-05-19 20:12:18.677446,2023-05-19 20:43:58.319409
2023-05-20,2023-05-20 20:13:12.650082,2023-05-20 20:44:57.914244
2023-05-21,2023-05-21 20:14:05.963814,2023-05-21 20:45:56.784643
2023-05-22,2023-05-22 20:14:58.580407,2023-05-22 20:46:54.884320
2023-05-23,2023-05-23 20:15:50.460934,2023-05-23 20:47:52.166227
2023-05-24,2023-05-24 20:16:41.565839,2023-05-24 20:48:48.582631
2023-05-25,2023-05-25 20:17:31.855003,2023-05-25 20:49:44.085203
2023-05-26,2023-05-26 20:18:21.287812,2023-05-26 20:50:38.625103
2023-05-27,2023-05-27 20:19:09.823233,2023-05-27 20:51:32.153080
2023-05-28,2023-05-28 20:19:57.419891,2023-05-28 20:52:24.619564
2023-05-29,2023-05-29 20:20:44.036141,2023-05-29 20:53:15.974775
2023-05-30,2023-05-30 20:21:29.630158,2023-05-30 20:54:06.168820
2023-05-31,2023-05-31 20:22:14.160013,2023-05-31 20:54:55.151811
2023-06-01,2023-06-01 20:22:57.583764,2023-06-01 20:55:42.873966
2023-06-02,2023-06-02 20:23:39.859537,2023-06-02 20:56:29.285729
2023-06-03,2023-06-03 20:24:20.945621,2023-06-03 20:57:14.337881
2023-06-04,2023-06-04 20:25:00.800551,2023-06-04 20:57:57.981658
2023-06-05,2023-06-05 20:25:39.383202,2023-06-05 20:58:40.168863
2023-06-06,2023-06-06 20:26:16.652875,2023-06-06 20:59:20.851990
2023-06-07,2023-06-07 20:26:52.569392,2023-06-07 20:59:59.984331
2023-06-08,2023-06-08 20:27:27.093177,2023-06-08 21:00:37.520096
2023-06-09,2023-06-09 20:28:00.185351,2023-06-09 21:01:13.414526
2023-06-10,2023-06-10 20:28:31.807817,2023-06-10 21:01:47.624000
2023-06-11,2023-06-11 20:29:01.923341,2023-06-11 21:02:20.106148
2023-06-12,2023-06-12 20:29:30.495641,2023-06-12 21:02:50.819950
2023-06-13,2023-06-13 20:29:57.489460,2023-06-13 21:03:19.725843
2023-06-14,2023-06-14 20:30:22.870649,2023-06-14 21:03:46.785809
2023-06-15,2023-06-15 20:30:46.606236,2023-06-15 21:04:11.963474
2023-06-16,2023-06-16 20:31:08.664503,2023-06-16 21:04:35.224187
2023-06-17,2023-06-17 20:31:29.015044,2023-06-17 21:04:56.535105
2023-06-18,2023-06-18 20:31:47.628834,2023-06-18 21:05:15.865262
2023-06-19,2023-06-19 20:32:04.478285,2023-06-19 21:05:33.185637
2023-06-20,2023-06-20 20:32:19.537298,2023-06-20 21:05:48.469216
2023-06-21,2023-06-21 20:32:32.781312,2023-06-21 21:06:01.691041
2023-06-22,2023-06-22 20:32:44.187350,2023-06-22 21:06:12.828258
2023-06-23,2023-06-23 20:32:53.734053,2023-06-23 21:06:21.860152
2023-06-24,2023-06-24 20:33:01.401718,2023-06-24 21:06:28.768179
2023-06-25,2023-06-25 20:33:07.172323,2023-06-25 21:06:33.535988
2023-06-26,2023-06-26 20:33:11.029549,2023-06-26 21:06:36.149434
2023-06-27,2023-06-27 20:33:12.958803,2023-06-27 21:06:36.596587
2023-06-28,2023-06-28 20:33:12.947221,2023-06-28 21:06:34.867731
2023-06-29,2023-06-29 20:33:10.983686,2023-06-29 21:06:30.955357
2023-06-30,2023-06-30 20:33:07.058820,2023-06-30 21:06:24.854148
2023-07-01,2023-07-01 20:33:01.164988,2023-07-01 21:06:16.560957
2023-07-02,2023-07-02 20:32:53.296289,2023-07-02 21:06:06.074783
2023-07-03,2023-07-03 20:32:43.448541,2023-07-03 21:05:53.396733
2023-07-04,2023-07-04 20:32:31.619267,2023-07-04 21:05:38.529984
2023-07-05,2023-07-05 20:32:17.807675,2023-07-05 21:05:21.479740
2023-07-06,2023-07-06 20:32:02.014630,2023-07-06 21:05:02.253184
2023-07-07,2023-07-07 20:31:44.242630,2023-07-07 21:04:40.859417
2023-07-08,2023-07-08 20:31:24.495770,2023-07-08 21:04:17.309410
2023-07-09,2023-07-09 20:31:02.779711,2023-07-09 21:03:51.615935
2023-07-10,2023-07-10 20:30:39.101639,2023-07-10 21:03:23.793504
2023-07-11,2023-07-11 20:30:13.470225,2023-07-11 21:02:53.858304
2023-07-12,2023-07-12 20:29:45.895585,2023-07-12 21:02:21.828124
2023-07-13,2023-07-13 20:29:16.389234,2023-07-13 21:01:47.722285
2023-07-14,2023-07-14 20:28:44.964036,2023-07-14 21:01:11.561571
2023-07-15,2023-07-15 20:28:11.634160,2023-07-15 21:00:33.368152
2023-07-16,2023-07-16 20:27:36.415031,2023-07-16 20:59:53.165516
2023-07-17,2023-07-17 20:26:59.323276,2023-07-17 20:59:10.978387
2023-07-18,2023-07-18 20:26:20.376677,2023-07-18 20:58:26.832659
2023-07-19,2023-07-19 20:25:39.594115,2023-07-19 20:57:40.755321
2023-07-20,2023-07-20 20:24:56.995521,2023-07-20 20:56:52.774382
2023-07-21,2023-07-21 20:24:12.601825,2023-07-21 20:56:02.918802
2023-07-22,2023-07-22 20:23:26.434900,2023-07-22 20:55:11.218424
2023-07-23,2023-07-23 20:22:38.517516,2023-07-23 20:54:17.703900
2023-07-24,2023-07-24 20:21:48.873281,2023-07-24 20:53:22.406631
2023-07-25,2023-07-25 20:20:57.526598,2023-07-25 20:52:25.358696
2023-07-26,2023-07-26 20:20:04.502611,2023-07-26 20:51:26.592793
2023-07-27,2023-07-27 20:19:09.827156,2023-07-27 20:50:26.142176
2023-07-28,2023-07-28 20:18:13.526713,2023-07-28 20:49:24.040597
2023-07-29,2023-07-29 20:17:15.628361,2023-07-29 20:48:20.322250
2023-07-30,2023-07-30 20:16:16.159730,2023-07-30 20:47:15.021715
2023-07-31,2023-07-31 20:15:15.148956,2023-07-31 20:46:08.173909
2023-08-01,2023-08-01 20:14:12.624640,2023-08-01 20:44:59.814033
2023-08-02,2023-08-02 20:13:08.615803,2023-08-02 20:43:49.977529
2023-08-03,2023-08-03 20:12:03.151848,2023-08-03 20:42:38.700032
2023-08-04,2023-08-04 20:10:56.262521,2023-08-04 20:41:26.017330
2023-08-05,2023-08-05 20:09:47.977870,2023-08-05 20:40:11.965321
2023-08-06,2023-08-06 20:08:38.328214,2023-08-06 20:38:56.579982
2023-08-07,2023-08-07 20:07:27.344104,2023-08-07 20:37:39.897326
2023-08-08,2023-08-08 20:06:15.056295,2023-08-08 20:36:21.953375
2023-08-09,2023-08-09 20:05:01.495709,2023-08-09 20:35:02.784124
2023-08-10,2023-08-10 20:03:46.693411,2023-08-10 20:33:42.425519
2023-08-11,2023-08-11 20:02:30.680575,2023-08-11 20:32:20.913425
2023-08-12,2023-08-12 20:01:13.488466,2023-08-12 20:30:58.283606
2023-08-13,2023-08-13 19:59:55.148406,2023-08-13 20:29:34.571700
2023-08-14,2023-08-14 19:58:35.691755,2023-08-14 20:28:09.813199
2023-08-15,2023-08-15 19:57:15.149893,2023-08-15 20:26:44.043432
2023-08-16,2023-08-16 19:55:53.554193,2023-08-16 20:25:17.297549
2023-08-17,2023-08-17 19:54:30.936008,2023-08-17 20:23:49.610504
2023-08-18,2023-08-18 19:53:07.326649,2023-08-18 20:22:21.017045
2023-08-19,2023-08-19 19:51:42.757376,2023-08-19 20:20:51.551702
2023-08-20,2023-08-20 19:50:17.259379,2023-08-20 20:19:21.248774
2023-08-21,2023-08-21 19:48:50.863769,2023-08-21 20:17:50.142329
2023-08-22,2023-08-22 19:47:23.601564,2023-08-22 20:16:18.266190
2023-08-23,2023-08-23 19:45:55.503682,2023-08-23 20:14:45.653934
2023-08-24,2023-08-24 19:44:26.600932,2023-08-24 20:13:12.338889
2023-08-25,2023-08-25 19:42:56.924007,2023-08-25 20:11:38.354130
2023-08-26,2023-08-26 19:41:26.503482,2023-08-26 20:10:03.732480
2023-08-27,2023-08-27 19:39:55.369804,2023-08-27 20:08:28.506510
2023-08-28,2023-08-28 19:38:23.553295,2023-08-28 20:06:52.708541
2023-08-29,2023-08-29 19:36:51.084149,2023-08-29 20:05:16.370648
2023-08-30,2023-08-30 19:35:17.992430,2023-08-30 20:03:39.524661
2023-08-31,2023-08-31 19:33:44.308076,2023-08-31 20:02:02.202177
2023-09-01,2023-09-01 19:32:10.060898,2023-09-01 20:00:24.434560
2023-09-02,2023-09-02 19:30:35.280587,2023-09-02 19:58:46.252949
2023-09-03,2023-09-03 19:28:59.996717,2023-09-03 19:57:07.688270
2023-09-04,2023-09-04 19:27:24.238747,2023-09-04 19:55:28.771242
2023-09-05,2023-09-05 19:25:48.036034,2023-09-05 19:53:49.532388
2023-09-06,2023-09-06 19:24:11.417834,2023-09-06 19:52:10.002047
2023-09-07,2023-09-07 19:22:34.413313,2023-09-07 19:50:30.210381
2023-09-08,2023-09-08 19:20:57.051556,2023-09-08 19:48:50.187392
2023-09-09,2023-09-09 19:19:19.361578,2023-09-09 19:47:09.962932
2023-09-10,2023-09-10 19:17:41.372329,2023-09-10 19:45:29.566715
2023-09-11,2023-09-11 19:16:03.112712,2023-09-11 19:43:49.028334
2023-09-12,2023-09-12 19:14:24.611587,2023-09-12 19:42:08.377272
2023-09-13,2023-09-13 19:12:45.897792,2023-09-13 19:40:27.642916
2023-09-14,2023-09-14 19:11:07.000145,2023-09-14 19:38:46.854574
2023-09-15,2023-09-15 19:09:27.947467,2023-09-15 19:37:06.041485
2023-09-16,2023-09-16 19:07:48.768585,2023-09-16 19:35:25.232839
2023-09-17,2023-09-17 19:06:09.492354,2023-09-17 19:33:44.457790
2023-09-18,2023-09-18 19:04:30.147666,2023-09-18 19:32:03.745465
2023-09-19,2023-09-19 19:02:50.763463,2023-09-19 19:30:23.124989
2023-09-20,2023-09-20 19:01:11.368753,2023-09-20 19:28:42.625489
2023-09-21,2023-09-21 18:59:31.992620,2023-09-21 19:27:02.276117
2023-09-22,2023-09-22 18:57:52.664241,2023-09-22 19:25:22.106055
2023-09-23,2023-09-23 18:56:13.412897,2023-09-23 19:23:42.144536
2023-09-24,2023-09-24 18:54:34.267986,2023-09-24 19:22:02.420853
2023-09-25,2023-09-25 18:52:55.259035,2023-09-25 19:20:22.964373
2023-09-26,2023-09-26 18:51:16.415715,2023-09-26 19:18:43.804547
2023-09-27,2023-09-27 18:49:37.767848,2023-09-27 19:17:04.970922
2023-09-28,2023-09-28 18:47:59.345422,2023-09-28 19:15:26.493154
2023-09-29,2023-09-29 18:46:21.178600,2023-09-29 19:13:48.401015
2023-09-30,2023-09-30 18:44:43.297729,2023-09-30 19:12:10.724402
2023-10-01,2023-10-01 18:43:05.733352,2023-10-01 19:10:33.493345
2023-10-02,2023-10-02 18:41:28.516213,2023-10-02 19:08:56.738018
2023-10-03,2023-10-03 18:39:51.677269,2023-10-03 19:07:20.488739
2023-10-04,2023-10-04 18:38:15.247692,2023-10-04 19:05:44.775981
2023-10-05,2023-10-05 18:36:39.258880,2023-10-05 19:04:09.630372
2023-10-06,2023-10-06 18:35:03.742457,2023-10-06 19:02:35.082700
2023-10-07,2023-10-07 18:33:28.730281,2023-10-07 19:01:01.163916
2023-10-08,2023-10-08 18:31:54.254446,2023-10-08 18:59:27.905133
2023-10-09,2023-10-09 18:30:20.347285,2023-10-09 18:57:55.337624
2023-10-10,2023-10-10 18:28:47.041367,2023-10-10 18:56:23.492826
2023-10-11,2023-10-11 18:27:14.369504,2023-10-11 18:54:52.402332
2023-10-12,2023-10-12 18:25:42.364742,2023-10-12 18:53:22.097889
2023-10-13,2023-10-13 18:24:11.060366,2023-10-13 18:51:52.611394
2023-10-14,2023-10-14 18:22:40.489891,2023-10-14 18:50:23.974883
2023-10-15,2023-10-15 18:21:10.687060,2023-10-15 18:48:56.220528
2023-10-16,2023-10-16 18:19:41.685838,2023-10-16 18:47:29.380626
2023-10-17,2023-10-17 18:18:13.520405,2023-10-17 18:46:03.487588
2023-10-18,2023-10-18 18:16:46.225147,2023-10-18 18:44:38.573925
2023-10-19,2023-10-19 18:15:19.834646,2023-10-19 18:43:14.672242
2023-10-20,2023-10-20 18:13:54.383671,2023-10-20 18:41:51.815215
2023-10-21,2023-10-21 18:12:29.907167,2023-10-21 18:40:30.035581
2023-10-22,2023-10-22 18:11:06.440235,2023-10-22 18:39:09.366119
2023-10-23,2023-10-23 18:09:44.018125,2023-10-23 18:37:49.839630
2023-10-24,2023-10-24 18:08:22.676218,2023-10-24 18:36:31.488920
2023-10-25,2023-10-25 18:07:02.450004,2023-10-25 18:35:14.346778
2023-10-26,2023-10-26 18:05:43.375070,2023-10-26 18:33:58.445954
2023-10-27,2023-10-27 18:04:25.487075,2023-10-27 18:32:43.819133
2023-10-28,2023-10-28 18:03:08.821731,2023-10-28 18:31:30.498915
2023-10-29,2023-10-29 18:01:53.414779,2023-10-29 18:30:18.517782
2023-10-30,2023-10-30 18:00:39.301963,2023-10-30 18:29:07.908078
2023-10-31,2023-10-31 17:59:26.519009,2023-10-31 18:27:58.701974
2023-11-01,2023-11-01 17:58:15.101593,2023-11-01 18:26:50.931443
2023-11-02,2023-11-02 17:57:05.085312,2023-11-02 18:25:44.628225
2023-11-03,2023-11-03 17:55:56.505657,2023-11-03 18:24:39.823796
2023-11-04,2023-11-04 17:54:49.397978,2023-11-04 18:23:36.549335
2023-11-05,2023-11-05 16:53:43.797451,2023-11-05 17:22:34.835687
2023-11-06,2023-11-06 16:52:39.739042,2023-11-06 17:21:34.713329
2023-11-07,2023-11-07 16:51:37.257472,2023-11-07 17:20:36.212332
2023-11-08,2023-11-08 16:50:36.387174,2023-11-08 17:19:39.362322
2023-11-09,2023-11-09 16:49:37.162255,2023-11-09 17:18:44.192439
2023-11-10,2023-11-10 16:48:39.616456,2023-11-10 17:17:50.731300
2023-11-11,2023-11-11 16:47:43.783101,2023-11-11 17:16:59.006951
2023-11-12,2023-11-12 16:46:49.695058,2023-11-12 17:16:09.046829
2023-11-13,2023-11-13 16:45:57.384684,2023-11-13 17:15:20.877718
2023-11-14,2023-11-14 16:45:06.883782,2023-11-14 17:14:34.525697
2023-11-15,2023-11-15 16:44:18.223545,2023-11-15 17:13:50.016100
2023-11-16,2023-11-16 16:43:31.434503,2023-11-16 17:13:07.373470
2023-11-17,2023-11-17 16:42:46.546469,2023-11-17 17:12:26.621502
2023-11-18,2023-11-18 16:42:03.588480,2023-11-18 17:11:47.783005
2023-11-19,2023-11-19 16:41:22.588739,2023-11-19 17:11:10.879843
2023-11-20,2023-11-20 16:40:43.574557,2023-11-20 17:10:35.932893
2023-11-21,2023-11-21 16:40:06.572287,2023-11-21 17:10:02.961985
2023-11-22,2023-11-22 16:39:31.607263,2023-11-22 17:09:31.985861
2023-11-23,2023-11-23 16:38:58.703735,2023-11-23 17:09:03.022113
2023-11-24,2023-11-24 16:38:27.884802,2023-11-24 17:08:36.087140
2023-11-25,2023-11-25 16:37:59.172349,2023-11-25 17:08:11.196092
2023-11-26,2023-11-26 16:37:32.586975,2023-11-26 17:07:48.362820
2023-11-27,2023-11-27 16:37:08.147928,2023-11-27 17:07:27.599823
2023-11-28,2023-11-28 16:36:45.873036,2023-11-28 17:07:08.918202
2023-11-29,2023-11-29 16:36:25.778640,2023-11-29 17:06:52.327606
2023-11-30,2023-11-30 16:36:07.879525,2023-11-30 17:06:37.836188
2023-12-01,2023-12-01 16:35:52.188854,2023-12-01 17:06:25.450552
2023-12-02,2023-12-02 16:35:38.718101,2023-12-02 17:06:15.175717
2023-12-03,2023-12-03 16:35:27.476990,2023-12-03 17:06:07.015063
2023-12-04,2023-12-04 16:35:18.473428,2023-12-04 17:06:00.970298
2023-12-05,2023-12-05 16:35:11.713448,2023-12-05 17:05:57.041416
2023-12-06,2023-12-06 16:35:07.201150,2023-12-06 17:05:55.226662
2023-12-07,2023-12-07 16:35:04.938646,2023-12-07 17:05:55.522497
2023-12-08,2023-12-08 16:35:04.926012,2023-12-08 17:05:57.923573
2023-12-09,2023-12-09 16:35:07.161238,2023-12-09 17:06:02.422702
2023-12-10,2023-12-10 16:35:11.640190,2023-12-10 17:06:09.010839
2023-12-11,2023-12-11 16:35:18.356566,2023-12-11 17:06:17.677063
2023-12-12,2023-12-12 16:35:27.301870,2023-12-12 17:06:28.408563
2023-12-13,2023-12-13 16:35:38.465384,2023-12-13 17:06:41.190633
2023-12-14,2023-12-14 16:35:51.834146,2023-12-14 17:06:56.006664
2023-12-15,2023-12-15 16:36:07.392940,2023-12-15 17:07:12.838155
2023-12-16,2023-12-16 16:36:25.124285,2023-12-16 17:07:31.664710
2023-12-17,2023-12-17 16:36:45.008440,2023-12-17 17:07:52.464060
2023-12-18,2023-12-18 16:37:07.023407,2023-12-18 17:08:15.212081
2023-12-19,2023-12-19 16:37:31.144950,2023-12-19 17:08:39.882814
2023-12-20,2023-12-20 16:37:57.346616,2023-12-20 17:09:06.448504
2023-12-21,2023-12-21 16:38:25.599766,2023-12-21 17:09:34.879630
2023-12-22,2023-12-22 16:38:55.873617,2023-12-22 17:10:05.144952
2023-12-23,2023-12-23 16:39:28.135281,2023-12-23 17:10:37.211560
2023-12-24,2023-12-24 16:40:02.349829,2023-12-24 17:11:11.044927
2023-12-25,2023-12-25 16:40:38.480344,2023-12-25 17:11:46.608970
2023-12-26,2023-12-26 16:41:16.487997,2023-12-26 17:12:23.866117
2023-12-27,2023-12-27 16:41:56.332122,2023-12-27 17:13:02.777377
2023-12-28,2023-12-28 16:42:37.970295,2023-12-28 17:13:43.302418
2023-12-29,2023-12-29 16:43:21.358432,2023-12-29 17:14:25.399644
2023-12-30,2023-12-30 16:44:06.450879,2023-12-30 17:15:09.026286
2023-12-31,2023-12-31 16:44:53.200517,2023-12-31 17:15:54.138487
2024-01-01,2024-01-01 16:45:41.558867,2024-01-01 17:16:40.691397
2024-01-02,2024-01-02 16:46:31.476207,2024-01-02 17:17:28.639270
2024-01-03,2024-01-03 16:47:22.901679,2024-01-03 17:18:17.935561
2024-01-04,2024-01-04 16:48:15.783418,2024-01-04 17:19:08.533030
2024-01-05,2024-01-05 16:49:10.068669,2024-01-05 17:20:00.383842
2024-01-06,2024-01-06 16:50:05.703912,2024-01-06 17:20:53.439678
2024-01-07,2024-01-07 16:51:02.634989,2024-01-07 17:21:47.651834
2024-01-08,2024-01-08 16:52:00.807233,2024-01-08 17:22:42.971332
2024-01-09,2024-01-09 16:53:00.165595,2024-01-09 17:23:39.349024
2024-01-10,2024-01-10 16:54:00.654770,2024-01-10 17:24:36.735700
2024-01-11,2024-01-11 16:55:02.219323,2024-01-11 17:25:35.082190
2024-01-12,2024-01-12 16:56:04.803819,2024-01-12 17:26:34.339471
2024-01-13,2024-01-13 16:57:08.352942,2024-01-13 17:27:34.458765
2024-01-14,2024-01-14 16:58:12.811617,2024-01-14 17:28:35.391643
2024-01-15,2024-01-15 16:59:18.125129,2024-01-15 17:29:37.090117
2024-01-16,2024-01-16 17:00:24.239236,2024-01-16 17:30:39.506737
2024-01-17,2024-01-17 17:01:31.100277,2024-01-17 17:31:42.594680
2024-01-18,2024-01-18 17:02:38.655283,2024-01-18 17:32:46.307839
2024-01-19,2024-01-19 17:03:46.852075,2024-01-19 17:33:50.600903
2024-01-20,2024-01-20 17:04:55.639360,2024-01-20 17:34:55.429437
2024-01-21,2024-01-21 17:06:04.966824,2024-01-21 17:36:00.749958
2024-01-22,2024-01-22 17:07:14.785215,2024-01-22 17:37:06.520002
2024-01-23,2024-01-23 17:08:25.046424,2024-01-23 17:38:12.698192
2024-01-24,2024-01-24 17:09:35.703558,2024-01-24 17:39:19.244294
2024-01-25,2024-01-25 17:10:46.711010,2024-01-25 17:40:26.119275
2024-01-26,2024-01-26 17:11:58.024516,2024-01-26 17:41:33.285356
2024-01-27,2024-01-27 17:13:09.601217,2024-01-27 17:42:40.706049
2024-01-28,2024-01-28 17:14:21.399704,2024-01-28 17:43:48.346206
2024-01-29,2024-01-29 17:15:33.380062,2024-01-29 17:44:56.172045
2024-01-30,2024-01-30 17:16:45.503909,2024-01-30 17:46:04.151189
2024-01-31,2024-01-31 17:17:57.734428,2024-01-31 17:47:12.252684
2024-02-01,2024-02-01 17:19:10.036388,2024-02-01 17:48:20.447021
2024-02-02,2024-02-02 17:20:22.376174,2024-02-02 17:49:28.706154
2024-02-03,2024-02-03 17:21:34.721790,2024-02-03 17:50:37.003506
2024-02-04,2024-02-04 17:22:47.042877,2024-02-04 17:51:45.313978
2024-02-05,2024-02-05 17:23:59.310716,2024-02-05 17:52:53.613951
2024-02-06,2024-02-06 17:25:11.498222,2024-02-06 17:54:01.881284
2024-02-07,2024-02-07 17:26:23.579947,2024-02-07 17:55:10.095305
2024-02-08,2024-02-08 17:27:35.532064,2024-02-08 17:56:18.236803
2024-02-09,2024-02-09 17:28:47.332356,2024-02-09 17:57:26.288014
2024-02-10,2024-02-10 17:29:58.960199,2024-02-10 17:58:34.232603
2024-02-11,2024-02-11 17:31:10.396538,2024-02-11 17:59:42.055647
2024-02-12,2024-02-12 17:32:21.623867,2024-02-12 18:00:49.743606
2024-02-13,2024-02-13 17:33:32.626196,2024-02-13 18:01:57.284303
2024-02-14,2024-02-14 17:34:43.389022,2024-02-14 18:03:04.666889
2024-02-15,2024-02-15 17:35:53.899297,2024-02-15 18:04:11.881819
2024-02-16,2024-02-16 17:37:04.145391,2024-02-16 18:05:18.920815
2024-02-17,2024-02-17 17:38:14.117056,2024-02-17 18:06:25.776830
2024-02-18,2024-02-18 17:39:23.805381,2024-02-18 18:07:32.444014
2024-02-19,2024-02-19 17:40:33.202756,2024-02-19 18:08:38.917673
2024-02-20,2024-02-20 17:41:42.302826,2024-02-20 18:09:45.194234
2024-02-21,2024-02-21 17:42:51.100448,2024-02-21 18:10:51.271199
2024-02-22,2024-02-22 17:43:59.591646,2024-02-22 18:11:57.147106
2024-02-23,2024-02-23 17:45:07.773562,2024-02-23 18:13:02.821486
2024-02-24,2024-02-24 17:46:15.644411,2024-02-24 18:14:08.294820
2024-02-25,2024-02-25 17:47:23.203435,2024-02-25 18:15:13.568494
2024-02-26,2024-02-26 17:48:30.450853,2024-02-26 18:16:18.644758
2024-02-27,2024-02-27 17:49:37.387815,2024-02-27 18:17:23.526678
2024-02-28,2024-02-28 17:50:44.016351,2024-02-28 18:18:28.218095
2024-02-29,2024-02-29 17:51:50.339327,2024-02-29 18:19:32.723578
2024-03-01,2024-03-01 17:52:56.360394,2024-03-01 18:20:37.048380
2024-03-02,2024-03-02 17:54:02.083943,2024-03-02 18:21:41.198397
2024-03-03,2024-03-03 17:55:07.515056,2024-03-03 18:22:45.180120
2024-03-04,2024-03-04 17:56:12.659463,2024-03-04 18:23:49.000594
2024-03-05,2024-03-05 17:57:17.523491,2024-03-05 18:24:52.667375
2024-03-06,2024-03-06 17:58:22.114021,2024-03-06 18:25:56.188487
2024-03-07,2024-03-07 17:59:26.438448,2024-03-07 18:26:59.572381
2024-03-08,2024-03-08 18:00:30.504627,2024-03-08 18:28:02.827893
2024-03-09,2024-03-09 18:01:34.320841,2024-03-09 18:29:05.964202
2024-03-10,2024-03-10 19:02:37.895751,2024-03-10 19:30:08.990792
2024-03-11,2024-03-11 19:03:41.238357,2024-03-11 19:31:11.917411
2024-03-12,2024-03-12 19:04:44.357957,2024-03-12 19:32:14.754035
2024-03-13,2024-03-13 19:05:47.264111,2024-03-13 19:33:17.510825
2024-03-14,2024-03-14 19:06:49.966593,2024-03-14 19:34:20.198094
2024-03-15,2024-03-15 19:07:52.475362,2024-03-15 19:35:22.826267
2024-03-16,2024-03-16 19:08:54.800521,2024-03-16 19:36:25.405848
2024-03-17,2024-03-17 19:09:56.952278,2024-03-17 19:37:27.947378
2024-03-18,2024-03-18 19:10:58.940914,2024-03-18 19:38:30.461410
2024-03-19,2024-03-19 19:12:00.776744,2024-03-19 19:39:32.958463
2024-03-20,2024-03-20 19:13:02.470087,2024-03-20 19:40:35.448997
2024-03-21,2024-03-21 19:14:04.031228,2024-03-21 19:41:37.943371
2024-03-22,2024-03-22 19:15:05.470387,2024-03-22 19:42:40.451820
2024-03-23,2024-03-23 19:16:06.797684,2024-03-23 19:43:42.984409
2024-03-24,2024-03-24 19:17:08.023110,2024-03-24 19:44:45.551013
2024-03-25,2024-03-25 19:18:09.156492,2024-03-25 19:45:48.161276
2024-03-26,2024-03-26 19:19:10.207464,2024-03-26 19:46:50.824581
2024-03-27,2024-03-27 19:20:11.185432,2024-03-27 19:47:53.550019
2024-03-28,2024-03-28 19:21:12.099549,2024-03-28 19:48:56.346356
2024-03-29,2024-03-29 19:22:12.958679,2024-03-29 19:49:59.222001
2024-03-30,2024-03-30 19:23:13.771372,2024-03-30 19:51:02.184974
2024-03-31,2024-03-31 19:24:14.545828,2024-03-31 19:52:05.242874
2024-04-01,2024-04-01 19:25:15.289871,2024-04-01 19:53:08.402849
2024-04-02,2024-04-02 19:26:16.010918,2024-04-02 19:54:11.671559
2024-04-03,2024-04-03 19:27:16.715950,2024-04-03 19:55:15.055149
2024-04-04,2024-04-04 19:28:17.411480,2024-04-04 19:56:18.559213
2024-04-05,2024-04-05 19:29:18.103526,2024-04-05 19:57:22.188764
2024-04-06,2024-04-06 19:30:18.797579,2024-04-06 19:58:25.948199
2024-04-07,2024-04-07 19:31:19.498576,2024-04-07 19:59:29.841267
2024-04-08,2024-04-08 19:32:20.210865,2024-04-08 20:00:33.871037
2024-04-09,2024-04-09 19:33:20.938184,2024-04-09 20:01:38.039864
2024-04-10,2024-04-10 19:34:21.683623,2024-04-10 20:02:42.349354
2024-04-11,2024-04-11 19:35:22.449597,2024-04-11 20:03:46.800334
2024-04-12,2024-04-12 19:36:23.237820,2024-04-12 20:04:51.392816
2024-04-13,2024-04-13 19:37:24.049270,2024-04-13 20:05:56.125963
2024-04-14,2024-04-14 19:38:24.884164,2024-04-14 20:07:00.998057
2024-04-15,2024-04-15 19:39:25.741927,2024-04-15 20:08:06.006466
2024-04-16,2024-04-16 19:40:26.621163,2024-04-16 20:09:11.147608
2024-04-17,2024-04-17 19:41:27.519627,2024-04-17 20:10:16.416922
2024-04-18,2024-04-18 19:42:28.434197,2024-04-18 20:11:21.808831
2024-04-19,2024-04-19 19:43:29.360846,2024-04-19 20:12:27.316712
2024-04-20,2024-04-20 19:44:30.294617,2024-04-20 20:13:32.932865
2024-04-21,2024-04-21 19:45:31.229591,2024-04-21 20:14:38.648480
2024-04-22,2024-04-22 19:46:32.158869,2024-04-22 20:15:44.453609
2024-04-23,2024-04-23 19:47:33.074541,2024-04-23 20:16:50.337134
2024-04-24,2024-04-24 19:48:33.967666,2024-04-24 20:17:56.286743
2024-04-25,2024-04-25 19:49:34.828250,2024-04-25 20:19:02.288898
2024-04-26,2024-04-26 19:50:35.645220,2024-04-26 20:20:08.328813
2024-04-27,2024-04-27 19:51:36.406409,2024-04-27 20:21:14.390431
2024-04-28,2024-04-28 19:52:37.098538,2024-04-28 20:22:20.456398
2024-04-29,2024-04-29 19:53:37.707195,2024-04-29 20:23:26.508047
2024-04-30,2024-04-30 19:54:38.216825,2024-04-30 20:24:32.525378
2024-05-01,2024-05-01 19:55:38.610715,2024-05-01 20:25:38.487044
2024-05-02,2024-05-02 19:56:38.870985,2024-05-02 20:26:44.370337
2024-05-03,2024-05-03 19:57:38.978578,2024-05-03 20:27:50.151177
2024-05-04,2024-05-04 19:58:38.913258,2024-05-04 20:28:55.804110
2024-05-05,2024-05-05 19:59:38.653604,2024-05-05 20:30:01.302296
2024-05-06,2024-05-06 20:00:38.177011,2024-05-06 20:31:06.617517
2024-05-07,2024-05-07 20:01:37.459692,2024-05-07 20:32:11.720176
2024-05-08,2024-05-08 20:02:36.476688,2024-05-08 20:33:16.579305
2024-05-09,2024-05-09 20:03:35.201872,2024-05-09 20:34:21.162574
2024-05-10,2024-05-10 20:04:33.607966,2024-05-10 20:35:25.436311
2024-05-11,2024-05-11 20:05:31.666553,2024-05-11 20:36:29.365519
2024-05-12,2024-05-12 20:06:29.348102,2024-05-12 20:37:32.913900
2024-05-13,2024-05-13 20:07:26.621987,2024-05-13 20:38:36.043886
2024-05-14,2024-05-14 20:08:23.456518,2024-05-14 20:39:38.716671
2024-05-15,2024-05-15 20:09:19.818968,2024-05-15 20:40:40.892252
2024-05-16,2024-05-16 20:10:15.675611,2024-05-16 20:41:42.529469
2024-05-17,2024-05-17 20:11:10.991762,2024-05-17 20:42:43.586061
2024-05-18,2024-05-18 20:12:05.731817,2024-05-18 20:43:44.018711
2024-05-19,2024-05-19 20:12:59.859301,2024-05-19 20:44:43.783114
2024-05-20,2024-05-20 20:13:53.336918,2024-05-20 20:45:42.834038
2024-05-21,2024-05-21 20:14:46.126610,2024-05-21 20:46:41.125391
2024-05-22,2024-05-22 20:15:38.189608,2024-05-22 20:47:38.610299
2024-05-23,2024-05-23 20:16:29.486502,2024-05-23 20:48:35.241185
2024-05-24,2024-05-24 20:17:19.977299,2024-05-24 20:49:30.969855
2024-05-25,2024-05-25 20:18:09.621498,2024-05-25 20:50:25.747580
2024-05-26,2024-05-26 20:18:58.378159,2024-05-26 20:51:19.525199
2024-05-27,2024-05-27 20:19:46.205980,2024-05-27 20:52:12.253209
2024-05-28,2024-05-28 20:20:33.063375,2024-05-28 20:53:03.881868
2024-05-29,2024-05-29 20:21:18.908552,2024-05-29 20:53:54.361300
2024-05-30,2024-05-30 20:22:03.699599,2024-05-30 20:54:43.641605
2024-05-31,2024-05-31 20:22:47.394568,2024-05-31 20:55:31.672964
2024-06-01,2024-06-01 20:23:29.951562,2024-06-01 20:56:18.405755
2024-06-02,2024-06-02 20:24:11.328820,2024-06-02 20:57:03.790668
2024-06-03,2024-06-03 20:24:51.484810,2024-06-03 20:57:47.778816
2024-06-04,2024-06-04 20:25:30.378317,2024-06-04 20:58:30.321857
2024-06-05,2024-06-05 20:26:07.968532,2024-06-05 20:59:11.372106
2024-06-06,2024-06-06 20:26:44.215140,2024-06-06 20:59:50.882652
2024-06-07,2024-06-07 20:27:19.078415,2024-06-07 21:00:28.807475
2024-06-08,2024-06-08 20:27:52.519302,2024-06-08 21:01:05.101557
2024-06-09,2024-06-09 20:28:24.499507,2024-06-09 21:01:39.720993
2024-06-10,2024-06-10 20:28:54.981582,2024-06-10 21:02:12.623104
2024-06-11,2024-06-11 20:29:23.929008,2024-06-11 21:02:43.766535
2024-06-12,2024-06-12 20:29:51.306275,2024-06-12 21:03:13.111364
2024-06-13,2024-06-13 20:30:17.078960,2024-06-13 21:03:40.619194
2024-06-14,2024-06-14 20:30:41.213805,2024-06-14 21:04:06.253247
2024-06-15,2024-06-15 20:31:03.678781,2024-06-15 21:04:29.978453
2024-06-16,2024-06-16 20:31:24.443163,2024-06-16 21:04:51.761527
2024-06-17,2024-06-17 20:31:43.477590,2024-06-17 21:05:11.571046
2024-06-18,2024-06-18 20:32:00.754122,2024-06-18 21:05:29.377518
2024-06-19,2024-06-19 20:32:16.246300,2024-06-19 21:05:45.153440
2024-06-20,2024-06-20 20:32:29.929189,2024-06-20 21:05:58.873359
2024-06-21,2024-06-21 20:32:41.779428,2024-06-21 21:06:10.513912
2024-06-22,2024-06-22 20:32:51.775268,2024-06-22 21:06:20.053867
2024-06-23,2024-06-23 20:32:59.896605,2024-06-23 21:06:27.474158
2024-06-24,2024-06-24 20:33:06.125011,2024-06-24 21:06:32.757906
2024-06-25,2024-06-25 20:33:10.443759,2024-06-25 21:06:35.890437
2024-06-26,2024-06-26 20:33:12.837838,2024-06-26 21:06:36.859289
2024-06-27,2024-06-27 20:33:13.293972,2024-06-27 21:06:35.654217
2024-06-28,2024-06-28 20:33:11.800621,2024-06-28 21:06:32.267183
2024-06-29,2024-06-29 20:33:08.347993,2024-06-29 21:06:26.692347
2024-06-30,2024-06-30 20:33:02.928035,2024-06-30 21:06:18.926045
2024-07-01,2024-07-01 20:32:55.534431,2024-07-01 21:06:08.966763
2024-07-02,2024-07-02 20:32:46.162587,2024-07-02 21:05:56.815106
2024-07-03,2024-07-03 20:32:34.809622,2024-07-03 21:05:42.473761
2024-07-04,2024-07-04 20:32:21.474339,2024-07-04 21:05:25.947450
2024-07-05,2024-07-05 20:32:06.157211,2024-07-05 21:05:07.242886
2024-07-06,2024-07-06 20:31:48.860346,2024-07-06 21:04:46.368716
2024-07-07,2024-07-07 20:31:29.587459,2024-07-07 21:04:23.335468
2024-07-08,2024-07-08 20:31:08.343839,2024-07-08 21:03:58.155490
2024-07-09,2024-07-09 20:30:45.136311,2024-07-09 21:03:30.842882
2024-07-10,2024-07-10 20:30:19.973193,2024-07-10 21:03:01.413437
2024-07-11,2024-07-11 20:29:52.864260,2024-07-11 21:02:29.884564
2024-07-12,2024-07-12 20:29:23.820694,2024-07-12 21:01:56.275227
2024-07-13,2024-07-13 20:28:52.855041,2024-07-13 21:01:20.605865
2024-07-14,2024-07-14 20:28:19.981163,2024-07-14 21:00:42.898324
2024-07-15,2024-07-15 20:27:45.214186,2024-07-15 21:00:03.175780
2024-07-16,2024-07-16 20:27:08.570455,2024-07-16 20:59:21.462670
2024-07-17,2024-07-17 20:26:30.067479,2024-07-17 20:58:37.784614
2024-07-18,2024-07-18 20:25:49.723881,2024-07-18 20:57:52.168346
2024-07-19,2024-07-19 20:25:07.559345,2024-07-19 20:57:04.641636
2024-07-20,2024-07-20 20:24:23.594566,2024-07-20 20:56:15.233224
2024-07-21,2024-07-21 20:23:37.851197,2024-07-21 20:55:23.972746
2024-07-22,2024-07-22 20:22:50.351795,2024-07-22 20:54:30.890669
2024-07-23,2024-07-23 20:22:01.119773,2024-07-23 20:53:36.018219
2024-07-24,2024-07-24 20:21:10.179349,2024-07-24 20:52:39.387318
2024-07-25,2024-07-25 20:20:17.555493,2024-07-25 20:51:41.030523
2024-07-26,2024-07-26 20:19:23.273879,2024-07-26 20:50:40.980959
2024-07-27,2024-07-27 20:18:27.360838,2024-07-27 20:49:39.272264
2024-07-28,2024-07-28 20:17:29.843309,2024-07-28 20:48:35.938532
2024-07-29,2024-07-29 20:16:30.748794,2024-07-29 20:47:31.014255
2024-07-30,2024-07-30 20:15:30.105312,2024-07-30 20:46:24.534273
2024-07-31,2024-07-31 20:14:27.941356,2024-07-31 20:45:16.533724
2024-08-01,2024-08-01 20:13:24.285849,2024-08-01 20:44:07.047996
2024-08-02,2024-08-02 20:12:19.168108,2024-08-02 20:42:56.112683
2024-08-03,2024-08-03 20:11:12.617799,2024-08-03 20:41:43.763538
2024-08-04,2024-08-04 20:10:04.664901,2024-08-04 20:40:30.036439
2024-08-05,2024-08-05 20:08:55.339671,2024-08-05 20:39:14.967344
2024-08-06,2024-08-06 20:07:44.672608,2024-08-06 20:37:58.592262
2024-08-07,2024-08-07 20:06:32.694420,2024-08-07 20:36:40.947215
2024-08-08,2024-08-08 20:05:19.435993,2024-08-08 20:35:22.068208
2024-08-09,2024-08-09 20:04:04.928358,2024-08-09 20:34:01.991201
2024-08-10,2024-08-10 20:02:49.202667,2024-08-10 20:32:40.752080
2024-08-11,2024-08-11 20:01:32.290165,2024-08-11 20:31:18.386636
2024-08-12,2024-08-12 20:00:14.222162,2024-08-12 20:29:54.930538
2024-08-13,2024-08-13 19:58:55.030013,2024-08-13 20:28:30.419314
2024-08-14,2024-08-14 19:57:34.745092,2024-08-14 20:27:04.888336
2024-08-15,2024-08-15 19:56:13.398776,2024-08-15 20:25:38.372796
2024-08-16,2024-08-16 19:54:51.022424,2024-08-16 20:24:10.907697
2024-08-17,2024-08-17 19:53:27.647360,2024-08-17 20:22:42.527836
2024-08-18,2024-08-18 19:52:03.304857,2024-08-18 20:21:13.267797
2024-08-19,2024-08-19 19:50:38.026122,2024-08-19 20:19:43.161936
2024-08-20,2024-08-20 19:49:11.842286,2024-08-20 20:18:12.244375
2024-08-21,2024-08-21 19:47:44.784390,2024-08-21 20:16:40.548997
2024-08-22,2024-08-22 19:46:16.883376,2024-08-22 20:15:08.109437
2024-08-23,2024-08-23 19:44:48.170081,2024-08-23 20:13:34.959084
2024-08-24,2024-08-24 19:43:18.675226,2024-08-24 20:12:01.131072
2024-08-25,2024-08-25 19:41:48.429413,2024-08-25 20:10:26.658286
2024-08-26,2024-08-26 19:40:17.463120,2024-08-26 20:08:51.573355
2024-08-27,2024-08-27 19:38:45.806701,2024-08-27 20:07:15.908660
2024-08-28,2024-08-28 19:37:13.490378,2024-08-28 20:05:39.696334
2024-08-29,2024-08-29 19:35:40.544246,2024-08-29 20:04:02.968267
2024-08-30,2024-08-30 19:34:06.998274,2024-08-30 20:02:25.756108
2024-08-31,2024-08-31 19:32:32.882302,2024-08-31 20:00:48.091277
2024-09-01,2024-09-01 19:30:58.226050,2024-09-01 19:59:10.004966
2024-09-02,2024-09-02 19:29:23.059117,2024-09-02 19:57:31.528151
2024-09-03,2024-09-03 19:27:47.410991,2024-09-03 19:55:52.691598
2024-09-04,2024-09-04 19:26:11.311051,2024-09-04 19:54:13.525878
2024-09-05,2024-09-05 19:24:34.788576,2024-09-05 19:52:34.061369
2024-09-06,2024-09-06 19:22:57.872753,2024-09-06 19:50:54.328277
2024-09-07,2024-09-07 19:21:20.592685,2024-09-07 19:49:14.356639
2024-09-08,2024-09-08 19:19:42.977402,2024-09-08 19:47:34.176341
2024-09-09,2024-09-09 19:18:05.055868,2024-09-09 19:45:53.817130
2024-09-10,2024-09-10 19:16:26.856995,2024-09-10 19:44:13.308624
2024-09-11,2024-09-11 19:14:48.409653,2024-09-11 19:42:32.680332
2024-09-12,2024-09-12 19:13:09.742683,2024-09-12 19:40:51.961660
2024-09-13,2024-09-13 19:11:30.884905,2024-09-13 19:39:11.181935
2024-09-14,2024-09-14 19:09:51.865138,2024-09-14 19:37:30.370410
2024-09-15,2024-09-15 19:08:12.712207,2024-09-15 19:35:49.556284
2024-09-16,2024-09-16 19:06:33.454957,2024-09-16 19:34:08.768717
2024-09-17,2024-09-17 19:04:54.122269,2024-09-17 19:32:28.036843
2024-09-18,2024-09-18 19:03:14.743071,2024-09-18 19:30:47.389782
2024-09-19,2024-09-19 19:01:35.346353,2024-09-19 19:29:06.856661
2024-09-20,2024-09-20 18:59:55.961180,2024-09-20 19:27:26.466622
2024-09-21,2024-09-21 18:58:16.616704,2024-09-21 19:25:46.248839
2024-09-22,2024-09-22 18:56:37.342179,2024-09-22 19:24:06.232531
2024-09-23,2024-09-23 18:54:58.166973,2024-09-23 19:22:26.446974
2024-09-24,2024-09-24 18:53:19.120581,2024-09-24 19:20:46.921515
2024-09-25,2024-09-25 18:51:40.232636,2024-09-25 19:19:07.685582
2024-09-26,2024-09-26 18:50:01.532923,2024-09-26 19:17:28.768701
2024-09-27,2024-09-27 18:48:23.051388,2024-09-27 19:15:50.200497
2024-09-28,2024-09-28 18:46:44.818150,2024-09-28 19:14:12.010712
2024-09-29,2024-09-29 18:45:06.863511,2024-09-29 19:12:34.229213
2024-09-30,2024-09-30 18:43:29.217964,2024-09-30 19:10:56.885998
2024-10-01,2024-10-01 18:41:51.912206,2024-10-01 19:09:20.011202
2024-10-02,2024-10-02 18:40:14.977139,2024-10-02 19:07:43.635110
2024-10-03,2024-10-03 18:38:38.443884,2024-10-03 19:06:07.788154
2024-10-04,2024-10-04 18:37:02.343782,2024-10-04 19:04:32.500927
2024-10-05,2024-10-05 18:35:26.708403,2024-10-05 19:02:57.804176
2024-10-06,2024-10-06 18:33:51.569547,2024-10-06 19:01:23.728812
2024-10-07,2024-10-07 18:32:16.959252,2024-10-07 18:59:50.305909
2024-10-08,2024-10-08 18:30:42.909791,2024-10-08 18:58:17.566702
2024-10-09,2024-10-09 18:29:09.453678,2024-10-09 18:56:45.542588
2024-10-10,2024-10-10 18:27:36.623665,2024-10-10 18:55:14.265123
2024-10-11,2024-10-11 18:26:04.452743,2024-10-11 18:53:43.766016
2024-10-12,2024-10-12 18:24:32.974138,2024-10-12 18:52:14.077129
2024-10-13,2024-10-13 18:23:02.221310,2024-10-13 18:50:45.230466
2024-10-14,2024-10-14 18:21:32.227949,2024-10-14 18:49:17.258167
2024-10-15,2024-10-15 18:20:03.027967,2024-10-15 18:47:50.192499
2024-10-16,2024-10-16 18:18:34.655492,2024-10-16 18:46:24.065846
2024-10-17,2024-10-17 18:17:07.144863,2024-10-17 18:44:58.910699
2024-10-18,2024-10-18 18:15:40.530614,2024-10-18 18:43:34.759640
2024-10-19,2024-10-19 18:14:14.847473,2024-10-19 18:42:11.645330
2024-10-20,2024-10-20 18:12:50.130342,2024-10-20 18:40:49.600494
2024-10-21,2024-10-21 18:11:26.414287,2024-10-21 18:39:28.657902
2024-10-22,2024-10-22 18:10:03.734524,2024-10-22 18:38:08.850352
2024-10-23,2024-10-23 18:08:42.126405,2024-10-23 18:36:50.210653
2024-10-24,2024-10-24 18:07:21.625395,2024-10-24 18:35:32.771599
2024-10-25,2024-10-25 18:06:02.267062,2024-10-25 18:34:16.565953
2024-10-26,2024-10-26 18:04:44.087049,2024-10-26 18:33:01.626420
2024-10-27,2024-10-27 18:03:27.121058,2024-10-27 18:31:47.985621
2024-10-28,2024-10-28 18:02:11.404827,2024-10-28 18:30:35.676073
2024-10-29,2024-10-29 18:00:56.974102,2024-10-29 18:29:24.730155
2024-10-30,2024-10-30 17:59:43.864617,2024-10-30 18:28:15.180084
2024-10-31,2024-10-31 17:58:32.112064,2024-10-31 18:27:07.057885
2024-11-01,2024-11-01 17:57:21.752063,2024-11-01 18:26:00.395358
2024-11-02,2024-11-02 17:56:12.820135,2024-11-02 18:24:55.224047
2024-11-03,2024-11-03 16:55:05.351668,2024-11-03 17:23:51.575207
2024-11-04,2024-11-04 16:53:59.381885,2024-11-04 17:22:49.479769
2024-11-05,2024-11-05 16:52:54.945806,2024-11-05 17:21:48.968304
2024-11-06,2024-11-06 16:51:52.078218,2024-11-06 17:20:50.070985
2024-11-07,2024-11-07 16:50:50.813626,2024-11-07 17:19:52.817550
2024-11-08,2024-11-08 16:49:51.186224,2024-11-08 17:18:57.237262
2024-11-09,2024-11-09 16:48:53.229845,2024-11-09 17:18:03.358870
2024-11-10,2024-11-10 16:47:56.977920,2024-11-10 17:17:11.210563
2024-11-11,2024-11-11 16:47:02.463433,2024-11-11 17:16:20.819932
2024-11-12,2024-11-12 16:46:09.718870,2024-11-12 17:15:32.213923
2024-11-13,2024-11-13 16:45:18.776175,2024-11-13 17:14:45.418790
2024-11-14,2024-11-14 16:44:29.666694,2024-11-14 17:14:00.460056
2024-11-15,2024-11-15 16:43:42.421124,2024-11-15 17:13:17.362458
2024-11-16,2024-11-16 16:42:57.069457,2024-11-16 17:12:36.149904
2024-11-17,2024-11-17 16:42:13.640925,2024-11-17 17:11:56.845423
2024-11-18,2024-11-18 16:41:32.163941,2024-11-18 17:11:19.471112
2024-11-19,2024-11-19 16:40:52.666038,2024-11-19 17:10:44.048094
2024-11-20,2024-11-20 16:40:15.173806,2024-11-20 17:10:10.596458
2024-11-21,2024-11-21 16:39:39.712834,2024-11-21 17:09:39.135215
2024-11-22,2024-11-22 16:39:06.307641,2024-11-22 17:09:09.682242
2024-11-23,2024-11-23 16:38:34.981613,2024-11-23 17:08:42.254231
2024-11-24,2024-11-24 16:38:05.756935,2024-11-24 17:08:16.866642
2024-11-25,2024-11-25 16:37:38.654523,2024-11-25 17:07:53.533644
2024-11-26,2024-11-26 16:37:13.693961,2024-11-26 17:07:32.268070
2024-11-27,2024-11-27 16:36:50.893428,2024-11-27 17:07:13.081365
2024-11-28,2024-11-28 16:36:30.269631,2024-11-28 17:06:55.983535
2024-11-29,2024-11-29 16:36:11.837738,2024-11-29 17:06:40.983100
2024-11-30,2024-11-30 16:35:55.611312,2024-11-30 17:06:28.087043
2024-12-01,2024-12-01 16:35:41.602243,2024-12-01 17:06:17.300773
2024-12-02,2024-12-02 16:35:29.820684,2024-12-02 17:06:08.628070
2024-12-03,2024-12-03 16:35:20.274988,2024-12-03 17:06:02.071052
2024-12-04,2024-12-04 16:35:12.971648,2024-12-04 17:05:57.630131
2024-12-05,2024-12-05 16:35:07.915235,2024-12-05 17:05:55.303979
2024-12-06,2024-12-06 16:35:05.108351,2024-12-06 17:05:55.089493
2024-12-07,2024-12-07 16:35:04.551567,2024-12-07 17:05:56.981765
2024-12-08,2024-12-08 16:35:06.243383,2024-12-08 17:06:00.974055
2024-12-09,2024-12-09 16:35:10.180181,2024-12-09 17:06:07.057770
2024-12-10,2024-12-10 16:35:16.356189,2024-12-10 17:06:15.222444
2024-12-11,2024-12-11 16:35:24.763444,2024-12-11 17:06:25.455725
2024-12-12,2024-12-12 16:35:35.391768,2024-12-12 17:06:37.743366
2024-12-13,2024-12-13 16:35:48.228743,2024-12-13 17:06:52.069220
2024-12-14,2024-12-14 16:36:03.259699,2024-12-14 17:07:08.415241
2024-12-15,2024-12-15 16:36:20.467704,2024-12-15 17:07:26.761493
2024-12-16,2024-12-16 16:36:39.833563,2024-12-16 17:07:47.086158
2024-12-17,2024-12-17 16:37:01.335821,2024-12-17 17:08:09.365558
2024-12-18,2024-12-18 16:37:24.950784,2024-12-18 17:08:33.574177
2024-12-19,2024-12-19 16:37:50.652532,2024-12-19 17:08:59.684689
2024-12-20,2024-12-20 16:38:18.412951,2024-12-20 17:09:27.667999
2024-12-21,2024-12-21 16:38:48.201771,2024-12-21 17:09:57.493277
2024-12-22,2024-12-22 16:39:19.986610,2024-12-22 17:10:29.128012
2024-12-23,2024-12-23 16:39:53.733026,2024-12-23 17:11:02.538063
2024-12-24,2024-12-24 16:40:29.404578,2024-12-24 17:11:37.687718
2024-12-25,2024-12-25 16:41:06.962891,2024-12-25 17:12:14.539759
2024-12-26,2024-12-26 16:41:46.367734,2024-12-26 17:12:53.055530
2024-12-27,2024-12-27 16:42:27.577102,2024-12-27 17:13:33.195015
2024-12-28,2024-12-28 16:43:10.547303,2024-12-28 17:14:14.916919
2024-12-29,2024-12-29 16:43:55.233053,2024-12-29 17:14:58.178745
2024-12-30,2024-12-30 16:44:41.587576,2024-12-30 17:15:42.936892
2024-12-31,2024-12-31 16:45:29.562714,2024-12-31 17:16:29.146742
2025-01-01,2025-01-01 16:46:19.109030,2025-01-01 17:17:16.762754
2025-01-02,2025-01-02 16:47:10.175934,2025-01-02 17:18:05.738568
2025-01-03,2025-01-03 16:48:02.711790,2025-01-03 17:18:56.027101
2025-01-04,2025-01-04 16:48:56.664046,2025-01-04 17:19:47.580653
2025-01-05,2025-01-05 16:49:51.979356,2025-01-05 17:20:40.351011
2025-01-06,2025-01-06 16:50:48.603703,2025-01-06 17:21:34.289554
2025-01-07,2025-01-07 16:51:46.482532,2025-01-07 17:22:29.347359
2025-01-08,2025-01-08 16:52:45.560873,2025-01-08 17:23:25.475311
2025-01-09,2025-01-09 16:53:45.783468,2025-01-09 17:24:22.624202
2025-01-10,2025-01-10 16:54:47.094905,2025-01-10 17:25:20.744843
2025-01-11,2025-01-11 16:55:49.439735,2025-01-11 17:26:19.788166
2025-01-12,2025-01-12 16:56:52.762601,2025-01-12 17:27:19.705323
2025-01-13,2025-01-13 16:57:57.008358,2025-01-13 17:28:20.447791
2025-01-14,2025-01-14 16:59:02.122192,2025-01-14 17:29:21.967465
2025-01-15,2025-01-15 17:00:08.049735,2025-01-15 17:30:24.216756
2025-01-16,2025-01-16 17:01:14.737176,2025-01-16 17:31:27.148680
2025-01-17,2025-01-17 17:02:22.131367,2025-01-17 17:32:30.716948
2025-01-18,2025-01-18 17:03:30.179929,2025-01-18 17:33:34.876049
2025-01-19,2025-01-19 17:04:38.831344,2025-01-19 17:34:39.581328
2025-01-20,2025-01-20 17:05:48.035052,2025-01-20 17:35:44.789064
2025-01-21,2025-01-21 17:06:57.741537,2025-01-21 17:36:50.456538
2025-01-22,2025-01-22 17:08:07.902403,2025-01-22 17:37:56.542105
2025-01-23,2025-01-23 17:09:18.470458,2025-01-23 17:39:03.005248
2025-01-24,2025-01-24 17:10:29.399776,2025-01-24 17:40:09.806637
2025-01-25,2025-01-25 17:11:40.645761,2025-01-25 17:41:16.908185
2025-01-26,2025-01-26 17:12:52.165210,2025-01-26 17:42:24.273086
2025-01-27,2025-01-27 17:14:03.916355,2025-01-27 17:43:31.865864
2025-01-28,2025-01-28 17:15:15.858918,2025-01-28 17:44:39.652402
2025-01-29,2025-01-29 17:16:27.954140,2025-01-29 17:45:47.599980
2025-01-30,2025-01-30 17:17:40.164823,2025-01-30 17:46:55.677297
2025-01-31,2025-01-31 17:18:52.455348,2025-01-31 17:48:03.854491
2025-02-01,2025-02-01 17:20:04.791708,2025-02-01 17:49:12.103160
2025-02-02,2025-02-02 17:21:17.141511,2025-02-02 17:50:20.396369
2025-02-03,2025-02-03 17:22:29.474003,2025-02-03 17:51:28.708663
2025-02-04,2025-02-04 17:23:41.760065,2025-02-04 17:52:37.016061
2025-02-05,2025-02-05 17:24:53.972217,2025-02-05 17:53:45.296066
2025-02-06,2025-02-06 17:26:06.084615,2025-02-06 17:54:53.527648
2025-02-07,2025-02-07 17:27:18.073038,2025-02-07 17:56:01.691244
2025-02-08,2025-02-08 17:28:29.914882,2025-02-08 17:57:09.768740
2025-02-09,2025-02-09 17:29:41.589138,2025-02-09 17:58:17.743457
2025-02-10,2025-02-10 17:30:53.076373,2025-02-10 17:59:25.600130
2025-02-11,2025-02-11 17:32:04.358706,2025-02-11 18:00:33.324887
2025-02-12,2025-02-12 17:33:15.419784,2025-02-12 18:01:40.905221
2025-02-13,2025-02-13 17:34:26.244744,2025-02-13 18:02:48.329966
2025-02-14,2025-02-14 17:35:36.820191,2025-02-14 18:03:55.589262
2025-02-15,2025-02-15 17:36:47.134153,2025-02-15 18:05:02.674526
2025-02-16,2025-02-16 17:37:57.176050,2025-02-16 18:06:09.578417
2025-02-17,2025-02-17 17:39:06.936651,2025-02-17 18:07:16.294798
2025-02-18,2025-02-18 17:40:16.408035,2025-02-18 18:08:22.818697
2025-02-19,2025-02-19 17:41:25.583546,2025-02-19 18:09:29.146274
2025-02-20,2025-02-20 17:42:34.457750,2025-02-20 18:10:35.274772
2025-02-21,2025-02-21 17:43:43.026394,2025-02-21 18:11:41.202483
2025-02-22,2025-02-22 17:44:51.286351,2025-02-22 18:12:46.928700
2025-02-23,2025-02-23 17:45:59.235581,2025-02-23 18:13:52.453677
2025-02-24,2025-02-24 17:47:06.873082,2025-02-24 18:14:57.778586
2025-02-25,2025-02-25 17:48:14.198839,2025-02-25 18:16:02.905471
2025-02-26,2025-02-26 17:49:21.213781,2025-02-26 18:17:07.837202
2025-02-27,2025-02-27 17:50:27.919729,2025-02-27 18:18:12.577438
2025-02-28,2025-02-28 17:51:34.319350,2025-02-28 18:19:17.130573
2025-03-01,2025-03-01 17:52:40.416109,2025-03-01 18:20:21.501701
2025-03-02,2025-03-02 17:53:46.214222,2025-03-02 18:21:25.696563
2025-03-03,2025-03-03 17:54:51.718607,2025-03-03 18:22:29.721510
2025-03-04,2025-03-04 17:55:56.934841,2025-03-04 18:23:33.583457
2025-03-05,2025-03-05 17:57:01.869110,2025-03-05 18:24:37.289840
2025-03-06,2025-03-06 17:58:06.528166,2025-03-06 18:25:40.848572
2025-03-07,2025-03-07 17:59:10.919281,2025-03-07 18:26:44.268005
2025-03-08,2025-03-08 18:00:15.050203,2025-03-08 18:27:47.556884
2025-03-09,2025-03-09 19:01:18.929115,2025-03-09 19:28:50.724308
2025-03-10,2025-03-10 19:02:22.564590,2025-03-10 19:29:53.779691
2025-03-11,2025-03-11 19:03:25.965548,2025-03-11 19:30:56.732720
2025-03-12,2025-03-12 19:04:29.141220,2025-03-12 19:31:59.593319
2025-03-13,2025-03-13 19:05:32.101104,2025-03-13 19:33:02.371607
2025-03-14,2025-03-14 19:06:34.854926,2025-03-14 19:34:05.077862
2025-03-15,2025-03-15 19:07:37.412604,2025-03-15 19:35:07.722487
2025-03-16,2025-03-16 19:08:39.784207,2025-03-16 19:36:10.315967
2025-03-17,2025-03-17 19:09:41.979922,2025-03-17 19:37:12.868838
2025-03-18,2025-03-18 19:10:44.010014,2025-03-18 19:38:15.391653
2025-03-19,2025-03-19 19:11:45.884794,2025-03-19 19:39:17.894942
2025-03-20,2025-03-20 19:12:47.614581,2025-03-20 19:40:20.389180
2025-03-21,2025-03-21 19:13:49.209671,2025-03-21 19:41:22.884754
2025-03-22,2025-03-22 19:14:50.680303,2025-03-22 19:42:25.391932
2025-03-23,2025-03-23 19:15:52.036623,2025-03-23 19:43:27.920821
2025-03-24,2025-03-24 19:16:53.288655,2025-03-24 19:44:30.481346
2025-03-25,2025-03-25 19:17:54.446269,2025-03-25 19:45:33.083207
2025-03-26,2025-03-26 19:18:55.519147,2025-03-26 19:46:35.735854
2025-03-27,2025-03-27 19:19:56.516752,2025-03-27 19:47:38.448450
2025-03-28,2025-03-28 19:20:57.448302,2025-03-28 19:48:41.229842
2025-03-29,2025-03-29 19:21:58.322731,2025-03-29 19:49:44.088526
2025-03-30,2025-03-30 19:22:59.148668,2025-03-30 19:50:47.032621
2025-03-31,2025-03-31 19:23:59.934399,2025-03-31 19:51:50.069828
2025-04-01,2025-04-01 19:25:00.687842,2025-04-01 19:52:53.207405
2025-04-02,2025-04-02 19:26:01.416512,2025-04-02 19:53:56.452134
2025-04-03,2025-04-03 19:27:02.127499,2025-04-03 19:54:59.810285
2025-04-04,2025-04-04 19:28:02.827431,2025-04-04 19:56:03.287587
2025-04-05,2025-04-05 19:29:03.522446,2025-04-05 19:57:06.889196
2025-04-06,2025-04-06 19:30:04.218165,2025-04-06 19:58:10.619660
2025-04-07,2025-04-07 19:31:04.919660,2025-04-07 19:59:14.482885
2025-04-08,2025-04-08 19:32:05.631425,2025-04-08 20:00:18.482108
2025-04-09,2025-04-09 19:33:06.357345,2025-04-09 20:01:22.619857
2025-04-10,2025-04-10 19:34:07.100668,2025-04-10 20:02:26.897921
2025-04-11,2025-04-11 19:35:07.863974,2025-04-11 20:03:31.317316
2025-04-12,2025-04-12 19:36:08.649149,2025-04-12 20:04:35.878254
2025-04-13,2025-04-13 19:37:09.457349,2025-04-13 20:05:40.580104
2025-04-14,2025-04-14 19:38:10.288976,2025-04-14 20:06:45.421363
2025-04-15,2025-04-15 19:39:11.143649,2025-04-15 20:07:50.399620
2025-04-16,2025-04-16 19:40:12.020170,2025-04-16 20:08:55.511525
2025-04-17,2025-04-17 19:41:12.916501,2025-04-17 20:10:00.752754
2025-04-18,2025-04-18 19:42:13.829733,2025-04-18 20:11:06.117977
2025-04-19,2025-04-19 19:43:14.756059,2025-04-19 20:12:11.600824
2025-04-20,2025-04-20 19:44:15.690746,2025-04-20 20:13:17.193858
2025-04-21,2025-04-21 19:45:16.628109,2025-04-21 20:14:22.888536
2025-04-22,2025-04-22 19:46:17.561487,2025-04-22 20:15:28.675187
2025-04-23,2025-04-23 19:47:18.483214,2025-04-23 20:16:34.542976
2025-04-24,2025-04-24 19:48:19.384600,2025-04-24 20:17:40.479879
2025-04-25,2025-04-25 19:49:20.255902,2025-04-25 20:18:46.472655
2025-04-26,2025-04-26 19:50:21.086311,2025-04-26 20:19:52.506820
2025-04-27,2025-04-27 19:51:21.863924,2025-04-27 20:20:58.566623
2025-04-28,2025-04-28 19:52:22.575729,2025-04-28 20:22:04.635024
2025-04-29,2025-04-29 19:53:23.207588,2025-04-29 20:23:10.693672
2025-04-30,2025-04-30 19:54:23.744220,2025-04-30 20:24:16.722889
2025-05-01,2025-05-01 19:55:24.169193,2025-05-01 20:25:22.701651
2025-05-02,2025-05-02 19:56:24.464907,2025-05-02 20:26:28.607578
2025-05-03,2025-05-03 19:57:24.612588,2025-05-03 20:27:34.416920
2025-05-04,2025-05-04 19:58:24.592284,2025-05-04 20:28:40.104553
2025-05-05,2025-05-05 19:59:24.382857,2025-05-05 20:29:45.643970
2025-05-06,2025-05-06 20:00:23.961986,2025-05-06 20:30:51.007284
2025-05-07,2025-05-07 20:01:23.306170,2025-05-07 20:31:56.165226
2025-05-08,2025-05-08 20:02:22.390727,2025-05-08 20:33:01.087158
2025-05-09,2025-05-09 20:03:21.189812,2025-05-09 20:34:05.741075
2025-05-10,2025-05-10 20:04:19.676420,2025-05-10 20:35:10.093626
2025-05-11,2025-05-11 20:05:17.822407,2025-05-11 20:36:14.110130
2025-05-12,2025-05-12 20:06:15.598508,2025-05-12 20:37:17.754597
2025-05-13,2025-05-13 20:07:12.974356,2025-05-13 20:38:20.989763
2025-05-14,2025-05-14 20:08:09.918515,2025-05-14 20:39:23.777115
2025-05-15,2025-05-15 20:09:06.398504,2025-05-15 20:40:26.076932
2025-05-16,2025-05-16 20:10:02.380833,2025-05-16 20:41:27.848331
2025-05-17,2025-05-17 20:10:57.831044,2025-05-17 20:42:29.049307
2025-05-18,2025-05-18 20:11:52.713750,2025-05-18 20:43:29.636794
2025-05-19,2025-05-19 20:12:46.992680,2025-05-19 20:44:29.566718
2025-05-20,2025-05-20 20:13:40.630732,2025-05-20 20:45:28.794062
2025-05-21,2025-05-21 20:14:33.590025,2025-05-21 20:46:27.272936
2025-05-22,2025-05-22 20:15:25.831956,2025-05-22 20:47:24.956647
2025-05-23,2025-05-23 20:16:17.317264,2025-05-23 20:48:21.797780
2025-05-24,2025-05-24 20:17:08.006089,2025-05-24 20:49:17.748280
2025-05-25,2025-05-25 20:17:57.858047,2025-05-25 20:50:12.759539
2025-05-26,2025-05-26 20:18:46.832297,2025-05-26 20:51:06.782493
2025-05-27,2025-05-27 20:19:34.887619,2025-05-27 20:51:59.767710
2025-05-28,2025-05-28 20:20:21.982486,2025-05-28 20:52:51.665499
2025-05-29,2025-05-29 20:21:08.075150,2025-05-29 20:53:42.426007
2025-05-30,2025-05-30 20:21:53.123721,2025-05-30 20:54:31.999330
2025-05-31,2025-05-31 20:22:37.086253,2025-05-31 20:55:20.335620
2025-06-01,2025-06-01 20:23:19.920829,2025-06-01 20:56:07.385199
2025-06-02,2025-06-02 20:24:01.585649,2025-06-02 20:56:53.098672
2025-06-03,2025-06-03 20:24:42.039118,2025-06-03 20:57:37.427041
2025-06-04,2025-06-04 20:25:21.239939,2025-06-04 20:58:20.321825
2025-06-05,2025-06-05 20:25:59.147196,2025-06-05 20:59:01.735170
2025-06-06,2025-06-06 20:26:35.720451,2025-06-06 20:59:41.619971
2025-06-07,2025-06-07 20:27:10.919828,2025-06-07 21:00:19.929984
2025-06-08,2025-06-08 20:27:44.706105,2025-06-08 21:00:56.619943
2025-06-09,2025-06-09 20:28:17.040798,2025-06-09 21:01:31.645666
2025-06-10,2025-06-10 20:28:47.886250,2025-06-10 21:02:04.964172
2025-06-11,2025-06-11 20:29:17.205713,2025-06-11 21:02:36.533779
2025-06-12,2025-06-12 20:29:44.963428,2025-06-12 21:03:06.314215
2025-06-13,2025-06-13 20:30:11.124707,2025-06-13 21:03:34.266710
2025-06-14,2025-06-14 20:30:35.656004,2025-06-14 21:04:00.354090
2025-06-15,2025-06-15 20:30:58.524993,2025-06-15 21:04:24.540868
2025-06-16,2025-06-16 20:31:19.700630,2025-06-16 21:04:46.793327
2025-06-17,2025-06-17 20:31:39.153222,2025-06-17 21:05:07.079590
2025-06-18,2025-06-18 20:31:56.854485,2025-06-18 21:05:25.369698
2025-06-19,2025-06-19 20:32:12.777601,2025-06-19 21:05:41.635668
2025-06-20,2025-06-20 20:32:26.897265,2025-06-20 21:05:55.851550
2025-06-21,2025-06-21 20:32:39.189737,2025-06-21 21:06:07.993477
2025-06-22,2025-06-22 20:32:49.632877,2025-06-22 21:06:18.039706
2025-06-23,2025-06-23 20:32:58.206187,2025-06-23 21:06:25.970648
2025-06-24,2025-06-24 20:33:04.890833,2025-06-24 21:06:31.768900
2025-06-25,2025-06-25 20:33:09.669681,2025-06-25 21:06:35.419257
2025-06-26,2025-06-26 20:33:12.527307,2025-06-26 21:06:36.908729
2025-06-27,2025-06-27 20:33:13.450017,2025-06-27 21:06:36.226538
2025-06-28,2025-06-28 20:33:12.425856,2025-06-28 21:06:33.364121
2025-06-29,2025-06-29 20:33:09.444614,2025-06-29 21:06:28.315111
2025-06-30,2025-06-30 20:33:04.497821,2025-06-30 21:06:21.075325
2025-07-01,2025-07-01 20:32:57.578746,2025-07-01 21:06:11.642737
2025-07-02,2025-07-02 20:32:48.682383,2025-07-02 21:06:00.017449
2025-07-03,2025-07-03 20:32:37.805443,2025-07-03 21:05:46.201650
2025-07-04,2025-07-04 20:32:24.946327,2025-07-04 21:05:30.199581
2025-07-05,2025-07-05 20:32:10.105110,2025-07-05 21:05:12.017480
2025-07-06,2025-07-06 20:31:53.283510,2025-07-06 21:04:51.663538
2025-07-07,2025-07-07 20:31:34.484861,2025-07-07 21:04:29.147835
2025-07-08,2025-07-08 20:31:13.714077,2025-07-08 21:04:04.482289
2025-07-09,2025-07-09 20:30:50.977618,2025-07-09 21:03:37.680587
2025-07-10,2025-07-10 20:30:26.283449,2025-07-10 21:03:08.758119
2025-07-11,2025-07-11 20:29:59.640997,2025-07-11 21:02:37.731916
2025-07-12,2025-07-12 20:29:31.061112,2025-07-12 21:02:04.620573
2025-07-13,2025-07-13 20:29:00.556016,2025-07-13 21:01:29.444182
2025-07-14,2025-07-14 20:28:28.139260,2025-07-14 21:00:52.224258
2025-07-15,2025-07-15 20:27:53.825671,2025-07-15 21:00:12.983665
2025-07-16,2025-07-16 20:27:17.631306,2025-07-16 20:59:31.746542
2025-07-17,2025-07-17 20:26:39.573399,2025-07-17 20:58:48.538234
2025-07-18,2025-07-18 20:25:59.670310,2025-07-18 20:58:03.385210
2025-07-19,2025-07-19 20:25:17.941472,2025-07-19 20:57:16.315001
2025-07-20,2025-07-20 20:24:34.407342,2025-07-20 20:56:27.356118
2025-07-21,2025-07-21 20:23:49.089348,2025-07-21 20:55:36.537990
2025-07-22,2025-07-22 20:23:02.009833,2025-07-22 20:54:43.890887
2025-07-23,2025-07-23 20:22:13.192011,2025-07-23 20:53:49.445860
2025-07-24,2025-07-24 20:21:22.659908,2025-07-24 20:52:53.234668
2025-07-25,2025-07-25 20:20:30.438318,2025-07-25 20:51:55.289722
2025-07-26,2025-07-26 20:19:36.552751,2025-07-26 20:50:55.644014
2025-07-27,2025-07-27 20:18:41.029383,2025-07-27 20:49:54.331064
2025-07-28,2025-07-28 20:17:43.895011,2025-07-28 20:48:51.384859
2025-07-29,2025-07-29 20:16:45.177005,2025-07-29 20:47:46.839802
2025-07-30,2025-07-30 20:15:44.903264,2025-07-30 20:46:40.730652
2025-07-31,2025-07-31 20:14:43.102169,2025-07-31 20:45:33.092478
2025-08-01,2025-08-01 20:13:39.802544,2025-08-01 20:44:23.960614
2025-08-02,2025-08-02 20:12:35.033613,2025-08-02 20:43:13.370604
2025-08-03,2025-08-03 20:11:28.824962,2025-08-03 20:42:01.358167
2025-08-04,2025-08-04 20:10:21.206497,2025-08-04 20:40:47.959154
2025-08-05,2025-08-05 20:09:12.208411,2025-08-05 20:39:33.209507
2025-08-06,2025-08-06 20:08:01.861148,2025-08-06 20:38:17.145223
2025-08-07,2025-08-07 20:06:50.195365,2025-08-07 20:36:59.802324
2025-08-08,2025-08-08 20:05:37.241910,2025-08-08 20:35:41.216820
2025-08-09,2025-08-09 20:04:23.031780,2025-08-09 20:34:21.424683
2025-08-10,2025-08-10 20:03:07.596101,2025-08-10 20:33:00.461820
2025-08-11,2025-08-11 20:01:50.966095,2025-08-11 20:31:38.364043
2025-08-12,2025-08-12 20:00:33.173058,2025-08-12 20:30:15.167054
2025-08-13,2025-08-13 19:59:14.248337,2025-08-13 20:28:50.906414
2025-08-14,2025-08-14 19:57:54.223301,2025-08-14 20:27:25.617534
2025-08-15,2025-08-15 19:56:33.129329,2025-08-15 20:25:59.335648
2025-08-16,2025-08-16 19:55:10.997784,2025-08-16 20:24:32.095807
2025-08-17,2025-08-17 19:53:47.859999,2025-08-17 20:23:03.932857
2025-08-18,2025-08-18 19:52:23.747260,2025-08-18 20:21:34.881432
2025-08-19,2025-08-19 19:50:58.690791,2025-08-19 20:20:04.975943
2025-08-20,2025-08-20 19:49:32.721740,2025-08-20 20:18:34.250568
2025-08-21,2025-08-21 19:48:05.871171,2025-08-21 20:17:02.739247
2025-08-22,2025-08-22 19:46:38.170049,2025-08-22 20:15:30.475675
2025-08-23,2025-08-23 19:45:09.649237,2025-08-23 20:13:57.493298
2025-08-24,2025-08-24 19:43:40.339483,2025-08-24 20:12:23.825311
2025-08-25,2025-08-25 19:42:10.271417,2025-08-25 20:10:49.504657
2025-08-26,2025-08-26 19:40:39.475548,2025-08-26 20:09:14.564027
2025-08-27,2025-08-27 19:39:07.982256,2025-08-27 20:07:39.035859
2025-08-28,2025-08-28 19:37:35.821797,2025-08-28 20:06:02.952346
2025-08-29,2025-08-29 19:36:03.024295,2025-08-29 20:04:26.345434
2025-08-30,2025-08-30 19:34:29.619747,2025-08-30 20:02:49.246828
2025-08-31,2025-08-31 19:32:55.638025,2025-08-31 20:01:11.688002
2025-09-01,2025-09-01 19:31:21.108874,2025-09-01 19:59:33.700201
2025-09-02,2025-09-02 19:29:46.061924,2025-09-02 19:57:55.314451
2025-09-03,2025-09-03 19:28:10.526686,2025-09-03 19:56:16.561568
2025-09-04,2025-09-04 19:26:34.532564,2025-09-04 19:54:37.472166
2025-09-05,2025-09-05 19:24:58.108860,2025-09-05 19:52:58.076669
2025-09-06,2025-09-06 19:23:21.284782,2025-09-06 19:51:18.405322
2025-09-07,2025-09-07 19:21:44.089450,2025-09-07 19:49:38.488199
2025-09-08,2025-09-08 19:20:06.551912,2025-09-08 19:47:58.355222
2025-09-09,2025-09-09 19:18:28.701143,2025-09-09 19:46:18.036169
2025-09-10,2025-09-10 19:16:50.566069,2025-09-10 19:44:37.560686
2025-09-11,2025-09-11 19:15:12.175566,2025-09-11 19:42:56.958306
2025-09-12,2025-09-12 19:13:33.558479,2025-09-12 19:41:16.258459
2025-09-13,2025-09-13 19:11:54.743634,2025-09-13 19:39:35.490487
2025-09-14,2025-09-14 19:10:15.759847,2025-09-14 19:37:54.683659
2025-09-15,2025-09-15 19:08:36.635938,2025-09-15 19:36:13.867185
2025-09-16,2025-09-16 19:06:57.400746,2025-09-16 19:34:33.070231
2025-09-17,2025-09-17 19:05:18.083141,2025-09-17 19:32:52.321936
2025-09-18,2025-09-18 19:03:38.712039,2025-09-18 19:31:11.651421
2025-09-19,2025-09-19 19:01:59.316411,2025-09-19 19:29:31.087808
2025-09-20,2025-09-20 19:00:19.925303,2025-09-20 19:27:50.660235
2025-09-21,2025-09-21 18:58:40.567843,2025-09-21 19:26:10.397864
2025-09-22,2025-09-22 18:57:01.273259,2025-09-22 19:24:30.329902
2025-09-23,2025-09-23 18:55:22.070889,2025-09-23 19:22:50.485609
2025-09-24,2025-09-24 18:53:42.990195,2025-09-24 19:21:10.894312
2025-09-25,2025-09-25 18:52:04.060777,2025-09-25 19:19:31.585420
2025-09-26,2025-09-26 18:50:25.312379,2025-09-26 19:17:52.588431
2025-09-27,2025-09-27 18:48:46.774908,2025-09-27 19:16:13.932945
2025-09-28,2025-09-28 18:47:08.478439,2025-09-28 19:14:35.648675
2025-09-29,2025-09-29 18:45:30.453227,2025-09-29 19:12:57.765455
2025-09-30,2025-09-30 18:43:52.729720,2025-09-30 19:11:20.313250
2025-10-01,2025-10-01 18:42:15.338563,2025-10-01 19:09:43.322162
2025-10-02,2025-10-02 18:40:38.310606,2025-10-02 19:08:06.822436
2025-10-03,2025-10-03 18:39:01.676917,2025-10-03 19:06:30.844470
2025-10-04,2025-10-04 18:37:25.468783,2025-10-04 19:04:55.418815
2025-10-05,2025-10-05 18:35:49.717718,2025-10-05 19:03:20.576182
2025-10-06,2025-10-06 18:34:14.455464,2025-10-06 19:01:46.347440
2025-10-07,2025-10-07 18:32:39.714003,2025-10-07 19:00:12.763623
2025-10-08,2025-10-08 18:31:05.525549,2025-10-08 18:58:39.855928
2025-10-09,2025-10-09 18:29:31.922558,2025-10-09 18:57:07.655712
2025-10-10,2025-10-10 18:27:58.937723,2025-10-10 18:55:36.194492
2025-10-11,2025-10-11 18:26:26.603979,2025-10-11 18:54:05.503942
2025-10-12,2025-10-12 18:24:54.954494,2025-10-12 18:52:35.615884
2025-10-13,2025-10-13 18:23:24.022672,2025-10-13 18:51:06.562290
2025-10-14,2025-10-14 18:21:53.842148,2025-10-14 18:49:38.375268
2025-10-15,2025-10-15 18:20:24.446780,2025-10-15 18:48:11.087053
2025-10-16,2025-10-16 18:18:55.870644,2025-10-16 18:46:44.730004
2025-10-17,2025-10-17 18:17:28.148030,2025-10-17 18:45:19.336586
2025-10-18,2025-10-18 18:16:01.313425,2025-10-18 18:43:54.939360
2025-10-19,2025-10-19 18:14:35.401511,2025-10-19 18:42:31.570969
2025-10-20,2025-10-20 18:13:10.447149,2025-10-20 18:41:09.264125
2025-10-21,2025-10-21 18:11:46.485368,2025-10-21 18:39:48.051588
2025-10-22,2025-10-22 18:10:23.551348,2025-10-22 18:38:27.966151
2025-10-23,2025-10-23 18:09:01.680410,2025-10-23 18:37:09.040622
2025-10-24,2025-10-24 18:07:40.907994,2025-10-24 18:35:51.307803
2025-10-25,2025-10-25 18:06:21.269644,2025-10-25 18:34:34.800464
2025-10-26,2025-10-26 18:05:02.800988,2025-10-26 18:33:19.551327
2025-10-27,2025-10-27 18:03:45.537715,2025-10-27 18:32:05.593037
2025-10-28,2025-10-28 18:02:29.515558,2025-10-28 18:30:52.958137
2025-10-29,2025-10-29 18:01:14.770263,2025-10-29 18:29:41.679045
2025-10-30,2025-10-30 18:00:01.337570,2025-10-30 18:28:31.788018
2025-10-31,2025-10-31 17:58:49.253184,2025-10-31 18:27:23.317131
2025-11-01,2025-11-01 17:57:38.552745,2025-11-01 18:26:16.298243
2025-11-02,2025-11-02 16:56:29.271802,2025-11-02 17:25:10.762962
2025-11-03,2025-11-03 16:55:21.445778,2025-11-03 17:24:06.742616
2025-11-04,2025-11-04 16:54:15.109939,2025-11-04 17:23:04.268220
2025-11-05,2025-11-05 16:53:10.299360,2025-11-05 17:22:03.370434
2025-11-06,2025-11-06 16:52:07.048885,2025-11-06 17:21:04.079532
2025-11-07,2025-11-07 16:51:05.393095,2025-11-07 17:20:06.425362
2025-11-08,2025-11-08 16:50:05.366261,2025-11-08 17:19:10.437306
2025-11-09,2025-11-09 16:49:07.002308,2025-11-09 17:18:16.144241
2025-11-10,2025-11-10 16:48:10.334769,2025-11-10 17:17:23.574496
2025-11-11,2025-11-11 16:47:15.396741,2025-11-11 17:16:32.755811
2025-11-12,2025-11-12 16:46:22.220836,2025-11-12 17:15:43.715293
2025-11-13,2025-11-13 16:45:30.839134,2025-11-13 17:14:56.479369
2025-11-14,2025-11-14 16:44:41.283130,2025-11-14 17:14:11.073743
2025-11-15,2025-11-15 16:43:53.583684,2025-11-15 17:13:27.523346
2025-11-16,2025-11-16 16:43:07.770964,2025-11-16 17:12:45.852294
2025-11-17,2025-11-17 16:42:23.874392,2025-11-17 17:12:06.083831
2025-11-18,2025-11-18 16:41:41.922584,2025-11-18 17:11:28.240286
2025-11-19,2025-11-19 16:41:01.943292,2025-11-19 17:10:52.343024
2025-11-20,2025-11-20 16:40:23.963340,2025-11-20 17:10:18.412387
2025-11-21,2025-11-21 16:39:48.008567,2025-11-21 17:09:46.467654
2025-11-22,2025-11-22 16:39:14.103756,2025-11-22 17:09:16.526980
2025-11-23,2025-11-23 16:38:42.272572,2025-11-23 17:08:48.607351
2025-11-24,2025-11-24 16:38:12.537498,2025-11-24 17:08:22.724528
2025-11-25,2025-11-25 16:37:44.919765,2025-11-25 17:07:58.893000
2025-11-26,2025-11-26 16:37:19.439284,2025-11-26 17:07:37.125927
2025-11-27,2025-11-27 16:36:56.114580,2025-11-27 17:07:17.435094
2025-11-28,2025-11-28 16:36:34.962722,2025-11-28 17:06:59.830862
2025-11-29,2025-11-29 16:36:15.999259,2025-11-29 17:06:44.322113
2025-11-30,2025-11-30 16:35:59.238147,2025-11-30 17:06:30.916210
2025-12-01,2025-12-01 16:35:44.691687,2025-12-01 17:06:19.618944
2025-12-02,2025-12-02 16:35:32.370458,2025-12-02 17:06:10.434496
2025-12-03,2025-12-03 16:35:22.283254,2025-12-03 17:06:03.365389
2025-12-04,2025-12-04 16:35:14.437023,2025-12-04 17:05:58.412453
2025-12-05,2025-12-05 16:35:08.836808,2025-12-05 17:05:55.574783
2025-12-06,2025-12-06 16:35:05.485690,2025-12-06 17:05:54.849709
2025-12-07,2025-12-07 16:35:04.384738,2025-12-07 17:05:56.232763
2025-12-08,2025-12-08 16:35:05.532956,2025-12-08 17:05:59.717651
2025-12-09,2025-12-09 16:35:08.927244,2025-12-09 17:06:05.296231
2025-12-10,2025-12-10 16:35:14.562351,2025-12-10 17:06:12.958492
2025-12-11,2025-12-11 16:35:22.430850,2025-12-11 17:06:22.692540
2025-12-12,2025-12-12 16:35:32.523099,2025-12-12 17:06:34.484587
2025-12-13,2025-12-13 16:35:44.827225,2025-12-13 17:06:48.318946
2025-12-14,2025-12-14 16:35:59.329104,2025-12-14 17:07:04.178031
2025-12-15,2025-12-15 16:36:16.012352,2025-12-15 17:07:22.042363
2025-12-16,2025-12-16 16:36:34.858319,2025-12-16 17:07:41.890579
2025-12-17,2025-12-17 16:36:55.846100,2025-12-17 17:08:03.699449
2025-12-18,2025-12-18 16:37:18.952539,2025-12-18 17:08:27.443900
2025-12-19,2025-12-19 16:37:44.152251,2025-12-19 17:08:53.097042
2025-12-20,2025-12-20 16:38:11.417653,2025-12-20 17:09:20.630203
2025-12-21,2025-12-21 16:38:40.718992,2025-12-21 17:09:50.012972
2025-12-22,2025-12-22 16:39:12.024393,2025-12-22 17:10:21.213240
2025-12-23,2025-12-23 16:39:45.299908,2025-12-23 17:10:54.197255
2025-12-24,2025-12-24 16:40:20.509572,2025-12-24 17:11:28.929681
2025-12-25,2025-12-25 16:40:57.615474,2025-12-25 17:12:05.373657
2025-12-26,2025-12-26 16:41:36.577826,2025-12-26 17:12:43.490871
2025-12-27,2025-12-27 16:42:17.355044,2025-12-27 17:13:23.241629
2025-12-28,2025-12-28 16:42:59.903835,2025-12-28 17:14:04.584939
2025-12-29,2025-12-29 16:43:44.179293,2025-12-29 17:14:47.478588
2025-12-30,2025-12-30 16:44:30.134995,2025-12-30 17:15:31.879234
2025-12-31,2025-12-31 16:45:17.723107,2025-12-31 17:16:17.742496
2026-01-01,2026-01-01 16:46:06.894493,2026-01-01 17:17:05.023050
2026-01-02,2026-01-02 16:46:57.598830,2026-01-02 17:17:53.674726
2026-01-03,2026-01-03 16:47:49.784726,2026-01-03 17:18:43.650606
2026-01-04,2026-01-04 16:48:43.399842,2026-01-04 17:19:34.903131
2026-01-05,2026-01-05 16:49:38.391010,2026-01-05 17:20:27.384204
2026-01-06,2026-01-06 16:50:34.704367,2026-01-06 17:21:21.045293
2026-01-07,2026-01-07 16:51:32.285477,2026-01-07 17:22:15.837540
2026-01-08,2026-01-08 16:52:31.079459,2026-01-08 17:23:11.711865
2026-01-09,2026-01-09 16:53:31.031114,2026-01-09 17:24:08.619077
2026-01-10,2026-01-10 16:54:32.085057,2026-01-10 17:25:06.509971
2026-01-11,2026-01-11 16:55:34.185836,2026-01-11 17:26:05.335442
2026-01-12,2026-01-12 16:56:37.278063,2026-01-12 17:27:05.046580
2026-01-13,2026-01-13 16:57:41.306530,2026-01-13 17:28:05.594775
2026-01-14,2026-01-14 16:58:46.216335,2026-01-14 17:29:06.931812
2026-01-15,2026-01-15 16:59:51.952990,2026-01-15 17:30:09.009970
2026-01-16,2026-01-16 17:00:58.462542,2026-01-16 17:31:11.782110
2026-01-17,2026-01-17 17:02:05.691672,2026-01-17 17:32:15.201769
2026-01-18,2026-01-18 17:03:13.587808,2026-01-18 17:33:19.223239
2026-01-19,2026-01-19 17:04:22.099214,2026-01-19 17:34:23.801651
2026-01-20,2026-01-20 17:05:31.175092,2026-01-20 17:35:28.893052
2026-01-21,2026-01-21 17:06:40.765664,2026-01-21 17:36:34.454476
2026-01-22,2026-01-22 17:07:50.822259,2026-01-22 17:37:40.444011
2026-01-23,2026-01-23 17:09:01.297385,2026-01-23 17:38:46.820861
2026-01-24,2026-01-24 17:10:12.144805,2026-01-24 17:39:53.545406
2026-01-25,2026-01-25 17:11:23.319596,2026-01-25 17:41:00.579251
2026-01-26,2026-01-26 17:12:34.778213,2026-01-26 17:42:07.885279
2026-01-27,2026-01-27 17:13:46.478536,2026-01-27 17:43:15.427686
2026-01-28,2026-01-28 17:14:58.379924,2026-01-28 17:44:23.172024
2026-01-29,2026-01-29 17:16:10.443245,2026-01-29 17:45:31.085233
2026-01-30,2026-01-30 17:17:22.630921,2026-01-30 17:46:39.135664
2026-01-31,2026-01-31 17:18:34.906951,2026-01-31 17:47:47.293106
2026-02-01,2026-02-01 17:19:47.236932,2026-02-01 17:48:55.528803
2026-02-02,2026-02-02 17:20:59.588083,2026-02-02 17:50:03.815462
2026-02-03,2026-02-03 17:22:11.929251,2026-02-03 17:51:12.127269
2026-02-04,2026-02-04 17:23:24.230921,2026-02-04 17:52:20.439887
2026-02-05,2026-02-05 17:24:36.465216,2026-02-05 17:53:28.730457
2026-02-06,2026-02-06 17:25:48.605896,2026-02-06 17:54:36.977597
2026-02-07,2026-02-07 17:27:00.628347,2026-02-07 17:55:45.161387
2026-02-08,2026-02-08 17:28:12.509577,2026-02-08 17:56:53.263364
2026-02-09,2026-02-09 17:29:24.228189,2026-02-09 17:58:01.266503
2026-02-10,2026-02-10 17:30:35.764371,2026-02-10 17:59:09.155197
2026-02-11,2026-02-11 17:31:47.099869,2026-02-11 18:00:16.915239
2026-02-12,2026-02-12 17:32:58.217960,2026-02-12 18:01:24.533792
2026-02-13,2026-02-13 17:34:09.103425,2026-02-13 18:02:31.999368
2026-02-14,2026-02-14 17:35:19.742515,2026-02-14 18:03:39.301793
2026-02-15,2026-02-15 17:36:30.122915,2026-02-15 18:04:46.432177
2026-02-16,2026-02-16 17:37:40.233711,2026-02-16 18:05:53.382880
2026-02-17,2026-02-17 17:38:50.065349,2026-02-17 18:07:00.147476
2026-02-18,2026-02-18 17:39:59.609594,2026-02-18 18:08:06.720714
2026-02-19,2026-02-19 17:41:08.859485,2026-02-19 18:09:13.098483
2026-02-20,2026-02-20 17:42:17.809298,2026-02-20 18:10:19.277765
2026-02-21,2026-02-21 17:43:26.454495,2026-02-21 18:11:25.256603
2026-02-22,2026-02-22 17:44:34.791681,2026-02-22 18:12:31.034049
2026-02-23,2026-02-23 17:45:42.818557,2026-02-23 18:13:36.610128
2026-02-24,2026-02-24 17:46:50.533870,2026-02-24 18:14:41.985792
2026-02-25,2026-02-25 17:47:57.937372,2026-02-25 18:15:47.162877
2026-02-26,2026-02-26 17:49:05.029766,2026-02-26 18:16:52.144057
2026-02-27,2026-02-27 17:50:11.812660,2026-02-27 18:17:56.932801
2026-02-28,2026-02-28 17:51:18.288521,2026-02-28 18:19:01.533330
2026-03-01,2026-03-01 17:52:24.460622,2026-03-01 18:20:05.950570
2026-03-02,2026-03-02 17:53:30.333002,2026-03-02 18:21:10.190109
2026-03-03,2026-03-03 17:54:35.910412,2026-03-03 18:22:14.258153
2026-03-04,2026-03-04 17:55:41.198272,2026-03-04 18:23:18.161483
2026-03-05,2026-03-05 17:56:46.202624,2026-03-05 18:24:21.907412
2026-03-06,2026-03-06 17:57:50.930086,2026-03-06 18:25:25.503741
2026-03-07,2026-03-07 17:58:55.387807,2026-03-07 18:26:28.958717
2026-03-08,2026-03-08 18:59:59.583423,2026-03-08 19:27:32.280993
2026-03-09,2026-03-09 19:01:03.525014,2026-03-09 19:28:35.479585
2026-03-10,2026-03-10 19:02:07.221062,2026-03-10 19:29:38.563834
2026-03-11,2026-03-11 19:03:10.680405,2026-03-11 19:30:41.543362
2026-03-12,2026-03-12 19:04:13.912202,2026-03-12 19:31:44.428038
2026-03-13,2026-03-13 19:05:16.925888,2026-03-13 19:32:47.227936
2026-03-14,2026-03-14 19:06:19.731136,2026-03-14 19:33:49.953300
2026-03-15,2026-03-15 19:07:22.337822,2026-03-15 19:34:52.614502
2026-03-16,2026-03-16 19:08:24.755978,2026-03-16 19:35:55.222010
2026-03-17,2026-03-17 19:09:26.995767,2026-03-17 19:36:57.786352
2026-03-18,2026-03-18 19:10:29.067435,2026-03-18 19:38:00.318076
2026-03-19,2026-03-19 19:11:30.981286,2026-03-19 19:39:02.827720
2026-03-20,2026-03-20 19:12:32.747638,2026-03-20 19:40:05.325775
2026-03-21,2026-03-21 19:13:34.376794,2026-03-21 19:41:07.822651
2026-03-22,2026-03-22 19:14:35.879009,2026-03-22 19:42:10.328646
2026-03-23,2026-03-23 19:15:37.264454,2026-03-23 19:43:12.853908
2026-03-24,2026-03-24 19:16:38.543184,2026-03-24 19:44:15.408408
2026-03-25,2026-03-25 19:17:39.725107,2026-03-25 19:45:18.001901
2026-03-26,2026-03-26 19:18:40.819952,2026-03-26 19:46:20.643900
2026-03-27,2026-03-27 19:19:41.837238,2026-03-27 19:47:23.343639
2026-03-28,2026-03-28 19:20:42.786242,2026-03-28 19:48:26.110042
2026-03-29,2026-03-29 19:21:43.675970,2026-03-29 19:49:28.951693
2026-03-30,2026-03-30 19:22:44.515125,2026-03-30 19:50:31.876802
2026-03-31,2026-03-31 19:23:45.312078,2026-03-31 19:51:34.893173
2026-04-01,2026-04-01 19:24:46.074836,2026-04-01 19:52:38.008173
2026-04-02,2026-04-02 19:25:46.811015,2026-04-02 19:53:41.228700
2026-04-03,2026-04-03 19:26:47.527807,2026-04-03 19:54:44.561150
2026-04-04,2026-04-04 19:27:48.231954,2026-04-04 19:55:48.011383
2026-04-05,2026-04-05 19:28:48.929714,2026-04-05 19:56:51.584696
2026-04-06,2026-04-06 19:29:49.626833,2026-04-06 19:57:55.285783
2026-04-07,2026-04-07 19:30:50.328518,2026-04-07 19:58:59.118710
2026-04-08,2026-04-08 19:31:51.039404,2026-04-08 20:00:03.086874
2026-04-09,2026-04-09 19:32:51.763523,2026-04-09 20:01:07.192976
2026-04-10,2026-04-10 19:33:52.504279,2026-04-10 20:02:11.438987
2026-04-11,2026-04-11 19:34:53.264415,2026-04-11 20:03:15.826110
2026-04-12,2026-04-12 19:35:54.045985,2026-04-12 20:04:20.354751
2026-04-13,2026-04-13 19:36:54.850322,2026-04-13 20:05:25.024486
2026-04-14,2026-04-14 19:37:55.678013,2026-04-14 20:06:29.834022
2026-04-15,2026-04-15 19:38:56.528865,2026-04-15 20:07:34.781170
2026-04-16,2026-04-16 19:39:57.401880,2026-04-16 20:08:39.862807
2026-04-17,2026-04-17 19:40:58.295224,2026-04-17 20:09:45.074846
2026-04-18,2026-04-18 19:41:59.206197,2026-04-18 20:10:50.412200
2026-04-19,2026-04-19 19:43:00.131212,2026-04-19 20:11:55.868753
2026-04-20,2026-04-20 19:44:01.065759,2026-04-20 20:13:01.437324
2026-04-21,2026-04-21 19:45:02.004385,2026-04-21 20:14:07.109641
2026-04-22,2026-04-22 19:46:02.940664,2026-04-22 20:15:12.876303
2026-04-23,2026-04-23 19:47:03.867174,2026-04-23 20:16:18.726759
2026-04-24,2026-04-24 19:48:04.775472,2026-04-24 20:17:24.649272
2026-04-25,2026-04-25 19:49:05.656070,2026-04-25 20:18:30.630896
2026-04-26,2026-04-26 19:50:06.498417,2026-04-26 20:19:36.657446
2026-04-27,2026-04-27 19:51:07.290874,2026-04-27 20:20:42.713478
2026-04-28,2026-04-28 19:52:08.020696,2026-04-28 20:21:48.782263
2026-04-29,2026-04-29 19:53:08.674018,2026-04-29 20:22:54.845766
2026-04-30,2026-04-30 19:54:09.235834,2026-04-30 20:24:00.884630
2026-05-01,2026-05-01 19:55:09.689990,2026-05-01 20:25:06.878155
2026-05-02,2026-05-02 19:56:10.019166,2026-05-02 20:26:12.804287
2026-05-03,2026-05-03 19:57:10.204873,2026-05-03 20:27:18.639608
2026-05-04,2026-05-04 19:58:10.227440,2026-05-04 20:28:24.359323
2026-05-05,2026-05-05 19:59:10.066015,2026-05-05 20:29:29.937258
2026-05-06,2026-05-06 20:00:09.698563,2026-05-06 20:30:35.345856
2026-05-07,2026-05-07 20:01:09.101864,2026-05-07 20:31:40.556183
2026-05-08,2026-05-08 20:02:08.251520,2026-05-08 20:32:45.537927
2026-05-09,2026-05-09 20:03:07.121966,2026-05-09 20:33:50.259411
2026-05-10,2026-05-10 20:04:05.686473,2026-05-10 20:34:54.687606
2026-05-11,2026-05-11 20:05:03.917172,2026-05-11 20:35:58.788150
2026-05-12,2026-05-12 20:06:01.785063,2026-05-12 20:37:02.525366
2026-05-13,2026-05-13 20:06:59.260045,2026-05-13 20:38:05.862293
2026-05-14,2026-05-14 20:07:56.310934,2026-05-14 20:39:08.760715
2026-05-15,2026-05-15 20:08:52.905501,2026-05-15 20:40:11.181201
2026-05-16,2026-05-16 20:09:49.010494,2026-05-16 20:41:13.083142
2026-05-17,2026-05-17 20:10:44.591686,2026-05-17 20:42:14.424799
2026-05-18,2026-05-18 20:11:39.613910,2026-05-18 20:43:15.163359
2026-05-19,2026-05-19 20:12:34.041104,2026-05-19 20:44:15.254984
2026-05-20,2026-05-20 20:13:27.836362,2026-05-20 20:45:14.654880
2026-05-21,2026-05-21 20:14:20.961988,2026-05-21 20:46:13.317361
2026-05-22,2026-05-22 20:15:13.379546,2026-05-22 20:47:11.195923
2026-05-23,2026-05-23 20:16:05.049931,2026-05-23 20:48:08.243317
2026-05-24,2026-05-24 20:16:55.933421,2026-05-24 20:49:04.411638
2026-05-25,2026-05-25 20:17:45.989754,2026-05-25 20:49:59.652403
2026-05-26,2026-05-26 20:18:35.178195,2026-05-26 20:50:53.916652
2026-05-27,2026-05-27 20:19:23.457608,2026-05-27 20:51:47.155036
2026-05-28,2026-05-28 20:20:10.786535,2026-05-28 20:52:39.317916
2026-05-29,2026-05-29 20:20:57.123278,2026-05-29 20:53:30.355474
2026-05-30,2026-05-30 20:21:42.425973,2026-05-30 20:54:20.217808
2026-05-31,2026-05-31 20:22:26.652683,2026-05-31 20:55:08.855052
2026-06-01,2026-06-01 20:23:09.761479,2026-06-01 20:55:56.217478
2026-06-02,2026-06-02 20:23:51.710526,2026-06-02 20:56:42.255615
2026-06-03,2026-06-03 20:24:32.458175,2026-06-03 20:57:26.920363
2026-06-04,2026-06-04 20:25:11.963051,2026-06-04 20:58:10.163109
2026-06-05,2026-06-05 20:25:50.184141,2026-06-05 20:58:51.935840
2026-06-06,2026-06-06 20:26:27.080887,2026-06-06 20:59:32.191264
2026-06-07,2026-06-07 20:27:02.613272,2026-06-07 21:00:10.882924
2026-06-08,2026-06-08 20:27:36.741912,2026-06-08 21:00:47.965310
2026-06-09,2026-06-09 20:28:09.428140,2026-06-09 21:01:23.393975
2026-06-10,2026-06-10 20:28:40.634096,2026-06-10 21:01:57.125640
2026-06-11,2026-06-11 20:29:10.322808,2026-06-11 21:02:29.118306
2026-06-12,2026-06-12 20:29:38.458275,2026-06-12 21:02:59.331357
2026-06-13,2026-06-13 20:30:05.005547,2026-06-13 21:03:27.725655
2026-06-14,2026-06-14 20:30:29.930800,2026-06-14 21:03:54.263638
2026-06-15,2026-06-15 20:30:53.201411,2026-06-15 21:04:18.909411
2026-06-16,2026-06-16 20:31:14.786024,2026-06-16 21:04:41.628824
2026-06-17,2026-06-17 20:31:34.654619,2026-06-17 21:05:02.389557
2026-06-18,2026-06-18 20:31:52.778571,2026-06-18 21:05:21.161185
2026-06-19,2026-06-19 20:32:09.130705,2026-06-19 21:05:37.915250
2026-06-20,2026-06-20 20:32:23.685353,2026-06-20 21:05:52.625310
2026-06-21,2026-06-21 20:32:36.418396,2026-06-21 21:06:05.266996
2026-06-22,2026-06-22 20:32:47.307310,2026-06-22 21:06:15.818054
2026-06-23,2026-06-23 20:32:56.331199,2026-06-23 21:06:24.258377
2026-06-24,2026-06-24 20:33:03.470830,2026-06-24 21:06:30.570037
2026-06-25,2026-06-25 20:33:08.708661,2026-06-25 21:06:34.737303
2026-06-26,2026-06-26 20:33:12.028855,2026-06-26 21:06:36.746653
2026-06-27,2026-06-27 20:33:13.417305,2026-06-27 21:06:36.586779
2026-06-28,2026-06-28 20:33:12.861640,2026-06-28 21:06:34.248589
2026-06-29,2026-06-29 20:33:10.351230,2026-06-29 21:06:29.725191
2026-06-30,2026-06-30 20:33:05.877189,2026-06-30 21:06:23.011880
2026-07-01,2026-07-01 20:32:59.432369,2026-07-01 21:06:14.106117
2026-07-02,2026-07-02 20:32:51.011355,2026-07-02 21:06:03.007495
2026-07-03,2026-07-03 20:32:40.610444,2026-07-03 21:05:49.717707
2026-07-04,2026-07-04 20:32:28.227636,2026-07-04 21:05:34.240506
2026-07-05,2026-07-05 20:32:13.862606,2026-07-05 21:05:16.581654
2026-07-06,2026-07-06 20:31:57.516681,2026-07-06 21:04:56.748878
2026-07-07,2026-07-07 20:31:39.192810,2026-07-07 21:04:34.751812
2026-07-08,2026-07-08 20:31:18.895530,2026-07-08 21:04:10.601935
2026-07-09,2026-07-09 20:30:56.630934,2026-07-09 21:03:44.312516
2026-07-10,2026-07-10 20:30:32.406628,2026-07-10 21:03:15.898543
2026-07-11,2026-07-11 20:30:06.231692,2026-07-11 21:02:45.376656
2026-07-12,2026-07-12 20:29:38.116639,2026-07-12 21:02:12.765082
2026-07-13,2026-07-13 20:29:08.073364,2026-07-13 21:01:38.083558
2026-07-14,2026-07-14 20:28:36.115103,2026-07-14 21:01:01.353264
2026-07-15,2026-07-15 20:28:02.256382,2026-07-15 21:00:22.596744
2026-07-16,2026-07-16 20:27:26.512964,2026-07-16 20:59:41.837838
2026-07-17,2026-07-17 20:26:48.901805,2026-07-17 20:58:59.101606
2026-07-18,2026-07-18 20:26:09.440998,2026-07-18 20:58:14.414253
2026-07-19,2026-07-19 20:25:28.149723,2026-07-19 20:57:27.803058
2026-07-20,2026-07-20 20:24:45.048194,2026-07-20 20:56:39.296304
2026-07-21,2026-07-21 20:24:00.157610,2026-07-21 20:55:48.923203
2026-07-22,2026-07-22 20:23:13.500097,2026-07-22 20:54:56.713828
2026-07-23,2026-07-23 20:22:25.098664,2026-07-23 20:54:02.699046
2026-07-24,2026-07-24 20:21:34.977144,2026-07-24 20:53:06.910452
2026-07-25,2026-07-25 20:20:43.160152,2026-07-25 20:52:09.380302
2026-07-26,2026-07-26 20:19:49.673026,2026-07-26 20:51:10.141453
2026-07-27,2026-07-27 20:18:54.541788,2026-07-27 20:50:09.227302
2026-07-28,2026-07-28 20:17:57.793087,2026-07-28 20:49:06.671727
2026-07-29,2026-07-29 20:16:59.454159,2026-07-29 20:48:02.509034
2026-07-30,2026-07-30 20:15:59.552776,2026-07-30 20:46:56.773898
2026-07-31,2026-07-31 20:14:58.117209,2026-07-31 20:45:49.501318
2026-08-01,2026-08-01 20:13:55.176176,2026-08-01 20:44:40.726566
2026-08-02,2026-08-02 20:12:50.758809,2026-08-02 20:43:30.485137
2026-08-03,2026-08-03 20:11:44.894606,2026-08-03 20:42:18.812711
2026-08-04,2026-08-04 20:10:37.613400,2026-08-04 20:41:05.745109
2026-08-05,2026-08-05 20:09:28.945317,2026-08-05 20:39:51.318250
2026-08-06,2026-08-06 20:08:18.920740,2026-08-06 20:38:35.568123
2026-08-07,2026-08-07 20:07:07.570279,2026-08-07 20:37:18.530742
2026-08-08,2026-08-08 20:05:54.924737,2026-08-08 20:36:00.242122
2026-08-09,2026-08-09 20:04:41.015075,2026-08-09 20:34:40.738246
2026-08-10,2026-08-10 20:03:25.872389,2026-08-10 20:33:20.055035
2026-08-11,2026-08-11 20:02:09.527881,2026-08-11 20:31:58.228326
2026-08-12,2026-08-12 20:00:52.012828,2026-08-12 20:30:35.293846
2026-08-13,2026-08-13 19:59:33.358566,2026-08-13 20:29:11.287192
2026-08-14,2026-08-14 19:58:13.596460,2026-08-14 20:27:46.243809
2026-08-15,2026-08-15 19:56:52.757886,2026-08-15 20:26:20.198976
2026-08-16,2026-08-16 19:55:30.874212,2026-08-16 20:24:53.187784
2026-08-17,2026-08-17 19:54:07.976777,2026-08-17 20:23:25.245131
2026-08-18,2026-08-18 19:52:44.096879,2026-08-18 20:21:56.405700
2026-08-19,2026-08-19 19:51:19.265758,2026-08-19 20:20:26.703955
2026-08-20,2026-08-20 19:49:53.514578,2026-08-20 20:18:56.174129
2026-08-21,2026-08-21 19:48:26.874425,2026-08-21 20:17:24.850219
2026-08-22,2026-08-22 19:46:59.376286,2026-08-22 20:15:52.765977
2026-08-23,2026-08-23 19:45:31.051048,2026-08-23 20:14:19.954908
2026-08-24,2026-08-24 19:44:01.929486,2026-08-24 20:12:46.450266
2026-08-25,2026-08-25 19:42:32.042258,2026-08-25 20:11:12.285054
2026-08-26,2026-08-26 19:41:01.419902,2026-08-26 20:09:37.492021
2026-08-27,2026-08-27 19:39:30.092827,2026-08-27 20:08:02.103666
2026-08-28,2026-08-28 19:37:58.091317,2026-08-28 20:06:26.152237
2026-08-29,2026-08-29 19:36:25.445528,2026-08-29 20:04:49.669739
2026-08-30,2026-08-30 19:34:52.185486,2026-08-30 20:03:12.687933
2026-08-31,2026-08-31 19:33:18.341090,2026-08-31 20:01:35.238347
2026-09-01,2026-09-01 19:31:43.942117,2026-09-01 19:59:57.352279
2026-09-02,2026-09-02 19:30:09.018221,2026-09-02 19:58:19.060805
2026-09-03,2026-09-03 19:28:33.598941,2026-09-03 19:56:40.394791
2026-09-04,2026-09-04 19:26:57.713705,2026-09-04 19:55:01.384895
2026-09-05,2026-09-05 19:25:21.391837,2026-09-05 19:53:22.061587
2026-09-06,2026-09-06 19:23:44.662566,2026-09-06 19:51:42.455150
2026-09-07,2026-09-07 19:22:07.555032,2026-09-07 19:50:02.595700
2026-09-08,2026-09-08 19:20:30.098297,2026-09-08 19:48:22.513192
2026-09-09,2026-09-09 19:18:52.321353,2026-09-09 19:46:42.237435
2026-09-10,2026-09-10 19:17:14.253134,2026-09-10 19:45:01.798106
2026-09-11,2026-09-11 19:15:35.922527,2026-09-11 19:43:21.224762
2026-09-12,2026-09-12 19:13:57.358383,2026-09-12 19:41:40.546855
2026-09-13,2026-09-13 19:12:18.589529,2026-09-13 19:39:59.793746
2026-09-14,2026-09-14 19:10:39.644780,2026-09-14 19:38:18.994719
2026-09-15,2026-09-15 19:09:00.552956,2026-09-15 19:36:38.178997
2026-09-16,2026-09-16 19:07:21.342887,2026-09-16 19:34:57.375753
2026-09-17,2026-09-17 19:05:42.043434,2026-09-17 19:33:16.614129
2026-09-18,2026-09-18 19:04:02.683498,2026-09-18 19:31:35.923249
2026-09-19,2026-09-19 19:02:23.292037,2026-09-19 19:29:55.332233
2026-09-20,2026-09-20 19:00:43.898074,2026-09-20 19:28:14.870210
2026-09-21,2026-09-21 18:59:04.530717,2026-09-21 19:26:34.566337
2026-09-22,2026-09-22 18:57:25.219167,2026-09-22 19:24:54.449806
2026-09-23,2026-09-23 18:55:45.992733,2026-09-23 19:23:14.549863
2026-09-24,2026-09-24 18:54:06.880845,2026-09-24 19:21:34.895816
2026-09-25,2026-09-25 18:52:27.913067,2026-09-25 19:19:55.517051
2026-09-26,2026-09-26 18:50:49.119107,2026-09-26 19:18:16.443044
2026-09-27,2026-09-27 18:49:10.528831,2026-09-27 19:16:37.703368
2026-09-28,2026-09-28 18:47:32.172270,2026-09-28 19:14:59.327706
2026-09-29,2026-09-29 18:45:54.079635,2026-09-29 19:13:21.345862
2026-09-30,2026-09-30 18:44:16.281326,2026-09-30 19:11:43.787767
2026-10-01,2026-10-01 18:42:38.807936,2026-10-01 19:10:06.683488
2026-10-02,2026-10-02 18:41:01.690268,2026-10-02 19:08:30.063235
2026-10-03,2026-10-03 18:39:24.959333,2026-10-03 19:06:53.957367
2026-10-04,2026-10-04 18:37:48.646364,2026-10-04 19:05:18.396397
2026-10-05,2026-10-05 18:36:12.782818,2026-10-05 19:03:43.410995
2026-10-06,2026-10-06 18:34:37.400384,2026-10-06 19:02:09.031992
2026-10-07,2026-10-07 18:33:02.530981,2026-10-07 19:00:35.290382
2026-10-08,2026-10-08 18:31:28.206769,2026-10-08 18:59:02.217320
2026-10-09,2026-10-09 18:29:54.460143,2026-10-09 18:57:29.844124
2026-10-10,2026-10-10 18:28:21.323739,2026-10-10 18:55:58.202272
2026-10-11,2026-10-11 18:26:48.830431,2026-10-11 18:54:27.323399
2026-10-12,2026-10-12 18:25:17.013333,2026-10-12 18:52:57.239293
2026-10-13,2026-10-13 18:23:45.905789,2026-10-13 18:51:27.981888
2026-10-14,2026-10-14 18:22:15.541380,2026-10-14 18:49:59.583259
2026-10-15,2026-10-15 18:20:45.953908,2026-10-15 18:48:32.075612
2026-10-16,2026-10-16 18:19:17.177398,2026-10-16 18:47:05.491275
2026-10-17,2026-10-17 18:17:49.246088,2026-10-17 18:45:39.862688
2026-10-18,2026-10-18 18:16:22.194417,2026-10-18 18:44:15.222389
2026-10-19,2026-10-19 18:14:56.057021,2026-10-19 18:42:51.603003
2026-10-20,2026-10-20 18:13:30.868718,2026-10-20 18:41:29.037226
2026-10-21,2026-10-21 18:12:06.664497,2026-10-21 18:40:07.557806
2026-10-22,2026-10-22 18:10:43.479502,2026-10-22 18:38:47.197531
2026-10-23,2026-10-23 18:09:21.349022,2026-10-23 18:37:27.989207
2026-10-24,2026-10-24 18:08:00.308468,2026-10-24 18:36:09.965636
2026-10-25,2026-10-25 18:06:40.393361,2026-10-25 18:34:53.159600
2026-10-26,2026-10-26 18:05:21.639310,2026-10-26 18:33:37.603833
2026-10-27,2026-10-27 18:04:04.081991,2026-10-27 18:32:23.331002
2026-10-28,2026-10-28 18:02:47.757126,2026-10-28 18:31:10.373675
2026-10-29,2026-10-29 18:01:32.700463,2026-10-29 18:29:58.764303
2026-10-30,2026-10-30 18:00:18.947743,2026-10-30 18:28:48.535185
2026-10-31,2026-10-31 17:59:06.534682,2026-10-31 18:27:39.718441
2026-11-01,2026-11-01 16:57:55.496938,2026-11-01 17:26:32.345986
2026-11-02,2026-11-02 16:56:45.870085,2026-11-02 17:25:26.449490
2026-11-03,2026-11-03 16:55:37.689578,2026-11-03 17:24:22.060353
2026-11-04,2026-11-04 16:54:30.990725,2026-11-04 17:23:19.209668
2026-11-05,2026-11-05 16:53:25.808648,2026-11-05 17:22:17.928184
2026-11-06,2026-11-06 16:52:22.178252,2026-11-06 17:21:18.246271
2026-11-07,2026-11-07 16:51:20.134184,2026-11-07 17:20:20.193884
2026-11-08,2026-11-08 16:50:19.710792,2026-11-08 17:19:23.800521
2026-11-09,2026-11-09 16:49:20.942091,2026-11-09 17:18:29.095184
2026-11-10,2026-11-10 16:48:23.861710,2026-11-10 17:17:36.106339
2026-11-11,2026-11-11 16:47:28.502856,2026-11-11 17:16:44.861873
2026-11-12,2026-11-12 16:46:34.898262,2026-11-12 17:15:55.389048
2026-11-13,2026-11-13 16:45:43.080141,2026-11-13 17:15:07.714461
2026-11-14,2026-11-14 16:44:53.080134,2026-11-14 17:14:21.863994
2026-11-15,2026-11-15 16:44:04.929258,2026-11-15 17:13:37.862771
2026-11-16,2026-11-16 16:43:18.657854,2026-11-16 17:12:55.735107
2026-11-17,2026-11-17 16:42:34.295529,2026-11-17 17:12:15.504462
2026-11-18,2026-11-18 16:41:51.871099,2026-11-18 17:11:37.193392
2026-11-19,2026-11-19 16:41:11.412530,2026-11-19 17:11:00.823499
2026-11-20,2026-11-20 16:40:32.946875,2026-11-20 17:10:26.415376
2026-11-21,2026-11-21 16:39:56.500217,2026-11-21 17:09:53.988565
2026-11-22,2026-11-22 16:39:22.097598,2026-11-22 17:09:23.561498
2026-11-23,2026-11-23 16:38:49.762963,2026-11-23 17:08:55.151447
2026-11-24,2026-11-24 16:38:19.519083,2026-11-24 17:08:28.774475
2026-11-25,2026-11-25 16:37:51.387498,2026-11-25 17:08:04.445383
2026-11-26,2026-11-26 16:37:25.388444,2026-11-26 17:07:42.177657
2026-11-27,2026-11-27 16:37:01.540788,2026-11-27 17:07:21.983421
2026-11-28,2026-11-28 16:36:39.861957,2026-11-28 17:07:03.873383
2026-11-29,2026-11-29 16:36:20.367873,2026-11-29 17:06:47.856788
2026-11-30,2026-11-30 16:36:03.072882,2026-11-30 17:06:33.941371
2026-12-01,2026-12-01 16:35:47.989691,2026-12-01 17:06:22.133308
2026-12-02,2026-12-02 16:35:35.129303,2026-12-02 17:06:12.437173
2026-12-03,2026-12-03 16:35:24.500947,2026-12-03 17:06:04.855895
2026-12-04,2026-12-04 16:35:16.112025,2026-12-04 17:05:59.390716
2026-12-05,2026-12-05 16:35:09.968044,2026-12-05 17:05:56.041156
2026-12-06,2026-12-06 16:35:06.072565,2026-12-06 17:05:54.804975
2026-12-07,2026-12-07 16:35:04.427148,2026-12-07 17:05:55.678143
2026-12-08,2026-12-08 16:35:05.031301,2026-12-08 17:05:58.654811
2026-12-09,2026-12-09 16:35:07.882437,2026-12-09 17:06:03.727286
2026-12-10,2026-12-10 16:35:12.975829,2026-12-10 17:06:10.886012
2026-12-11,2026-12-11 16:35:20.304579,2026-12-11 17:06:20.119552
2026-12-12,2026-12-12 16:35:29.859584,2026-12-12 17:06:31.414579
2026-12-13,2026-12-13 16:35:41.629513,2026-12-13 17:06:44.755865
2026-12-14,2026-12-14 16:35:55.600789,2026-12-14 17:07:00.126286
2026-12-15,2026-12-15 16:36:11.757574,2026-12-15 17:07:17.506820
2026-12-16,2026-12-16 16:36:30.081769,2026-12-16 17:07:36.876560
2026-12-17,2026-12-17 16:36:50.553013,2026-12-17 17:07:58.212728
2026-12-18,2026-12-18 16:37:13.148695,2026-12-18 17:08:21.490694
2026-12-19,2026-12-19 16:37:37.843968,2026-12-19 17:08:46.684009
2026-12-20,2026-12-20 16:38:04.611780,2026-12-20 17:09:13.764428
2026-12-21,2026-12-21 16:38:33.422900,2026-12-21 17:09:42.701960
2026-12-22,2026-12-22 16:39:04.245963,2026-12-22 17:10:13.464902
2026-12-23,2026-12-23 16:39:37.047520,2026-12-23 17:10:46.019898
2026-12-24,2026-12-24 16:40:11.792091,2026-12-24 17:11:20.331991
2026-12-25,2026-12-25 16:40:48.442229,2026-12-25 17:11:56.364686
2026-12-26,2026-12-26 16:41:26.958597,2026-12-26 17:12:34.080016
2026-12-27,2026-12-27 16:42:07.300038,2026-12-27 17:13:13.438617
2026-12-28,2026-12-28 16:42:49.423668,2026-12-28 17:13:54.399806
2026-12-29,2026-12-29 16:43:33.284965,2026-12-29 17:14:36.921659
2026-12-30,2026-12-30 16:44:18.837864,2026-12-30 17:15:20.961102
2026-12-31,2026-12-31 16:45:06.034867,2026-12-31 17:16:06.473999
2027-01-01,2027-01-01 16:45:54.827143,2027-01-01 17:16:53.415248
2027-01-02,2027-01-02 16:46:45.164651,2027-01-02 17:17:41.738876
2027-01-03,2027-01-03 16:47:36.996248,2027-01-03 17:18:31.398140
2027-01-04,2027-01-04 16:48:30.269815,2027-01-04 17:19:22.345628
2027-01-05,2027-01-05 16:49:24.932376,2027-01-05 17:20:14.533367
2027-01-06,2027-01-06 16:50:20.930228,2027-01-06 17:21:07.912921
2027-01-07,2027-01-07 16:51:18.209064,2027-01-07 17:22:02.435506
2027-01-08,2027-01-08 16:52:16.714101,2027-01-08 17:22:58.052087
2027-01-09,2027-01-09 16:53:16.390210,2027-01-09 17:23:54.713493
2027-01-10,2027-01-10 16:54:17.182041,2027-01-10 17:24:52.370514
2027-01-11,2027-01-11 16:55:19.034149,2027-01-11 17:25:50.974015
2027-01-12,2027-01-12 16:56:21.891122,2027-01-12 17:26:50.475030
2027-01-13,2027-01-13 16:57:25.697701,2027-01-13 17:27:50.824870
2027-01-14,2027-01-14 16:58:30.398899,2027-01-14 17:28:51.975218
2027-01-15,2027-01-15 16:59:35.940123,2027-01-15 17:29:53.878226
2027-01-16,2027-01-16 17:00:42.267281,2027-01-16 17:30:56.486609
2027-01-17,2027-01-17 17:01:49.326894,2027-01-17 17:31:59.753733
2027-01-18,2027-01-18 17:02:57.066200,2027-01-18 17:33:03.633702
2027-01-19,2027-01-19 17:04:05.433256,2027-01-19 17:34:08.081438
2027-01-20,2027-01-20 17:05:14.377031,2027-01-20 17:35:13.052762
2027-01-21,2027-01-21 17:06:23.847493,2027-01-21 17:36:18.504463
2027-01-22,2027-01-22 17:07:33.795698,2027-01-22 17:37:24.394369
2027-01-23,2027-01-23 17:08:44.173863,2027-01-23 17:38:30.681411
2027-01-24,2027-01-24 17:09:54.935443,2027-01-24 17:39:37.325679
2027-01-25,2027-01-25 17:11:06.035193,2027-01-25 17:40:44.288478
2027-01-26,2027-01-26 17:12:17.429230,2027-01-26 17:41:51.532379
2027-01-27,2027-01-27 17:13:29.075086,2027-01-27 17:42:59.021258
2027-01-28,2027-01-28 17:14:40.931759,2027-01-28 17:44:06.720334
2027-01-29,2027-01-29 17:15:52.959749,2027-01-29 17:45:14.596211
2027-01-30,2027-01-30 17:17:05.121100,2027-01-30 17:46:22.616894
2027-01-31,2027-01-31 17:18:17.379427,2027-01-31 17:47:30.751825
2027-02-01,2027-02-01 17:19:29.699940,2027-02-01 17:48:38.971893
2027-02-02,2027-02-02 17:20:42.049463,2027-02-02 17:49:47.249450
2027-02-03,2027-02-03 17:21:54.396449,2027-02-03 17:50:55.558324
2027-02-04,2027-02-04 17:23:06.710985,2027-02-04 17:52:03.873820
2027-02-05,2027-02-05 17:24:18.964799,2027-02-05 17:53:12.172720
2027-02-06,2027-02-06 17:25:31.131254,2027-02-06 17:54:20.433286
2027-02-07,2027-02-07 17:26:43.185345,2027-02-07 17:55:28.635244
2027-02-08,2027-02-08 17:27:55.103685,2027-02-08 17:56:36.759779
2027-02-09,2027-02-09 17:29:06.864494,2027-02-09 17:57:44.789518
2027-02-10,2027-02-10 17:30:18.447578,2027-02-10 17:58:52.708513
2027-02-11,2027-02-11 17:31:29.834307,2027-02-11 18:00:00.502218
2027-02-12,2027-02-12 17:32:41.007589,2027-02-12 18:01:08.157467
2027-02-13,2027-02-13 17:33:51.951842,2027-02-13 18:02:15.662447
2027-02-14,2027-02-14 17:35:02.652964,2027-02-14 18:03:23.006667
2027-02-15,2027-02-15 17:36:13.098295,2027-02-15 18:04:30.180928
2027-02-16,2027-02-16 17:37:23.276585,2027-02-16 18:05:37.177289
2027-02-17,2027-02-17 17:38:33.177953,2027-02-17 18:06:43.989033
2027-02-18,2027-02-18 17:39:42.793845,2027-02-18 18:07:50.610627
2027-02-19,2027-02-19 17:40:52.116997,2027-02-19 18:08:57.037685
2027-02-20,2027-02-20 17:42:01.141388,2027-02-20 18:10:03.266928
2027-02-21,2027-02-21 17:43:09.862194,2027-02-21 18:11:09.296143
2027-02-22,2027-02-22 17:44:18.275746,2027-02-22 18:12:15.124141
2027-02-23,2027-02-23 17:45:26.379484,2027-02-23 18:13:20.750714
2027-02-24,2027-02-24 17:46:34.171904,2027-02-24 18:14:26.176592
2027-02-25,2027-02-25 17:47:41.652517,2027-02-25 18:15:31.403398
2027-02-26,2027-02-26 17:48:48.821800,2027-02-26 18:16:36.433607
2027-02-27,2027-02-27 17:49:55.681143,2027-02-27 18:17:41.270497
2027-02-28,2027-02-28 17:51:02.232808,2027-02-28 18:18:45.918110
2027-03-01,2027-03-01 17:52:08.479876,2027-03-01 18:19:50.381204
2027-03-02,2027-03-02 17:53:14.426203,2027-03-02 18:20:54.665208
2027-03-03,2027-03-03 17:54:20.076371,2027-03-03 18:21:58.776181
2027-03-04,2027-03-04 17:55:25.435639,2027-03-04 18:23:02.720767
2027-03-05,2027-03-05 17:56:30.509903,2027-03-05 18:24:06.506153
2027-03-06,2027-03-06 17:57:35.305642,2027-03-06 18:25:10.140023
2027-03-07,2027-03-07 17:58:39.829879,2027-03-07 18:26:13.630518
2027-03-08,2027-03-08 17:59:44.090136,2027-03-08 18:27:16.986196
2027-03-09,2027-03-09 18:00:48.094386,2027-03-09 18:28:20.215986
2027-03-10,2027-03-10 18:01:51.851016,2027-03-10 18:29:23.329152
2027-03-11,2027-03-11 18:02:55.368781,2027-03-11 18:30:26.335251
2027-03-12,2027-03-12 18:03:58.656764,2027-03-12 18:31:29.244093
2027-03-13,2027-03-13 18:05:01.724334,2027-03-13 18:32:32.065705
2027-03-14,2027-03-14 19:06:04.581110,2027-03-14 19:33:34.810290
2027-03-15,2027-03-15 19:07:07.236918,2027-03-15 19:34:37.488191
2027-03-16,2027-03-16 19:08:09.701757,2027-03-16 19:35:40.109855
2027-03-17,2027-03-17 19:09:11.985757,2027-03-17 19:36:42.685796
2027-03-18,2027-03-18 19:10:14.099147,2027-03-18 19:37:45.226560
2027-03-19,2027-03-19 19:11:16.052217,2027-03-19 19:38:47.742687
2027-03-20,2027-03-20 19:12:17.855285,2027-03-20 19:39:50.244682
2027-03-21,2027-03-21 19:13:19.518659,2027-03-21 19:40:52.742976
2027-03-22,2027-03-22 19:14:21.052605,2027-03-22 19:41:55.247894
2027-03-23,2027-03-23 19:15:22.467317,2027-03-23 19:42:57.769622
2027-03-24,2027-03-24 19:16:23.772878,2027-03-24 19:44:00.318175
2027-03-25,2027-03-25 19:17:24.979234,2027-03-25 19:45:02.903362
2027-03-26,2027-03-26 19:18:26.096158,2027-03-26 19:46:05.534754
2027-03-27,2027-03-27 19:19:27.133220,2027-03-27 19:47:08.221655
2027-03-28,2027-03-28 19:20:28.099758,2027-03-28 19:48:10.973065
2027-03-29,2027-03-29 19:21:29.004844,2027-03-29 19:49:13.797650
2027-03-30,2027-03-30 19:22:29.857255,2027-03-30 19:50:16.703713
2027-03-31,2027-03-31 19:23:30.665443,2027-03-31 19:51:19.699156
2027-04-01,2027-04-01 19:24:31.437504,2027-04-01 19:52:22.791453
2027-04-02,2027-04-02 19:25:32.181150,2027-04-02 19:53:25.987616
2027-04-03,2027-04-03 19:26:32.903676,2027-04-03 19:54:29.294164
2027-04-04,2027-04-04 19:27:33.611933,2027-04-04 19:55:32.717087
2027-04-05,2027-04-05 19:28:34.312298,2027-04-05 19:56:36.261820
2027-04-06,2027-04-06 19:29:35.010643,2027-04-06 19:57:39.933203
2027-04-07,2027-04-07 19:30:35.712303,2027-04-07 19:58:43.735454
2027-04-08,2027-04-08 19:31:36.422053,2027-04-08 19:59:47.672134
2027-04-09,2027-04-09 19:32:37.144073,2027-04-09 20:00:51.746113
2027-04-10,2027-04-10 19:33:37.881918,2027-04-10 20:01:55.959538
2027-04-11,2027-04-11 19:34:38.638493,2027-04-11 20:03:00.313800
2027-04-12,2027-04-12 19:35:39.416018,2027-04-12 20:04:04.809499
2027-04-13,2027-04-13 19:36:40.216002,2027-04-13 20:05:09.446411
2027-04-14,2027-04-14 19:37:41.039213,2027-04-14 20:06:14.223455
2027-04-15,2027-04-15 19:38:41.885647,2027-04-15 20:07:19.138659
2027-04-16,2027-04-16 19:39:42.754501,2027-04-16 20:08:24.189126
2027-04-17,2027-04-17 19:40:43.644143,2027-04-17 20:09:29.371005
2027-04-18,2027-04-18 19:41:44.552085,2027-04-18 20:10:34.679449
2027-04-19,2027-04-19 19:42:45.474953,2027-04-19 20:11:40.108593
2027-04-20,2027-04-20 19:43:46.408462,2027-04-20 20:12:45.651514
2027-04-21,2027-04-21 19:44:47.347387,2027-04-21 20:13:51.300203
2027-04-22,2027-04-22 19:45:48.285537,2027-04-22 20:14:57.045534
2027-04-23,2027-04-23 19:46:49.215732,2027-04-23 20:16:02.877234
2027-04-24,2027-04-24 19:47:50.129775,2027-04-24 20:17:08.783853
2027-04-25,2027-04-25 19:48:51.018433,2027-04-25 20:18:14.752737
2027-04-26,2027-04-26 19:49:51.871409,2027-04-26 20:19:20.770001
2027-04-27,2027-04-27 19:50:52.677329,2027-04-27 20:20:26.820507
2027-04-28,2027-04-28 19:51:53.423715,2027-04-28 20:21:32.887835
2027-04-29,2027-04-29 19:52:54.096971,2027-04-29 20:22:38.954266
2027-04-30,2027-04-30 19:53:54.682370,2027-04-30 20:23:45.000762
2027-05-01,2027-05-01 19:54:55.164032,2027-05-01 20:24:51.006948
2027-05-02,2027-05-02 19:55:55.524919,2027-05-02 20:25:56.951097
2027-05-03,2027-05-03 19:56:55.746824,2027-05-03 20:27:02.810118
2027-05-04,2027-05-04 19:57:55.810361,2027-05-04 20:28:08.559550
2027-05-05,2027-05-05 19:58:55.694964,2027-05-05 20:29:14.173550
2027-05-06,2027-05-06 19:59:55.378880,2027-05-06 20:30:19.624896
2027-05-07,2027-05-07 20:00:54.839176,2027-05-07 20:31:24.884982
2027-05-08,2027-05-08 20:01:54.051737,2027-05-08 20:32:29.923831
2027-05-09,2027-05-09 20:02:52.991278,2027-05-09 20:33:34.710092
2027-05-10,2027-05-10 20:03:51.631350,2027-05-10 20:34:39.211061
2027-05-11,2027-05-11 20:04:49.944358,2027-05-11 20:35:43.392696
2027-05-12,2027-05-12 20:05:47.901572,2027-05-12 20:36:47.219635
2027-05-13,2027-05-13 20:06:45.473155,2027-05-13 20:37:50.655225
2027-05-14,2027-05-14 20:07:42.628185,2027-05-14 20:38:53.661551
2027-05-15,2027-05-15 20:08:39.334678,2027-05-15 20:39:56.199471
2027-05-16,2027-05-16 20:09:35.559631,2027-05-16 20:40:58.228657
2027-05-17,2027-05-17 20:10:31.269047,2027-05-17 20:41:59.707641
2027-05-18,2027-05-18 20:11:26.427983,2027-05-18 20:43:00.593863
2027-05-19,2027-05-19 20:12:21.000590,2027-05-19 20:44:00.843731
2027-05-20,2027-05-20 20:13:14.950164,2027-05-20 20:45:00.412677
2027-05-21,2027-05-21 20:14:08.239195,2027-05-21 20:45:59.255225
2027-05-22,2027-05-22 20:15:00.829422,2027-05-22 20:46:57.325064
2027-05-23,2027-05-23 20:15:52.681897,2027-05-23 20:47:54.575120
2027-05-24,2027-05-24 20:16:43.757045,2027-05-24 20:48:50.957641
2027-05-25,2027-05-25 20:17:34.014730,2027-05-25 20:49:46.424280
2027-05-26,2027-05-26 20:18:23.414325,2027-05-26 20:50:40.926185
2027-05-27,2027-05-27 20:19:11.914787,2027-05-27 20:51:34.414094
2027-05-28,2027-05-28 20:19:59.474734,2027-05-28 20:52:26.838435
2027-05-29,2027-05-29 20:20:46.052518,2027-05-29 20:53:18.149426
2027-05-30,2027-05-30 20:21:31.606313,2027-05-30 20:54:08.297181
2027-05-31,2027-05-31 20:22:16.094195,2027-05-31 20:54:57.231817
2027-06-01,2027-06-01 20:22:59.474227,2027-06-01 20:55:44.903567
2027-06-02,2027-06-02 20:23:41.704548,2027-06-02 20:56:31.262895
2027-06-03,2027-06-03 20:24:22.743461,2027-06-03 20:57:16.260603
2027-06-04,2027-06-04 20:25:02.549518,2027-06-04 20:57:59.847954
2027-06-05,2027-06-05 20:25:41.081617,2027-06-05 20:58:41.976787
2027-06-06,2027-06-06 20:26:18.299084,2027-06-06 20:59:22.599630
2027-06-07,2027-06-07 20:26:54.161769,2027-06-07 21:00:01.669818
2027-06-08,2027-06-08 20:27:28.630130,2027-06-08 21:00:39.141609
2027-06-09,2027-06-09 20:28:01.665325,2027-06-09 21:01:14.970293
2027-06-10,2027-06-10 20:28:33.229295,2027-06-10 21:01:49.112306
2027-06-11,2027-06-11 20:29:03.284851,2027-06-11 21:02:21.525336
2027-06-12,2027-06-12 20:29:31.795754,2027-06-12 21:02:52.168430
2027-06-13,2027-06-13 20:29:58.726799,2027-06-13 21:03:21.002089
2027-06-14,2027-06-14 20:30:24.043887,2027-06-14 21:03:47.988369
2027-06-15,2027-06-15 20:30:47.714104,2027-06-15 21:04:13.090969
2027-06-16,2027-06-16 20:31:09.705786,2027-06-16 21:04:36.275316
2027-06-17,2027-06-17 20:31:29.988590,2027-06-17 21:04:57.508649
2027-06-18,2027-06-18 20:31:48.533552,2027-06-18 21:05:16.760084
2027-06-19,2027-06-19 20:32:05.313148,2027-06-19 21:05:34.000686
2027-06-20,2027-06-20 20:32:20.301345,2027-06-20 21:05:49.203529
2027-06-21,2027-06-21 20:32:33.473651,2027-06-21 21:06:02.343745
2027-06-22,2027-06-22 20:32:44.807157,2027-06-22 21:06:13.398568
2027-06-23,2027-06-23 20:32:54.280576,2027-06-23 21:06:22.347377
2027-06-24,2027-06-24 20:33:01.874274,2027-06-24 21:06:29.171720
2027-06-25,2027-06-25 20:33:07.570303,2027-06-25 21:06:33.855338
2027-06-26,2027-06-26 20:33:11.352415,2027-06-26 21:06:36.384179
2027-06-27,2027-06-27 20:33:13.206090,2027-06-27 21:06:36.746406
2027-06-28,2027-06-28 20:33:13.118539,2027-06-28 21:06:34.932395
2027-06-29,2027-06-29 20:33:11.078715,2027-06-29 21:06:30.934727
2027-06-30,2027-06-30 20:33:07.077314,2027-06-30 21:06:24.748176
2027-07-01,2027-07-01 20:33:01.106772,2027-07-01 21:06:16.369684
2027-07-02,2027-07-02 20:32:53.161259,2027-07-02 21:06:05.798336
2027-07-03,2027-07-03 20:32:43.236664,2027-07-03 21:05:53.035323
2027-07-04,2027-07-04 20:32:31.330579,2027-07-04 21:05:38.083907
2027-07-05,2027-07-05 20:32:17.442279,2027-07-05 21:05:20.949373
2027-07-06,2027-07-06 20:32:01.572696,2027-07-06 21:05:01.638979
2027-07-07,2027-07-07 20:31:43.724393,2027-07-07 21:04:40.161904
2027-07-08,2027-07-08 20:31:23.901528,2027-07-08 21:04:16.529190
2027-07-09,2027-07-09 20:31:02.109822,2027-07-09 21:03:50.753681
2027-07-10,2027-07-10 20:30:38.356521,2027-07-10 21:03:22.849954
2027-07-11,2027-07-11 20:30:12.650356,2027-07-11 21:02:52.834259
2027-07-12,2027-07-12 20:29:45.001496,2027-07-12 21:02:20.724447
2027-07-13,2027-07-13 20:29:15.421508,2027-07-13 21:01:46.539895
2027-07-14,2027-07-14 20:28:43.923310,2027-07-14 21:01:10.301442
2027-07-15,2027-07-15 20:28:10.521120,2027-07-15 21:00:32.031309
2027-07-16,2027-07-16 20:27:35.230407,2027-07-16 20:59:51.753030
2027-07-17,2027-07-17 20:26:58.067845,2027-07-17 20:59:09.491374
2027-07-18,2027-07-18 20:26:19.051255,2027-07-18 20:58:25.272277
2027-07-19,2027-07-19 20:25:38.199561,2027-07-19 20:57:39.122764
2027-07-20,2027-07-20 20:24:55.532730,2027-07-20 20:56:51.070880
2027-07-21,2027-07-21 20:24:11.071727,2027-07-21 20:56:01.145617
2027-07-22,2027-07-22 20:23:24.838459,2027-07-22 20:55:09.376846
2027-07-23,2027-07-23 20:22:36.855724,2027-07-23 20:54:15.795247
2027-07-24,2027-07-24 20:21:47.147163,2027-07-24 20:53:20.432242
2027-07-25,2027-07-25 20:20:55.737202,2027-07-25 20:52:23.319932
2027-07-26,2027-07-26 20:20:02.651010,2027-07-26 20:51:24.491032
2027-07-27,2027-07-27 20:19:07.914445,2027-07-27 20:50:23.978812
2027-07-28,2027-07-28 20:18:11.554010,2027-07-28 20:49:21.817037
2027-07-29,2027-07-29 20:17:13.596799,2027-07-29 20:48:18.039912
2027-07-30,2027-07-30 20:16:14.070461,2027-07-30 20:47:12.682025
2027-07-31,2027-07-31 20:15:13.003145,2027-07-31 20:46:05.778301
2027-08-01,2027-08-01 20:14:10.423466,2027-08-01 20:44:57.363945
2027-08-02,2027-08-02 20:13:06.360456,2027-08-02 20:43:47.474401
2027-08-03,2027-08-03 20:12:00.843528,2027-08-03 20:42:36.145307
2027-08-04,2027-08-04 20:10:53.902436,2027-08-04 20:41:23.412450
2027-08-05,2027-08-05 20:09:45.567235,2027-08-05 20:40:09.311726
2027-08-06,2027-08-06 20:08:35.868249,2027-08-06 20:38:53.879108
2027-08-07,2027-08-07 20:07:24.836034,2027-08-07 20:37:37.150605
2027-08-08,2027-08-08 20:06:12.501346,2027-08-08 20:36:19.162232
2027-08-09,2027-08-09 20:04:58.895110,2027-08-09 20:34:59.949980
2027-08-10,2027-08-10 20:03:44.048391,2027-08-10 20:33:39.549784
2027-08-11,2027-08-11 20:02:27.992365,2027-08-11 20:32:17.997503
2027-08-12,2027-08-12 20:01:10.758291,2027-08-12 20:30:55.328889
2027-08-13,2027-08-13 19:59:52.377491,2027-08-13 20:29:31.579569
2027-08-14,2027-08-14 19:58:32.881324,2027-08-14 20:28:06.785026
2027-08-15,2027-08-15 19:57:12.301162,2027-08-15 20:26:40.980576
2027-08-16,2027-08-16 19:55:50.668376,2027-08-16 20:25:14.201357
2027-08-17,2027-08-17 19:54:28.014312,2027-08-17 20:23:46.482311
2027-08-18,2027-08-18 19:53:04.370277,2027-08-18 20:22:17.858172
2027-08-19,2027-08-19 19:51:39.767523,2027-08-19 20:20:48.363456
2027-08-20,2027-08-20 19:50:14.237235,2027-08-20 20:19:18.032450
2027-08-21,2027-08-21 19:48:47.810514,2027-08-21 20:17:46.899207
2027-08-22,2027-08-22 19:47:20.518372,2027-08-22 20:16:14.997536
2027-08-23,2027-08-23 19:45:52.391719,2027-08-23 20:14:42.361000
2027-08-24,2027-08-24 19:44:23.461356,2027-08-24 20:13:09.022913
2027-08-25,2027-08-25 19:42:53.757967,2027-08-25 20:11:35.016336
2027-08-26,2027-08-26 19:41:23.312118,2027-08-26 20:10:00.374076
2027-08-27,2027-08-27 19:39:52.154249,2027-08-27 20:08:25.128693
2027-08-28,2027-08-28 19:38:20.314673,2027-08-28 20:06:49.312492
2027-08-29,2027-08-29 19:36:47.823573,2027-08-29 20:05:12.957534
2027-08-30,2027-08-30 19:35:14.711007,2027-08-30 20:03:36.095639
2027-08-31,2027-08-31 19:33:41.006903,2027-08-31 20:01:58.758387
2027-09-01,2027-09-01 19:32:06.741065,2027-09-01 20:00:20.977130
2027-09-02,2027-09-02 19:30:31.943174,2027-09-02 19:58:42.782995
2027-09-03,2027-09-03 19:28:56.642796,2027-09-03 19:57:04.206895
2027-09-04,2027-09-04 19:27:20.869384,2027-09-04 19:55:25.279539
2027-09-05,2027-09-05 19:25:44.652284,2027-09-05 19:53:46.031438
2027-09-06,2027-09-06 19:24:08.020748,2027-09-06 19:52:06.492918
2027-09-07,2027-09-07 19:22:31.003933,2027-09-07 19:50:26.694132
2027-09-08,2027-09-08 19:20:53.630918,2027-09-08 19:48:46.665072
2027-09-09,2027-09-09 19:19:15.930711,2027-09-09 19:47:06.435579
2027-09-10,2027-09-10 19:17:37.932257,2027-09-10 19:45:26.035360
2027-09-11,2027-09-11 19:15:59.664452,2027-09-11 19:43:45.493999
2027-09-12,2027-09-12 19:14:21.156153,2027-09-12 19:42:04.840969
2027-09-13,2027-09-13 19:12:42.436190,2027-09-13 19:40:24.105652
2027-09-14,2027-09-14 19:11:03.533381,2027-09-14 19:38:43.317347
2027-09-15,2027-09-15 19:09:24.476540,2027-09-15 19:37:02.505289
2027-09-16,2027-09-16 19:07:45.294492,2027-09-16 19:35:21.698660
2027-09-17,2027-09-17 19:06:06.016089,2027-09-17 19:33:40.926608
2027-09-18,2027-09-18 19:04:26.670221,2027-09-18 19:32:00.218259
2027-09-19,2027-09-19 19:02:47.285827,2027-09-19 19:30:19.602729
2027-09-20,2027-09-20 19:01:07.891915,2027-09-20 19:28:39.109146
2027-09-21,2027-09-21 18:59:28.517567,2027-09-21 19:26:58.766654
2027-09-22,2027-09-22 18:57:49.191961,2027-09-22 19:25:18.604436
2027-09-23,2027-09-23 18:56:09.944377,2027-09-23 19:23:38.651722
2027-09-24,2027-09-24 18:54:30.804215,2027-09-24 19:21:58.937804
2027-09-25,2027-09-25 18:52:51.801002,2027-09-25 19:20:19.492045
2027-09-26,2027-09-26 18:51:12.964410,2027-09-26 19:18:40.343898
2027-09-27,2027-09-27 18:49:34.324264,2027-09-27 19:17:01.522909
2027-09-28,2027-09-28 18:47:55.910554,2027-09-28 19:15:23.058735
2027-09-29,2027-09-29 18:46:17.753446,2027-09-29 19:13:44.981146
2027-09-30,2027-09-30 18:44:39.883290,2027-09-30 19:12:07.320042
2027-10-01,2027-10-01 18:43:02.330633,2027-10-01 19:10:30.105454
2027-10-02,2027-10-02 18:41:25.126223,2027-10-02 19:08:53.367557
2027-10-03,2027-10-03 18:39:48.301020,2027-10-03 19:07:17.136671
2027-10-04,2027-10-04 18:38:11.886202,2027-10-04 19:05:41.443271
2027-10-05,2027-10-05 18:36:35.913170,2027-10-05 19:04:06.317988
2027-10-06,2027-10-06 18:35:00.413555,2027-10-06 19:02:31.791612
2027-10-07,2027-10-07 18:33:25.419220,2027-10-07 19:00:57.895095
2027-10-08,2027-10-08 18:31:50.962264,2027-10-08 18:59:24.659555
2027-10-09,2027-10-09 18:30:17.075025,2027-10-09 18:57:52.116267
2027-10-10,2027-10-10 18:28:43.790079,2027-10-10 18:56:20.296671
2027-10-11,2027-10-11 18:27:11.140242,2027-10-11 18:54:49.232363
2027-10-12,2027-10-12 18:25:39.158568,2027-10-12 18:53:18.955092
2027-10-13,2027-10-13 18:24:07.878346,2027-10-13 18:51:49.496757
2027-10-14,2027-10-14 18:22:37.333097,2027-10-14 18:50:20.889399
2027-10-15,2027-10-15 18:21:07.556571,2027-10-15 18:48:53.165191
2027-10-16,2027-10-16 18:19:38.582737,2027-10-16 18:47:26.356431
2027-10-17,2027-10-17 18:18:10.445782,2027-10-17 18:46:00.495534
2027-10-18,2027-10-18 18:16:43.180095,2027-10-18 18:44:35.615012
2027-10-19,2027-10-19 18:15:16.820266,2027-10-19 18:43:11.747471
2027-10-20,2027-10-20 18:13:51.401068,2027-10-20 18:41:48.925588
2027-10-21,2027-10-21 18:12:26.957448,2027-10-21 18:40:27.182101
2027-10-22,2027-10-22 18:11:03.524514,2027-10-22 18:39:06.549788
2027-10-23,2027-10-23 18:09:41.137519,2027-10-23 18:37:47.061450
2027-10-24,2027-10-24 18:08:19.831845,2027-10-24 18:36:28.749893
2027-10-25,2027-10-25 18:06:59.642988,2027-10-25 18:35:11.647904
2027-10-26,2027-10-26 18:05:40.606535,2027-10-26 18:33:55.788229
2027-10-27,2027-10-27 18:04:22.758147,2027-10-27 18:32:41.203553
2027-10-28,2027-10-28 18:03:06.133537,2027-10-28 18:31:27.926469
2027-10-29,2027-10-29 18:01:50.768446,2027-10-29 18:30:15.989458
2027-10-30,2027-10-30 18:00:36.698619,2027-10-30 18:29:05.424857
2027-10-31,2027-10-31 17:59:23.959779,2027-10-31 18:27:56.264831
2027-11-01,2027-11-01 17:58:12.587599,2027-11-01 18:26:48.541346
2027-11-02,2027-11-02 17:57:02.617674,2027-11-02 18:25:42.286134
2027-11-03,2027-11-03 17:55:54.085492,2027-11-03 18:24:37.530663
2027-11-04,2027-11-04 17:54:47.026396,2027-11-04 18:23:34.306100
2027-11-05,2027-11-05 17:53:41.475556,2027-11-05 18:22:32.643282
2027-11-06,2027-11-06 17:52:37.467932,2027-11-06 18:21:32.572671
2027-11-07,2027-11-07 16:51:35.038234,2027-11-07 17:20:34.124327
2027-11-08,2027-11-08 16:50:34.220887,2027-11-08 17:19:37.327859
2027-11-09,2027-11-09 16:49:35.049987,2027-11-09 17:18:42.212394
2027-11-10,2027-11-10 16:48:37.559260,2027-11-10 17:17:48.806529
2027-11-11,2027-11-11 16:47:41.782017,2027-11-11 17:16:57.138295
2027-11-12,2027-11-12 16:46:47.751110,2027-11-12 17:16:07.235107
2027-11-13,2027-11-13 16:45:55.498881,2027-11-13 17:15:19.123727
2027-11-14,2027-11-14 16:45:05.057111,2027-11-14 17:14:32.830214
2027-11-15,2027-11-15 16:44:16.456973,2027-11-15 17:13:48.379877
2027-11-16,2027-11-16 16:43:29.728976,2027-11-16 17:13:05.797232
2027-11-17,2027-11-17 16:42:44.902906,2027-11-17 17:12:25.105949
2027-11-18,2027-11-18 16:42:02.007775,2027-11-18 17:11:46.328806
2027-11-19,2027-11-19 16:41:21.071760,2027-11-19 17:11:09.487640
2027-11-20,2027-11-20 16:40:42.122138,2027-11-20 17:10:34.603293
2027-11-21,2027-11-21 16:40:05.185231,2027-11-21 17:10:01.695564
2027-11-22,2027-11-22 16:39:30.286340,2027-11-22 17:09:30.783157
2027-11-23,2027-11-23 16:38:57.449676,2027-11-23 17:09:01.883631
2027-11-24,2027-11-24 16:38:26.698301,2027-11-24 17:08:35.013344
2027-11-25,2027-11-25 16:37:58.054058,2027-11-25 17:08:10.187408
2027-11-26,2027-11-26 16:37:31.537504,2027-11-26 17:07:47.419630
2027-11-27,2027-11-27 16:37:07.167841,2027-11-27 17:07:26.722469
2027-11-28,2027-11-28 16:36:44.962850,2027-11-28 17:07:08.106979
2027-11-29,2027-11-29 16:36:24.938822,2027-11-29 17:06:51.582764
2027-11-30,2027-11-30 16:36:07.110490,2027-11-30 17:06:37.157928
2027-12-01,2027-12-01 16:35:51.490964,2027-12-01 17:06:24.839028
2027-12-02,2027-12-02 16:35:38.091662,2027-12-02 17:06:14.631031
2027-12-03,2027-12-03 16:35:26.922249,2027-12-03 17:06:06.537268
2027-12-04,2027-12-04 16:35:17.990573,2027-12-04 17:06:00.559392
2027-12-05,2027-12-05 16:35:11.302606,2027-12-05 17:05:56.697343
2027-12-06,2027-12-06 16:35:06.862383,2027-12-06 17:05:54.949313
2027-12-07,2027-12-07 16:35:04.671954,2027-12-07 17:05:55.311706
2027-12-08,2027-12-08 16:35:04.731327,2027-12-08 17:05:57.779117
2027-12-09,2027-12-09 16:35:07.038427,2027-12-09 17:06:02.344303
2027-12-10,2027-12-10 16:35:11.589048,2027-12-10 17:06:08.998161
2027-12-11,2027-12-11 16:35:18.376820,2027-12-11 17:06:17.729712
2027-12-12,2027-12-12 16:35:27.393179,2027-12-12 17:06:28.526087
2027-12-13,2027-12-13 16:35:38.627334,2027-12-13 17:06:41.372522
2027-12-14,2027-12-14 16:35:52.066255,2027-12-14 17:06:56.252352
2027-12-15,2027-12-15 16:36:07.694652,2027-12-15 17:07:13.147016
2027-12-16,2027-12-16 16:36:25.494976,2027-12-16 17:07:32.036063
2027-12-17,2027-12-17 16:36:45.447414,2027-12-17 17:07:52.897169
2027-12-18,2027-12-18 16:37:07.529900,2027-12-18 17:08:15.706153
2027-12-19,2027-12-19 16:37:31.718129,2027-12-19 17:08:40.437004
2027-12-20,2027-12-20 16:37:57.985581,2027-12-20 17:09:07.061913
2027-12-21,2027-12-21 16:38:26.303551,2027-12-21 17:09:35.551309
2027-12-22,2027-12-22 16:38:56.641191,2027-12-22 17:10:05.873902
2027-12-23,2027-12-23 16:39:28.965553,2027-12-23 17:10:37.996734
2027-12-24,2027-12-24 16:40:03.241645,2027-12-24 17:11:11.885233
2027-12-25,2027-12-25 16:40:39.432495,2027-12-25 17:11:47.503274
2027-12-26,2027-12-26 16:41:17.499219,2027-12-26 17:12:24.813242
2027-12-27,2027-12-27 16:41:57.401097,2027-12-27 17:13:03.776110
2027-12-28,2027-12-28 16:42:39.095658,2027-12-28 17:13:44.351508
2027-12-29,2027-12-29 16:43:22.538771,2027-12-29 17:14:26.497809
2027-12-30,2027-12-30 16:44:07.684741,2027-12-30 17:15:10.172213
2027-12-31,2027-12-31 16:44:54.486409,2027-12-31 17:15:55.330837
2028-01-01,2028-01-01 16:45:42.895262,2028-01-01 17:16:41.928806
2028-01-02,2028-01-02 16:46:32.861546,2028-01-02 17:17:29.920354
2028-01-03,2028-01-03 16:47:24.334377,2028-01-03 17:18:19.258918
2028-01-04,2028-01-04 16:48:17.261866,2028-01-04 17:19:09.897244
2028-01-05,2028-01-05 16:49:11.591238,2028-01-05 17:20:01.787488
2028-01-06,2028-01-06 16:50:07.268958,2028-01-06 17:20:54.881321
2028-01-07,2028-01-07 16:51:04.240858,2028-01-07 17:21:49.130036
2028-01-08,2028-01-08 16:52:02.452264,2028-01-08 17:22:44.484654
2028-01-09,2028-01-09 16:53:01.848123,2028-01-09 17:23:40.896029
2028-01-10,2028-01-10 16:54:02.373131,2028-01-10 17:24:38.314958
2028-01-11,2028-01-11 16:55:03.971858,2028-01-11 17:25:36.692278
2028-01-12,2028-01-12 16:56:06.588879,2028-01-12 17:26:35.978980
2028-01-13,2028-01-13 16:57:10.168889,2028-01-13 17:27:36.126300
2028-01-14,2028-01-14 16:58:14.656831,2028-01-14 17:28:37.085826
2028-01-15,2028-01-15 16:59:19.998007,2028-01-15 17:29:38.809591
2028-01-16,2028-01-16 17:00:26.138199,2028-01-16 17:30:41.250168
2028-01-17,2028-01-17 17:01:33.023773,2028-01-17 17:31:44.360762
2028-01-18,2028-01-18 17:02:40.601789,2028-01-18 17:32:48.095292
2028-01-19,2028-01-19 17:03:48.820099,2028-01-19 17:33:52.408478
2028-01-20,2028-01-20 17:04:57.627446,2028-01-20 17:34:57.255918
2028-01-21,2028-01-21 17:06:06.973551,2028-01-21 17:36:02.594164
2028-01-22,2028-01-22 17:07:16.809203,2028-01-22 17:37:08.380788
2028-01-23,2028-01-23 17:08:27.086334,2028-01-23 17:38:14.574450
2028-01-24,2028-01-24 17:09:37.758094,2028-01-24 17:39:21.134957
2028-01-25,2028-01-25 17:10:48.778921,2028-01-25 17:40:28.023318
2028-01-26,2028-01-26 17:12:00.104599,2028-01-26 17:41:35.201793
2028-01-27,2028-01-27 17:13:11.692314,2028-01-27 17:42:42.633938
2028-01-28,2028-01-28 17:14:23.500708,2028-01-28 17:43:50.284649
2028-01-29,2028-01-29 17:15:35.489914,2028-01-29 17:44:58.120190
2028-01-30,2028-01-30 17:16:47.621602,2028-01-30 17:46:06.108227
2028-01-31,2028-01-31 17:17:59.859003,2028-01-31 17:47:14.217851
2028-02-01,2028-02-01 17:19:12.166942,2028-02-01 17:48:22.419600
2028-02-02,2028-02-02 17:20:24.511850,2028-02-02 17:49:30.685472
2028-02-03,2028-02-03 17:21:36.861786,2028-02-03 17:50:38.988937
2028-02-04,2028-02-04 17:22:49.186441,2028-02-04 17:51:47.304942
2028-02-05,2028-02-05 17:24:01.457146,2028-02-05 17:52:55.609911
2028-02-06,2028-02-06 17:25:13.646869,2028-02-06 17:54:03.881748
2028-02-07,2028-02-07 17:26:25.730209,2028-02-07 17:55:12.099825
2028-02-08,2028-02-08 17:27:37.683389,2028-02-08 17:56:20.244974
2028-02-09,2028-02-09 17:28:49.484241,2028-02-09 17:57:28.299474
2028-02-10,2028-02-10 17:30:01.112189,2028-02-10 17:58:36.247033
2028-02-11,2028-02-11 17:31:12.548223,2028-02-11 17:59:44.072767
2028-02-12,2028-02-12 17:32:23.774882,2028-02-12 18:00:51.763176
2028-02-13,2028-02-13 17:33:34.776221,2028-02-13 18:01:59.306121
2028-02-14,2028-02-14 17:34:45.537780,2028-02-14 18:03:06.690792
2028-02-15,2028-02-15 17:35:56.046553,2028-02-15 18:04:13.907680
2028-02-16,2028-02-16 17:37:06.290949,2028-02-16 18:05:20.948540
2028-02-17,2028-02-17 17:38:16.260758,2028-02-17 18:06:27.806361
2028-02-18,2028-02-18 17:39:25.947108,2028-02-18 18:07:34.475325
2028-02-19,2028-02-19 17:40:35.342424,2028-02-19 18:08:40.950769
2028-02-20,2028-02-20 17:41:44.440386,2028-02-20 18:09:47.229149
2028-02-21,2028-02-21 17:42:53.235883,2028-02-21 18:10:53.307995
2028-02-22,2028-02-22 17:44:01.724970,2028-02-22 18:11:59.185872
2028-02-23,2028-02-23 17:45:09.904817,2028-02-23 18:13:04.862337
2028-02-24,2028-02-24 17:46:17.773670,2028-02-24 18:14:10.337894
2028-02-25,2028-02-25 17:47:25.330795,2028-02-25 18:15:15.613952
2028-02-26,2028-02-26 17:48:32.576438,2028-02-26 18:16:20.692782
2028-02-27,2028-02-27 17:49:39.511769,2028-02-27 18:17:25.577469
2028-02-28,2028-02-28 17:50:46.138842,2028-02-28 18:18:30.271873
2028-02-29,2028-02-29 17:51:52.460542,2028-02-29 18:19:34.780578
2028-03-01,2028-03-01 17:52:58.480540,2028-03-01 18:20:39.108853
2028-03-02,2028-03-02 17:54:04.203242,2028-03-02 18:21:43.262608
2028-03-03,2028-03-03 17:55:09.633747,2028-03-03 18:22:47.248346
2028-03-04,2028-03-04 17:56:14.777798,2028-03-04 18:23:51.073123
2028-03-05,2028-03-05 17:57:19.641734,2028-03-05 18:24:54.744506
2028-03-06,2028-03-06 17:58:24.232450,2028-03-06 18:25:58.270526
2028-03-07,2028-03-07 17:59:28.557347,2028-03-07 18:27:01.659641
2028-03-08,2028-03-08 18:00:32.624292,2028-03-08 18:28:04.920693
2028-03-09,2028-03-09 18:01:36.441572,2028-03-09 18:29:08.062865
2028-03-10,2028-03-10 18:02:40.017855,2028-03-10 18:30:11.095645
2028-03-11,2028-03-11 18:03:43.362145,2028-03-11 18:31:14.028782
2028-03-12,2028-03-12 19:04:46.483745,2028-03-12 19:32:16.872253
2028-03-13,2028-03-13 19:05:49.392214,2028-03-13 19:33:19.636218
2028-03-14,2028-03-14 19:06:52.097328,2028-03-14 19:34:22.330989
2028-03-15,2028-03-15 19:07:54.609046,2028-03-15 19:35:24.966988
2028-03-16,2028-03-16 19:08:56.937468,2028-03-16 19:36:27.554713
2028-03-17,2028-03-17 19:09:59.092800,2028-03-17 19:37:30.104704
2028-03-18,2028-03-18 19:11:01.085319,2028-03-18 19:38:32.627503
2028-03-19,2028-03-19 19:12:02.925334,2028-03-19 19:39:35.133625
2028-03-20,2028-03-20 19:13:04.623159,2028-03-20 19:40:37.633518
2028-03-21,2028-03-21 19:14:06.189070,2028-03-21 19:41:40.137535
2028-03-22,2028-03-22 19:15:07.633280,2028-03-22 19:42:42.655897
2028-03-23,2028-03-23 19:16:08.965899,2028-03-23 19:43:45.198659
2028-03-24,2028-03-24 19:17:10.196907,2028-03-24 19:44:47.775682
2028-03-25,2028-03-25 19:18:11.336119,2028-03-25 19:45:50.396595
2028-03-26,2028-03-26 19:19:12.393156,2028-03-26 19:46:53.070766
2028-03-27,2028-03-27 19:20:13.377412,2028-03-27 19:47:55.807271
2028-03-28,2028-03-28 19:21:14.298024,2028-03-28 19:48:58.614857
2028-03-29,2028-03-29 19:22:15.163840,2028-03-29 19:50:01.501915
2028-03-30,2028-03-30 19:23:15.983393,2028-03-30 19:51:04.476444
2028-03-31,2028-03-31 19:24:16.764865,2028-03-31 19:52:07.546024
2028-04-01,2028-04-01 19:25:17.516061,2028-04-01 19:53:10.717778
2028-04-02,2028-04-02 19:26:18.244379,2028-04-02 19:54:13.998345
2028-04-03,2028-04-03 19:27:18.956776,2028-04-03 19:55:17.393845
2028-04-04,2028-04-04 19:28:19.659746,2028-04-04 19:56:20.909845
2028-04-05,2028-04-05 19:29:20.359281,2028-04-05 19:57:24.551333
2028-04-06,2028-04-06 19:30:21.060849,2028-04-06 19:58:28.322676
2028-04-07,2028-04-07 19:31:21.769360,2028-04-07 19:59:32.227595
2028-04-08,2028-04-08 19:32:22.489139,2028-04-08 20:00:36.269128
2028-04-09,2028-04-09 19:33:23.223892,2028-04-09 20:01:40.449598
2028-04-10,2028-04-10 19:34:23.976683,2028-04-10 20:02:44.770578
2028-04-11,2028-04-11 19:35:24.749897,2028-04-11 20:03:49.232862
2028-04-12,2028-04-12 19:36:25.545216,2028-04-12 20:04:53.836425
2028-04-13,2028-04-13 19:37:26.363587,2028-04-13 20:05:58.580394
2028-04-14,2028-04-14 19:38:27.205194,2028-04-14 20:07:03.463013
2028-04-15,2028-04-15 19:39:28.069428,2028-04-15 20:08:08.481611
2028-04-16,2028-04-16 19:40:28.954858,2028-04-16 20:09:13.632567
2028-04-17,2028-04-17 19:41:29.859203,2028-04-17 20:10:18.911275
2028-04-18,2028-04-18 19:42:30.779305,2028-04-18 20:11:24.312119
2028-04-19,2028-04-19 19:43:31.711099,2028-04-19 20:12:29.828431
2028-04-20,2028-04-20 19:44:32.649586,2028-04-20 20:13:35.452466
2028-04-21,2028-04-21 19:45:33.588812,2028-04-21 20:14:41.175369
2028-04-22,2028-04-22 19:46:34.521835,2028-04-22 20:15:46.987144
2028-04-23,2028-04-23 19:47:35.440705,2028-04-23 20:16:52.876626
2028-04-24,2028-04-24 19:48:36.336439,2028-04-24 20:17:58.831455
2028-04-25,2028-04-25 19:49:37.198998,2028-04-25 20:19:04.838042
2028-04-26,2028-04-26 19:50:38.017269,2028-04-26 20:20:10.881553
2028-04-27,2028-04-27 19:51:38.779040,2028-04-27 20:21:16.945878
2028-04-28,2028-04-28 19:52:39.470987,2028-04-28 20:22:23.013613
2028-04-29,2028-04-29 19:53:40.078655,2028-04-29 20:23:29.066038
2028-04-30,2028-04-30 19:54:40.586443,2028-04-30 20:24:35.083103
2028-05-01,2028-05-01 19:55:40.977594,2028-05-01 20:25:41.043407
2028-05-02,2028-05-02 19:56:41.234183,2028-05-02 20:26:46.924189
2028-05-03,2028-05-03 19:57:41.337107,2028-05-03 20:27:52.701318
2028-05-04,2028-05-04 19:58:41.266086,2028-05-04 20:28:58.349285
2028-05-05,2028-05-05 19:59:40.999653,2028-05-05 20:30:03.841201
2028-05-06,2028-05-06 20:00:40.515161,2028-05-06 20:31:09.148795
2028-05-07,2028-05-07 20:01:39.788778,2028-05-07 20:32:14.242418
2028-05-08,2028-05-08 20:02:38.795501,2028-05-08 20:33:19.091052
2028-05-09,2028-05-09 20:03:37.509163,2028-05-09 20:34:23.662320
2028-05-10,2028-05-10 20:04:35.902442,2028-05-10 20:35:27.922499
2028-05-11,2028-05-11 20:05:33.946883,2028-05-11 20:36:31.836546
2028-05-12,2028-05-12 20:06:31.612915,2028-05-12 20:37:35.368118
2028-05-13,2028-05-13 20:07:28.869875,2028-05-13 20:38:38.479604
2028-05-14,2028-05-14 20:08:25.686036,2028-05-14 20:39:41.132154
2028-05-15,2028-05-15 20:09:22.028637,2028-05-15 20:40:43.285726
2028-05-16,2028-05-16 20:10:17.863920,2028-05-16 20:41:44.899125
2028-05-17,2028-05-17 20:11:13.157168,2028-05-17 20:42:45.930051
2028-05-18,2028-05-18 20:12:07.872750,2028-05-18 20:43:46.335159
2028-05-19,2028-05-19 20:13:01.974163,2028-05-19 20:44:46.070112
2028-05-20,2028-05-20 20:13:55.424091,2028-05-20 20:45:45.089653
2028-05-21,2028-05-21 20:14:48.184452,2028-05-21 20:46:43.347666
2028-05-22,2028-05-22 20:15:40.216460,2028-05-22 20:47:40.797259
2028-05-23,2028-05-23 20:16:31.480687,2028-05-23 20:48:37.390840
2028-05-24,2028-05-24 20:17:21.937131,2028-05-24 20:49:33.080200
2028-05-25,2028-05-25 20:18:11.545280,2028-05-25 20:50:27.816605
2028-05-26,2028-05-26 20:19:00.264188,2028-05-26 20:51:21.550889
2028-05-27,2028-05-27 20:19:48.052551,2028-05-27 20:52:14.233549
2028-05-28,2028-05-28 20:20:34.868782,2028-05-28 20:53:05.814848
2028-05-29,2028-05-29 20:21:20.671094,2028-05-29 20:53:56.244922
2028-05-30,2028-05-30 20:22:05.417583,2028-05-30 20:54:45.473882
2028-05-31,2028-05-31 20:22:49.066312,2028-05-31 20:55:33.451928
2028-06-01,2028-06-01 20:23:31.575397,2028-06-01 20:56:20.129462
2028-06-02,2028-06-02 20:24:12.903098,2028-06-02 20:57:05.457201
2028-06-03,2028-06-03 20:24:53.007903,2028-06-03 20:57:49.386292
2028-06-04,2028-06-04 20:25:31.848624,2028-06-04 20:58:31.868428
2028-06-05,2028-06-05 20:26:09.384480,2028-06-05 20:59:12.855969
2028-06-06,2028-06-06 20:26:45.575190,2028-06-06 20:59:52.302048
2028-06-07,2028-06-07 20:27:20.381063,2028-06-07 21:00:30.160697
2028-06-08,2028-06-08 20:27:53.763085,2028-06-08 21:01:06.386952
2028-06-09,2028-06-09 20:28:25.683004,2028-06-09 21:01:40.936970
2028-06-10,2028-06-10 20:28:56.103418,2028-06-10 21:02:13.768132
2028-06-11,2028-06-11 20:29:24.987858,2028-06-11 21:02:44.839153
2028-06-12,2028-06-12 20:29:52.300865,2028-06-12 21:03:14.110181
2028-06-13,2028-06-13 20:30:18.008073,2028-06-13 21:03:41.542893
2028-06-14,2028-06-14 20:30:42.076279,2028-06-14 21:04:07.100590
2028-06-15,2028-06-15 20:31:04.473516,2028-06-15 21:04:30.748281
2028-06-16,2028-06-16 20:31:25.169120,2028-06-16 21:04:52.452764
2028-06-17,2028-06-17 20:31:44.133795,2028-06-17 21:05:12.182702
2028-06-18,2028-06-18 20:32:01.339667,2028-06-18 21:05:29.908689
2028-06-19,2028-06-19 20:32:16.760344,2028-06-19 21:05:45.603314
2028-06-20,2028-06-20 20:32:30.370961,2028-06-20 21:05:59.241212
2028-06-21,2028-06-21 20:32:42.148228,2028-06-21 21:06:10.799112
2028-06-22,2028-06-22 20:32:52.070466,2028-06-22 21:06:20.255874
2028-06-23,2028-06-23 20:33:00.117644,2028-06-23 21:06:27.592526
2028-06-24,2028-06-24 20:33:06.271407,2028-06-24 21:06:32.792281
2028-06-25,2028-06-25 20:33:10.515100,2028-06-25 21:06:35.840558
2028-06-26,2028-06-26 20:33:12.833786,2028-06-26 21:06:36.724986
2028-06-27,2028-06-27 20:33:13.214261,2028-06-27 21:06:35.435412
2028-06-28,2028-06-28 20:33:11.645059,2028-06-28 21:06:31.963889
2028-06-29,2028-06-29 20:33:08.116459,2028-06-29 21:06:26.304664
2028-06-30,2028-06-30 20:33:02.620479,2028-06-30 21:06:18.454161
2028-07-01,2028-07-01 20:32:55.150874,2028-07-01 21:06:08.410951
2028-07-02,2028-07-02 20:32:45.703120,2028-07-02 21:05:56.175724
2028-07-03,2028-07-03 20:32:34.274403,2028-07-03 21:05:41.751245
2028-07-04,2028-07-04 20:32:20.863594,2028-07-04 21:05:25.142316
2028-07-05,2028-07-05 20:32:05.471229,2028-07-05 21:05:06.355724
2028-07-06,2028-07-06 20:31:48.099481,2028-07-06 21:04:45.400192
2028-07-07,2028-07-07 20:31:28.752126,2028-07-07 21:04:22.286316
2028-07-08,2028-07-08 20:31:07.434514,2028-07-08 21:03:57.026509
2028-07-09,2028-07-09 20:30:44.153525,2028-07-09 21:03:29.634938
2028-07-10,2028-07-10 20:30:18.917535,2028-07-10 21:03:00.127454
2028-07-11,2028-07-11 20:29:51.736371,2028-07-11 21:02:28.521526
2028-07-12,2028-07-12 20:29:22.621267,2028-07-12 21:01:54.836169
2028-07-13,2028-07-13 20:28:51.584818,2028-07-13 21:01:19.091874
2028-07-14,2028-07-14 20:28:18.640931,2028-07-14 21:00:41.310534
2028-07-15,2028-07-15 20:27:43.804779,2028-07-15 21:00:01.515369
2028-07-16,2028-07-16 20:27:07.092747,2028-07-16 20:59:19.730858
2028-07-17,2028-07-17 20:26:28.522384,2028-07-17 20:58:35.982658
2028-07-18,2028-07-18 20:25:48.112351,2028-07-18 20:57:50.297535
2028-07-19,2028-07-19 20:25:05.882367,2028-07-19 20:57:02.703293
2028-07-20,2028-07-20 20:24:21.853159,2028-07-20 20:56:13.228700
2028-07-21,2028-07-21 20:23:36.046410,2028-07-21 20:55:21.903418
2028-07-22,2028-07-22 20:22:48.484707,2028-07-22 20:54:28.757935
2028-07-23,2028-07-23 20:21:59.191488,2028-07-23 20:53:33.823496
2028-07-24,2028-07-24 20:21:08.190995,2028-07-24 20:52:37.132043
2028-07-25,2028-07-25 20:20:15.508219,2028-07-25 20:51:38.716146
2028-07-26,2028-07-26 20:19:21.168854,2028-07-26 20:50:38.608942
2028-07-27,2028-07-27 20:18:25.199250,2028-07-27 20:49:36.844079
2028-07-28,2028-07-28 20:17:27.626361,2028-07-28 20:48:33.455658
2028-07-29,2028-07-29 20:16:28.477703,2028-07-29 20:47:28.478178
2028-07-30,2028-07-30 20:15:27.781308,2028-07-30 20:46:21.946482
2028-07-31,2028-07-31 20:14:25.565678,2028-07-31 20:45:13.895711
2028-08-01,2028-08-01 20:13:21.859747,2028-08-01 20:44:04.361251
2028-08-02,2028-08-02 20:12:16.692838,2028-08-02 20:42:53.378694
2028-08-03,2028-08-03 20:11:10.094623,2028-08-03 20:41:40.983792
2028-08-04,2028-08-04 20:10:02.095086,2028-08-04 20:40:27.212416
2028-08-05,2028-08-05 20:08:52.724487,2028-08-05 20:39:12.100520
2028-08-06,2028-08-06 20:07:42.013327,2028-08-06 20:37:55.684105
2028-08-07,2028-08-07 20:06:29.992314,2028-08-07 20:36:37.999185
2028-08-08,2028-08-08 20:05:16.692333,2028-08-08 20:35:19.081756
2028-08-09,2028-08-09 20:04:02.144416,2028-08-09 20:33:58.967767
2028-08-10,2028-08-10 20:02:46.379712,2028-08-10 20:32:37.693094
2028-08-11,2028-08-11 20:01:29.429460,2028-08-11 20:31:15.293514
2028-08-12,2028-08-12 20:00:11.324968,2028-08-12 20:29:51.804685
2028-08-13,2028-08-13 19:58:52.097584,2028-08-13 20:28:27.262124
2028-08-14,2028-08-14 19:57:31.778679,2028-08-14 20:27:01.701185
2028-08-15,2028-08-15 19:56:10.399622,2028-08-15 20:25:35.157048
2028-08-16,2028-08-16 19:54:47.991766,2028-08-16 20:24:07.664703
2028-08-17,2028-08-17 19:53:24.586426,2028-08-17 20:22:39.258930
2028-08-18,2028-08-18 19:52:00.214868,2028-08-18 20:21:09.974299
2028-08-19,2028-08-19 19:50:34.908290,2028-08-19 20:19:39.845150
2028-08-20,2028-08-20 19:49:08.697815,2028-08-20 20:18:08.905591
2028-08-21,2028-08-21 19:47:41.614474,2028-08-21 20:16:37.189487
2028-08-22,2028-08-22 19:46:13.689201,2028-08-22 20:15:04.730461
2028-08-23,2028-08-23 19:44:44.952822,2028-08-23 20:13:31.561884
2028-08-24,2028-08-24 19:43:15.436049,2028-08-24 20:11:57.716875
2028-08-25,2028-08-25 19:41:45.169475,2028-08-25 20:10:23.228304
2028-08-26,2028-08-26 19:40:14.183567,2028-08-26 20:08:48.128785
2028-08-27,2028-08-27 19:38:42.508670,2028-08-27 20:07:12.450685
2028-08-28,2028-08-28 19:37:10.174995,2028-08-28 20:05:36.226120
2028-08-29,2028-08-29 19:35:37.212629,2028-08-29 20:03:59.486967
2028-08-30,2028-08-30 19:34:03.651530,2028-08-30 20:02:22.264862
2028-08-31,2028-08-31 19:32:29.521529,2028-08-31 20:00:44.591208
2028-09-01,2028-09-01 19:30:54.852337,2028-09-01 19:59:06.497187
2028-09-02,2028-09-02 19:29:19.673544,2028-09-02 19:57:28.013759
2028-09-03,2028-09-03 19:27:44.014629,2028-09-03 19:55:49.171681
2028-09-04,2028-09-04 19:26:07.904962,2028-09-04 19:54:10.001508
2028-09-05,2028-09-05 19:24:31.373814,2028-09-05 19:52:30.533609
2028-09-06,2028-09-06 19:22:54.450364,2028-09-06 19:50:50.798176
2028-09-07,2028-09-07 19:21:17.163709,2028-09-07 19:49:10.825238
2028-09-08,2028-09-08 19:19:39.542870,2028-09-08 19:47:30.644670
2028-09-09,2028-09-09 19:18:01.616805,2028-09-09 19:45:50.286208
2028-09-10,2028-09-10 19:16:23.414420,2028-09-10 19:44:09.779463
2028-09-11,2028-09-11 19:14:44.964579,2028-09-11 19:42:29.153933
2028-09-12,2028-09-12 19:13:06.296116,2028-09-12 19:40:48.439018
2028-09-13,2028-09-13 19:11:27.437849,2028-09-13 19:39:07.664035
2028-09-14,2028-09-14 19:09:48.418591,2028-09-14 19:37:26.858232
2028-09-15,2028-09-15 19:08:09.267162,2028-09-15 19:35:46.050801
2028-09-16,2028-09-16 19:06:30.012405,2028-09-16 19:34:05.270897
2028-09-17,2028-09-17 19:04:50.683197,2028-09-17 19:32:24.547645
2028-09-18,2028-09-18 19:03:11.308464,2028-09-18 19:30:43.910165
2028-09-19,2028-09-19 19:01:31.917195,2028-09-19 19:29:03.387577
2028-09-20,2028-09-20 18:59:52.538451,2028-09-20 19:27:23.009019
2028-09-21,2028-09-21 18:58:13.201384,2028-09-21 19:25:42.803662
2028-09-22,2028-09-22 18:56:33.935247,2028-09-22 19:24:02.800722
2028-09-23,2028-09-23 18:54:54.769409,2028-09-23 19:22:23.029474
2028-09-24,2028-09-24 18:53:15.733364,2028-09-24 19:20:43.519261
2028-09-25,2028-09-25 18:51:36.856746,2028-09-25 19:19:04.299512
2028-09-26,2028-09-26 18:49:58.169341,2028-09-26 19:17:25.399749
2028-09-27,2028-09-27 18:48:19.701097,2028-09-27 19:15:46.849598
2028-09-28,2028-09-28 18:46:41.482135,2028-09-28 19:14:08.678802
2028-09-29,2028-09-29 18:45:03.542757,2028-09-29 19:12:30.917225
2028-09-30,2028-09-30 18:43:25.913462,2028-09-30 19:10:53.594866
2028-10-01,2028-10-01 18:41:48.624947,2028-10-01 19:09:16.741862
2028-10-02,2028-10-02 18:40:11.708118,2028-10-02 19:07:40.388496
2028-10-03,2028-10-03 18:38:35.194099,2028-10-03 19:06:04.565205
2028-10-04,2028-10-04 18:36:59.114236,2028-10-04 19:04:29.302580
2028-10-05,2028-10-05 18:35:23.500100,2028-10-05 19:02:54.631370
2028-10-06,2028-10-06 18:33:48.383498,2028-10-06 19:01:20.582488
2028-10-07,2028-10-07 18:32:13.796470,2028-10-07 18:59:47.187008
2028-10-08,2028-10-08 18:30:39.771294,2028-10-08 18:58:14.476168
2028-10-09,2028-10-09 18:29:06.340487,2028-10-09 18:56:42.481365
2028-10-10,2028-10-10 18:27:33.536807,2028-10-10 18:55:11.234157
2028-10-11,2028-10-11 18:26:01.393247,2028-10-11 18:53:40.766255
2028-10-12,2028-10-12 18:24:29.943039,2028-10-12 18:52:11.109522
2028-10-13,2028-10-13 18:22:59.219647,2028-10-13 18:50:42.295961
2028-10-14,2028-10-14 18:21:29.256764,2028-10-14 18:49:14.357714
2028-10-15,2028-10-15 18:20:00.088305,2028-10-15 18:47:47.327048
2028-10-16,2028-10-16 18:18:31.748403,2028-10-16 18:46:21.236349
2028-10-17,2028-10-17 18:17:04.271399,2028-10-17 18:44:56.118105
2028-10-18,2028-10-18 18:15:37.691832,2028-10-18 18:43:32.004899
2028-10-19,2028-10-19 18:14:12.044430,2028-10-19 18:42:08.929391
2028-10-20,2028-10-20 18:12:47.364098,2028-10-20 18:40:46.924304
2028-10-21,2028-10-21 18:11:23.685905,2028-10-21 18:39:26.022406
2028-10-22,2028-10-22 18:10:01.045068,2028-10-22 18:38:06.256493
2028-10-23,2028-10-23 18:08:39.476938,2028-10-23 18:36:47.659370
2028-10-24,2028-10-24 18:07:19.016983,2028-10-24 18:35:30.263828
2028-10-25,2028-10-25 18:05:59.700767,2028-10-25 18:34:14.102625
2028-10-26,2028-10-26 18:04:41.563936,2028-10-26 18:32:59.208460
2028-10-27,2028-10-27 18:03:24.642188,2028-10-27 18:31:45.613950
2028-10-28,2028-10-28 18:02:08.971258,2028-10-28 18:30:33.351603
2028-10-29,2028-10-29 18:00:54.586890,2028-10-29 18:29:22.453792
2028-10-30,2028-10-30 17:59:41.524814,2028-10-30 18:28:12.952725
2028-10-31,2028-10-31 17:58:29.820716,2028-10-31 18:27:04.880417
2028-11-01,2028-11-01 17:57:19.510210,2028-11-01 18:25:58.268658
2028-11-02,2028-11-02 17:56:10.628811,2028-11-02 18:24:53.148981
2028-11-03,2028-11-03 17:55:03.211897,2028-11-03 18:23:49.552628
2028-11-04,2028-11-04 17:53:57.294682,2028-11-04 18:22:47.510516
2028-11-05,2028-11-05 16:52:52.912179,2028-11-05 17:21:47.053202
2028-11-06,2028-11-06 16:51:50.099158,2028-11-06 17:20:48.210842
2028-11-07,2028-11-07 16:50:48.890115,2028-11-07 17:19:51.013159
2028-11-08,2028-11-08 16:49:49.319228,2028-11-08 17:18:55.489396
2028-11-09,2028-11-09 16:48:51.420314,2028-11-09 17:18:01.668284
2028-11-10,2028-11-10 16:47:55.226788,2028-11-10 17:17:09.577989
2028-11-11,2028-11-11 16:47:00.771614,2028-11-11 17:16:19.246081
2028-11-12,2028-11-12 16:46:08.087258,2028-11-12 17:15:30.699482
2028-11-13,2028-11-13 16:45:17.205642,2028-11-13 17:14:43.964422
2028-11-14,2028-11-14 16:44:28.158088,2028-11-14 17:13:59.066397
2028-11-15,2028-11-15 16:43:40.975267,2028-11-15 17:13:16.030115
2028-11-16,2028-11-16 16:42:55.687146,2028-11-16 17:12:34.879456
2028-11-17,2028-11-17 16:42:12.322926,2028-11-17 17:11:55.637417
2028-11-18,2028-11-18 16:41:30.910989,2028-11-18 17:11:18.326066
2028-11-19,2028-11-19 16:40:51.478834,2028-11-19 17:10:42.966487
2028-11-20,2028-11-20 16:40:14.053019,2028-11-20 17:10:09.578738
2028-11-21,2028-11-21 16:39:38.659093,2028-11-21 17:09:38.181791
2028-11-22,2028-11-22 16:39:05.321538,2028-11-22 17:09:08.793484
2028-11-23,2028-11-23 16:38:34.063697,2028-11-23 17:08:41.430472
2028-11-24,2028-11-24 16:38:04.907713,2028-11-24 17:08:16.108170
2028-11-25,2028-11-25 16:37:37.874458,2028-11-25 17:07:52.840707
2028-11-26,2028-11-26 16:37:12.983467,2028-11-26 17:07:31.640871
2028-11-27,2028-11-27 16:36:50.252871,2028-11-27 17:07:12.520061
2028-11-28,2028-11-28 16:36:29.699324,2028-11-28 17:06:55.488235
2028-11-29,2028-11-29 16:36:11.337943,2028-11-29 17:06:40.553866
2028-11-30,2028-11-30 16:35:55.182235,2028-11-30 17:06:27.723888
2028-12-01,2028-12-01 16:35:41.244033,2028-12-01 17:06:17.003657
2028-12-02,2028-12-02 16:35:29.533431,2028-12-02 17:06:08.396904
2028-12-03,2028-12-03 16:35:20.058723,2028-12-03 17:06:01.905693
2028-12-04,2028-12-04 16:35:12.826338,2028-12-04 17:05:57.530383
2028-12-05,2028-12-05 16:35:07.840787,2028-12-05 17:05:55.269592
2028-12-06,2028-12-06 16:35:05.104604,2028-12-06 17:05:55.120160
2028-12-07,2028-12-07 16:35:04.618296,2028-12-07 17:05:57.077124
2028-12-08,2028-12-08 16:35:06.380296,2028-12-08 17:06:01.133690
2028-12-09,2028-12-09 16:35:10.386920,2028-12-09 17:06:07.281208
2028-12-10,2028-12-10 16:35:16.632326,2028-12-10 17:06:15.509155
2028-12-11,2028-12-11 16:35:25.108483,2028-12-11 17:06:25.805125
2028-12-12,2028-12-12 16:35:35.805144,2028-12-12 17:06:38.154812
2028-12-13,2028-12-13 16:35:48.709823,2028-12-13 17:06:52.542016
2028-12-14,2028-12-14 16:36:03.807782,2028-12-14 17:07:08.948635
2028-12-15,2028-12-15 16:36:21.082019,2028-12-15 17:07:27.354680
2028-12-16,2028-12-16 16:36:40.513273,2028-12-16 17:07:47.738279
2028-12-17,2028-12-17 16:37:02.080024,2028-12-17 17:08:10.075702
2028-12-18,2028-12-18 16:37:25.758511,2028-12-18 17:08:34.341383
2028-12-19,2028-12-19 16:37:51.522751,2028-12-19 17:09:00.507947
2028-12-20,2028-12-20 16:38:19.344567,2028-12-20 17:09:28.546250
2028-12-21,2028-12-21 16:38:49.193632,2028-12-21 17:09:58.425419
2028-12-22,2028-12-22 16:39:21.037504,2028-12-22 17:10:30.112898
2028-12-23,2028-12-23 16:39:54.841685,2028-12-23 17:11:03.574506
2028-12-24,2028-12-24 16:40:30.569682,2028-12-24 17:11:38.774490
2028-12-25,2028-12-25 16:41:08.183071,2028-12-25 17:12:15.675596
2028-12-26,2028-12-26 16:41:47.641574,2028-12-26 17:12:54.239135
2028-12-27,2028-12-27 16:42:28.903141,2028-12-27 17:13:34.425061
2028-12-28,2028-12-28 16:43:11.924041,2028-12-28 17:14:16.192049
2028-12-29,2028-12-29 16:43:56.658952,2028-12-29 17:14:59.497578
2028-12-30,2028-12-30 16:44:43.061067,2028-12-30 17:15:44.298026
2028-12-31,2028-12-31 16:45:31.082197,2028-12-31 17:16:30.548753
2029-01-01,2029-01-01 16:46:20.672881,2029-01-01 17:17:18.204206
2029-01-02,2029-01-02 16:47:11.782506,2029-01-02 17:18:07.218011
2029-01-03,2029-01-03 16:48:04.359421,2029-01-03 17:18:57.543076
2029-01-04,2029-01-04 16:48:58.351059,2029-01-04 17:19:49.131695
2029-01-05,2029-01-05 16:49:53.704064,2029-01-05 17:20:41.935654
2029-01-06,2029-01-06 16:50:50.364417,2029-01-06 17:21:35.906331
2029-01-07,2029-01-07 16:51:48.277560,2029-01-07 17:22:30.994810
2029-01-08,2029-01-08 16:52:47.388524,2029-01-08 17:23:27.151980
2029-01-09,2029-01-09 16:53:47.642062,2029-01-09 17:24:24.328646
2029-01-10,2029-01-10 16:54:48.982770,2029-01-10 17:25:22.475632
2029-01-11,2029-01-11 16:55:51.355213,2029-01-11 17:26:21.543887
2029-01-12,2029-01-12 16:56:54.704053,2029-01-12 17:27:21.484582
2029-01-13,2029-01-13 16:57:58.974167,2029-01-13 17:28:22.249216
2029-01-14,2029-01-14 16:59:04.110765,2029-01-14 17:29:23.789710
2029-01-15,2029-01-15 17:00:10.059507,2029-01-15 17:30:26.058501
2029-01-16,2029-01-16 17:01:16.766612,2029-01-16 17:31:29.008638
2029-01-17,2029-01-17 17:02:24.178969,2029-01-17 17:32:32.593862
2029-01-18,2029-01-18 17:03:32.244233,2029-01-18 17:33:36.768697
2029-01-19,2029-01-19 17:04:40.910925,2029-01-19 17:34:41.488523
2029-01-20,2029-01-20 17:05:50.128528,2029-01-20 17:35:46.709658
2029-01-21,2029-01-21 17:06:59.847567,2029-01-21 17:36:52.389424
2029-01-22,2029-01-22 17:08:10.019693,2029-01-22 17:37:58.486215
2029-01-23,2029-01-23 17:09:20.597760,2029-01-23 17:39:04.959557
2029-01-24,2029-01-24 17:10:31.535889,2029-01-24 17:40:11.770165
2029-01-25,2029-01-25 17:11:42.789536,2029-01-25 17:41:18.879994
2029-01-26,2029-01-26 17:12:54.315547,2029-01-26 17:42:26.252286
2029-01-27,2029-01-27 17:14:06.072206,2029-01-27 17:43:33.851608
2029-01-28,2029-01-28 17:15:18.019286,2029-01-28 17:44:41.643893
2029-01-29,2029-01-29 17:16:30.118083,2029-01-29 17:45:49.596464
2029-01-30,2029-01-30 17:17:42.331447,2029-01-30 17:46:57.678069
2029-01-31,2029-01-31 17:18:54.623818,2029-01-31 17:48:05.858892
2029-02-01,2029-02-01 17:20:06.961237,2029-02-01 17:49:14.110579
2029-02-02,2029-02-02 17:21:19.311368,2029-02-02 17:50:22.406240
2029-02-03,2029-02-03 17:22:31.643506,2029-02-03 17:51:30.720466
2029-02-04,2029-02-04 17:23:43.928586,2029-02-04 17:52:39.029324
2029-02-05,2029-02-05 17:24:56.139179,2029-02-05 17:53:47.310359
2029-02-06,2029-02-06 17:26:08.249490,2029-02-06 17:54:55.542587
2029-02-07,2029-02-07 17:27:20.235350,2029-02-07 17:56:03.706488
2029-02-08,2029-02-08 17:28:32.074201,2029-02-08 17:57:11.783990
2029-02-09,2029-02-09 17:29:43.745083,2029-02-09 17:58:19.758456
2029-02-10,2029-02-10 17:30:55.228608,2029-02-10 17:59:27.614662
2029-02-11,2029-02-11 17:32:06.506941,2029-02-11 18:00:35.338774
2029-02-12,2029-02-12 17:33:17.563771,2029-02-12 18:01:42.918324
2029-02-13,2029-02-13 17:34:28.384279,2029-02-13 18:02:50.342182
2029-02-14,2029-02-14 17:35:38.955110,2029-02-14 18:03:57.600525
2029-02-15,2029-02-15 17:36:49.264332,2029-02-15 18:05:04.684802
2029-02-16,2029-02-16 17:37:59.301401,2029-02-16 18:06:11.587706
2029-02-17,2029-02-17 17:39:09.057123,2029-02-17 18:07:18.303130
2029-02-18,2029-02-18 17:40:18.523612,2029-02-18 18:08:24.826133
2029-02-19,2029-02-19 17:41:27.694244,2029-02-19 18:09:31.152903
2029-02-20,2029-02-20 17:42:36.563618,2029-02-20 18:10:37.280710
2029-02-21,2029-02-21 17:43:45.127508,2029-02-21 18:11:43.207870
2029-02-22,2029-02-22 17:44:53.382817,2029-02-22 18:12:48.933701
2029-02-23,2029-02-23 17:46:01.327531,2029-02-23 18:13:54.458479
2029-02-24,2029-02-24 17:47:08.960671,2029-02-24 18:14:59.783397
2029-02-25,2029-02-25 17:48:16.282247,2029-02-25 18:16:04.910517
2029-02-26,2029-02-26 17:49:23.293208,2029-02-26 18:17:09.842729
2029-02-27,2029-02-27 17:50:29.995395,2029-02-27 18:18:14.583705
2029-02-28,2029-02-28 17:51:36.391494,2029-02-28 18:19:19.137858
2029-03-01,2029-03-01 17:52:42.484986,2029-03-01 18:20:23.510290
2029-03-02,2029-03-02 17:53:48.280102,2029-03-02 18:21:27.706759
2029-03-03,2029-03-03 17:54:53.781775,2029-03-03 18:22:31.733623
2029-03-04,2029-03-04 17:55:58.995591,2029-03-04 18:23:35.597809
2029-03-05,2029-03-05 17:57:03.927749,2029-03-05 18:24:39.306757
2029-03-06,2029-03-06 17:58:08.585008,2029-03-06 18:25:42.868391
2029-03-07,2029-03-07 17:59:12.974650,2029-03-07 18:26:46.291064
2029-03-08,2029-03-08 18:00:17.104428,2029-03-08 18:27:49.583526
2029-03-09,2029-03-09 18:01:20.982531,2029-03-09 18:28:52.754879
2029-03-10,2029-03-10 18:02:24.617535,2029-03-10 18:29:55.814539
2029-03-11,2029-03-11 19:03:28.018363,2029-03-11 19:30:58.772191
2029-03-12,2029-03-12 19:04:31.194246,2029-03-12 19:32:01.637759
2029-03-13,2029-03-13 19:05:34.154683,2029-03-13 19:33:04.421359
2029-03-14,2029-03-14 19:06:36.909399,2029-03-14 19:34:07.133266
2029-03-15,2029-03-15 19:07:39.468309,2029-03-15 19:35:09.783877
2029-03-16,2029-03-16 19:08:41.841478,2029-03-16 19:36:12.383673
2029-03-17,2029-03-17 19:09:44.039089,2029-03-17 19:37:14.943182
2029-03-18,2029-03-18 19:10:46.071400,2029-03-18 19:38:17.472949
2029-03-19,2029-03-19 19:11:47.948717,2029-03-19 19:39:19.983493
2029-03-20,2029-03-20 19:12:49.681349,2029-03-20 19:40:22.485282
2029-03-21,2029-03-21 19:13:51.279585,2029-03-21 19:41:24.988690
2029-03-22,2029-03-22 19:14:52.753652,2029-03-22 19:42:27.503971
2029-03-23,2029-03-23 19:15:54.113685,2029-03-23 19:43:30.041221
2029-03-24,2029-03-24 19:16:55.369697,2029-03-24 19:44:32.610349
2029-03-25,2029-03-25 19:17:56.531544,2029-03-25 19:45:35.221039
2029-03-26,2029-03-26 19:18:57.608893,2029-03-26 19:46:37.882725
2029-03-27,2029-03-27 19:19:58.611194,2029-03-27 19:47:40.604552
2029-03-28,2029-03-28 19:20:59.547646,2029-03-28 19:48:43.395348
2029-03-29,2029-03-29 19:22:00.427168,2029-03-29 19:49:46.263589
2029-03-30,2029-03-30 19:23:01.258370,2029-03-30 19:50:49.217372
2029-03-31,2029-03-31 19:24:02.049518,2029-03-31 19:51:52.264378
2029-04-01,2029-04-01 19:25:02.808511,2029-04-01 19:52:55.411840
2029-04-02,2029-04-02 19:26:03.542842,2029-04-02 19:53:58.666516
2029-04-03,2029-04-03 19:27:04.259579,2029-04-03 19:55:02.034650
2029-04-04,2029-04-04 19:28:04.965326,2029-04-04 19:56:05.521946
2029-04-05,2029-04-05 19:29:05.666199,2029-04-05 19:57:09.133531
2029-04-06,2029-04-06 19:30:06.367791,2029-04-06 19:58:12.873924
2029-04-07,2029-04-07 19:31:07.075150,2029-04-07 19:59:16.747002
2029-04-08,2029-04-08 19:32:07.792740,2029-04-08 20:00:20.755969
2029-04-09,2029-04-09 19:33:08.524420,2029-04-09 20:01:24.903323
2029-04-10,2029-04-10 19:34:09.273409,2029-04-10 20:02:29.190818
2029-04-11,2029-04-11 19:35:10.042255,2029-04-11 20:03:33.619437
2029-04-12,2029-04-12 19:36:10.832814,2029-04-12 20:04:38.189354
2029-04-13,2029-04-13 19:37:11.646209,2029-04-13 20:05:42.899903
2029-04-14,2029-04-14 19:38:12.482811,2029-04-14 20:06:47.749542
2029-04-15,2029-04-15 19:39:13.342201,2029-04-15 20:07:52.735822
2029-04-16,2029-04-16 19:40:14.223149,2029-04-16 20:08:57.855352
2029-04-17,2029-04-17 19:41:15.123581,2029-04-17 20:10:03.103767
2029-04-18,2029-04-18 19:42:16.040550,2029-04-18 20:11:08.475694
2029-04-19,2029-04-19 19:43:16.970211,2029-04-19 20:12:13.964722
2029-04-20,2029-04-20 19:44:17.907794,2029-04-20 20:13:19.563368
2029-04-21,2029-04-21 19:45:18.847574,2029-04-21 20:14:25.263044
2029-04-22,2029-04-22 19:46:19.782850,2029-04-22 20:15:31.054033
2029-04-23,2029-04-23 19:47:20.705916,2029-04-23 20:16:36.925454
2029-04-24,2029-04-24 19:48:21.608039,2029-04-24 20:17:42.865234
2029-04-25,2029-04-25 19:49:22.479437,2029-04-25 20:18:48.860085
2029-04-26,2029-04-26 19:50:23.309256,2029-04-26 20:19:54.895474
2029-04-27,2029-04-27 19:51:24.085552,2029-04-27 20:21:00.955600
2029-04-28,2029-04-28 19:52:24.795268,2029-04-28 20:22:07.023374
2029-04-29,2029-04-29 19:53:25.424225,2029-04-29 20:23:13.080393
2029-04-30,2029-04-30 19:54:25.957098,2029-04-30 20:24:19.106931
2029-05-01,2029-05-01 19:55:26.377410,2029-05-01 20:25:25.081912
2029-05-02,2029-05-02 19:56:26.667518,2029-05-02 20:26:30.982906
2029-05-03,2029-05-03 19:57:26.808606,2029-05-03 20:27:36.786113
2029-05-04,2029-05-04 19:58:26.780677,2029-05-04 20:28:42.466358
2029-05-05,2029-05-05 19:59:26.562551,2029-05-05 20:29:47.997085
2029-05-06,2029-05-06 20:00:26.131866,2029-05-06 20:30:53.350357
2029-05-07,2029-05-07 20:01:25.465076,2029-05-07 20:31:58.496859
2029-05-08,2029-05-08 20:02:24.537462,2029-05-08 20:33:03.405903
2029-05-09,2029-05-09 20:03:23.323135,2029-05-09 20:34:08.045438
2029-05-10,2029-05-10 20:04:21.795055,2029-05-10 20:35:12.382070
2029-05-11,2029-05-11 20:05:19.925037,2029-05-11 20:36:16.381071
2029-05-12,2029-05-12 20:06:17.683781,2029-05-12 20:37:20.006412
2029-05-13,2029-05-13 20:07:15.040885,2029-05-13 20:38:23.220787
2029-05-14,2029-05-14 20:08:11.964878,2029-05-14 20:39:25.985645
2029-05-15,2029-05-15 20:09:08.423249,2029-05-15 20:40:28.261230
2029-05-16,2029-05-16 20:10:04.382478,2029-05-16 20:41:30.006622
2029-05-17,2029-05-17 20:10:59.808078,2029-05-17 20:42:31.179789
2029-05-18,2029-05-18 20:11:54.664638,2029-05-18 20:43:31.737634
2029-05-19,2029-05-19 20:12:48.915863,2029-05-19 20:44:31.636058
2029-05-20,2029-05-20 20:13:42.524631,2029-05-20 20:45:30.830023
2029-05-21,2029-05-21 20:14:35.453042,2029-05-21 20:46:29.273618
2029-05-22,2029-05-22 20:15:27.662478,2029-05-22 20:47:26.920136
2029-05-23,2029-05-23 20:16:19.113665,2029-05-23 20:48:23.722150
2029-05-24,2029-05-24 20:17:09.766736,2029-05-24 20:49:19.631596
2029-05-25,2029-05-25 20:17:59.581298,2029-05-25 20:50:14.599864
2029-05-26,2029-05-26 20:18:48.516508,2029-05-26 20:51:08.577888
2029-05-27,2029-05-27 20:19:36.531145,2029-05-27 20:52:01.516242
2029-05-28,2029-05-28 20:20:23.583687,2029-05-28 20:52:53.365242
2029-05-29,2029-05-29 20:21:09.632393,2029-05-29 20:53:44.075050
2029-05-30,2029-05-30 20:21:54.635382,2029-05-30 20:54:33.595777
2029-05-31,2029-05-31 20:22:38.550723,2029-05-31 20:55:21.877600
2029-06-01,2029-06-01 20:23:21.336515,2029-06-01 20:56:08.870865
2029-06-02,2029-06-02 20:24:02.950980,2029-06-02 20:56:54.526209
2029-06-03,2029-06-03 20:24:43.352548,2029-06-03 20:57:38.794671
2029-06-04,2029-06-04 20:25:22.499949,2029-06-04 20:58:21.627807
2029-06-05,2029-06-05 20:26:00.352299,2029-06-05 20:59:02.977811
2029-06-06,2029-06-06 20:26:36.869194,2029-06-06 20:59:42.797625
2029-06-07,2029-06-07 20:27:12.010798,2029-06-07 21:00:21.041060
2029-06-08,2029-06-08 20:27:45.737929,2029-06-08 21:00:57.662906
2029-06-09,2029-06-09 20:28:18.012148,2029-06-09 21:01:32.619042
2029-06-10,2029-06-10 20:28:48.795847,2029-06-10 21:02:05.866553
2029-06-11,2029-06-11 20:29:18.052326,2029-06-11 21:02:37.363827
2029-06-12,2029-06-12 20:29:45.745882,2029-06-12 21:03:07.070663
2029-06-13,2029-06-13 20:30:11.841881,2029-06-13 21:03:34.948365
2029-06-14,2029-06-14 20:30:36.306837,2029-06-14 21:04:00.959839
2029-06-15,2029-06-15 20:30:59.108484,2029-06-15 21:04:25.069680
2029-06-16,2029-06-16 20:31:20.215841,2029-06-16 21:04:47.244251
2029-06-17,2029-06-17 20:31:39.599281,2029-06-17 21:05:07.451764
2029-06-18,2029-06-18 20:31:57.230584,2029-06-18 21:05:25.662345
2029-06-19,2029-06-19 20:32:13.083001,2029-06-19 21:05:41.848100
2029-06-20,2029-06-20 20:32:27.131296,2029-06-20 21:05:55.983171
2029-06-21,2029-06-21 20:32:39.351800,2029-06-21 21:06:08.043779
2029-06-22,2029-06-22 20:32:49.722444,2029-06-22 21:06:18.008272
2029-06-23,2029-06-23 20:32:58.222800,2029-06-23 21:06:25.857154
2029-06-24,2029-06-24 20:33:04.834109,2029-06-24 21:06:31.573112
2029-06-25,2029-06-25 20:33:09.539305,2029-06-25 21:06:35.141033
2029-06-26,2029-06-26 20:33:12.323039,2029-06-26 21:06:36.548017
2029-06-27,2029-06-27 20:33:13.171688,2029-06-27 21:06:35.783375
2029-06-28,2029-06-28 20:33:12.073370,2029-06-28 21:06:32.838631
2029-06-29,2029-06-29 20:33:09.017942,2029-06-29 21:06:27.707505
2029-06-30,2029-06-30 20:33:03.997007,2029-06-30 21:06:20.385899
2029-07-01,2029-07-01 20:32:57.003902,2029-07-01 21:06:10.871870
2029-07-02,2029-07-02 20:32:48.033688,2029-07-02 21:05:59.165598
2029-07-03,2029-07-03 20:32:37.083143,2029-07-03 21:05:45.269352
2029-07-04,2029-07-04 20:32:24.150733,2029-07-04 21:05:29.187447
2029-07-05,2029-07-05 20:32:09.236594,2029-07-05 21:05:10.926195
2029-07-06,2029-07-06 20:31:52.342509,2029-07-06 21:04:50.493855
2029-07-07,2029-07-07 20:31:33.471869,2029-07-07 21:04:27.900576
2029-07-08,2029-07-08 20:31:12.629646,2029-07-08 21:04:03.158337
2029-07-09,2029-07-09 20:30:49.822355,2029-07-09 21:03:36.280886
2029-07-10,2029-07-10 20:30:25.058014,2029-07-10 21:03:07.283671
2029-07-11,2029-07-11 20:29:58.346104,2029-07-11 21:02:36.183776
2029-07-12,2029-07-12 20:29:29.697521,2029-07-12 21:02:02.999848
2029-07-13,2029-07-13 20:28:59.124535,2029-07-13 21:01:27.752024
2029-07-14,2029-07-14 20:28:26.640740,2029-07-14 21:00:50.461865
2029-07-15,2029-07-15 20:27:52.261007,2029-07-15 21:00:11.152274
2029-07-16,2029-07-16 20:27:16.001431,2029-07-16 20:59:29.847430
2029-07-17,2029-07-17 20:26:37.879284,2029-07-17 20:58:46.572710
2029-07-18,2029-07-18 20:25:57.912960,2029-07-18 20:58:01.354616
2029-07-19,2029-07-19 20:25:16.121927,2029-07-19 20:57:14.220706
2029-07-20,2029-07-20 20:24:32.526671,2029-07-20 20:56:25.199516
2029-07-21,2029-07-21 20:23:47.148648,2029-07-21 20:55:34.320498
2029-07-22,2029-07-22 20:23:00.010228,2029-07-22 20:54:41.613942
2029-07-23,2029-07-23 20:22:11.134647,2029-07-23 20:53:47.110915
2029-07-24,2029-07-24 20:21:20.545954,2029-07-24 20:52:50.843192
2029-07-25,2029-07-25 20:20:28.268963,2029-07-25 20:51:52.843194
2029-07-26,2029-07-26 20:19:34.329202,2029-07-26 20:50:53.143923
2029-07-27,2029-07-27 20:18:38.752861,2029-07-27 20:49:51.778908
2029-07-28,2029-07-28 20:17:41.566753,2029-07-28 20:48:48.782140
2029-07-29,2029-07-29 20:16:42.798259,2029-07-29 20:47:44.188025
2029-07-30,2029-07-30 20:15:42.475288,2029-07-30 20:46:38.031323
2029-07-31,2029-07-31 20:14:40.626230,2029-07-31 20:45:30.347104
2029-08-01,2029-08-01 20:13:37.279918,2029-08-01 20:44:21.170698
2029-08-02,2029-08-02 20:12:32.465580,2029-08-02 20:43:10.537648
2029-08-03,2029-08-03 20:11:26.212807,2029-08-03 20:41:58.483666
2029-08-04,2029-08-04 20:10:18.551506,2029-08-04 20:40:45.044597
2029-08-05,2029-08-05 20:09:09.511874,2029-08-05 20:39:30.256375
2029-08-06,2029-08-06 20:07:59.124353,2029-08-06 20:38:14.154989
2029-08-07,2029-08-07 20:06:47.419603,2029-08-07 20:36:56.776450
2029-08-08,2029-08-08 20:05:34.428466,2029-08-08 20:35:38.156758
2029-08-09,2029-08-09 20:04:20.181938,2029-08-09 20:34:18.331874
2029-08-10,2029-08-10 20:03:04.711141,2029-08-10 20:32:57.337691
2029-08-11,2029-08-11 20:01:48.047294,2029-08-11 20:31:35.210010
2029-08-12,2029-08-12 20:00:30.221685,2029-08-12 20:30:11.984517
2029-08-13,2029-08-13 19:59:11.265656,2029-08-13 20:28:47.696761
2029-08-14,2029-08-14 19:57:51.210570,2029-08-14 20:27:22.382136
2029-08-15,2029-08-15 19:56:30.087796,2029-08-15 20:25:56.075863
2029-08-16,2029-08-16 19:55:07.928692,2029-08-16 20:24:28.812975
2029-08-17,2029-08-17 19:53:44.764581,2029-08-17 20:23:00.628305
2029-08-18,2029-08-18 19:52:20.626740,2029-08-18 20:21:31.556470
2029-08-19,2029-08-19 19:50:55.546383,2029-08-19 20:20:01.631865
2029-08-20,2029-08-20 19:49:29.554651,2029-08-20 20:18:30.888651
2029-08-21,2029-08-21 19:48:02.682595,2029-08-21 20:16:59.360754
2029-08-22,2029-08-22 19:46:34.961173,2029-08-22 20:15:27.081850
2029-08-23,2029-08-23 19:45:06.421235,2029-08-23 20:13:54.085372
2029-08-24,2029-08-24 19:43:37.093520,2029-08-24 20:12:20.404497
2029-08-25,2029-08-25 19:42:07.008648,2029-08-25 20:10:46.072153
2029-08-26,2029-08-26 19:40:36.197116,2029-08-26 20:09:11.121014
2029-08-27,2029-08-27 19:39:04.689295,2029-08-27 20:07:35.583506
2029-08-28,2029-08-28 19:37:32.515429,2029-08-28 20:05:59.491802
2029-08-29,2029-08-29 19:35:59.705634,2029-08-29 20:04:22.877837
2029-08-30,2029-08-30 19:34:26.289895,2029-08-30 20:02:45.773300
2029-08-31,2029-08-31 19:32:52.298074,2029-08-31 20:01:08.209651
2029-09-01,2029-09-01 19:31:17.759908,2029-09-01 19:59:30.218122
2029-09-02,2029-09-02 19:29:42.705015,2029-09-02 19:57:51.829724
2029-09-03,2029-09-03 19:28:07.162898,2029-09-03 19:56:13.075262
2029-09-04,2029-09-04 19:26:31.162953,2029-09-04 19:54:33.985336
2029-09-05,2029-09-05 19:24:54.734472,2029-09-05 19:52:54.590358
2029-09-06,2029-09-06 19:23:17.906654,2029-09-06 19:51:14.920561
2029-09-07,2029-09-07 19:21:40.708614,2029-09-07 19:49:35.006011
2029-09-08,2029-09-08 19:20:03.169388,2029-09-08 19:47:54.876616
2029-09-09,2029-09-09 19:18:25.317948,2029-09-09 19:46:14.562145
2029-09-10,2029-09-10 19:16:47.183210,2029-09-10 19:44:34.092236
2029-09-11,2029-09-11 19:15:08.794047,2029-09-11 19:42:53.496411
2029-09-12,2029-09-12 19:13:30.179296,2029-09-12 19:41:12.804092
2029-09-13,2029-09-13 19:11:51.367777,2029-09-13 19:39:32.044614
2029-09-14,2029-09-14 19:10:12.388302,2029-09-14 19:37:51.247237
2029-09-15,2029-09-15 19:08:33.269686,2029-09-15 19:36:10.441166
2029-09-16,2029-09-16 19:06:54.040766,2029-09-16 19:34:29.655561
2029-09-17,2029-09-17 19:05:14.730406,2029-09-17 19:32:48.919553
2029-09-18,2029-09-18 19:03:35.367520,2029-09-18 19:31:08.262259
2029-09-19,2029-09-19 19:01:55.981076,2029-09-19 19:29:27.712797
2029-09-20,2029-09-20 19:00:16.600117,2029-09-20 19:27:47.300299
2029-09-21,2029-09-21 18:58:37.253771,2029-09-21 19:26:07.053924
2029-09-22,2029-09-22 18:56:57.971264,2029-09-22 19:24:27.002876
2029-09-23,2029-09-23 18:55:18.781933,2029-09-23 19:22:47.176412
2029-09-24,2029-09-24 18:53:39.715240,2029-09-24 19:21:07.603856
2029-09-25,2029-09-25 18:52:00.800783,2029-09-25 19:19:28.314615
2029-09-26,2029-09-26 18:50:22.068308,2029-09-26 19:17:49.338185
2029-09-27,2029-09-27 18:48:43.547722,2029-09-27 19:16:10.704165
2029-09-28,2029-09-28 18:47:05.269101,2029-09-28 19:14:32.442267
2029-09-29,2029-09-29 18:45:27.262703,2029-09-29 19:12:54.582324
2029-09-30,2029-09-30 18:43:49.558976,2029-09-30 19:11:17.154300
2029-10-01,2029-10-01 18:42:12.188565,2029-10-01 19:09:40.188296
2029-10-02,2029-10-02 18:40:35.182325,2029-10-02 19:08:03.714560
2029-10-03,2029-10-03 18:38:58.571326,2029-10-03 19:06:27.763486
2029-10-04,2029-10-04 18:37:22.386855,2029-10-04 19:04:52.365628
2029-10-05,2029-10-05 18:35:46.660430,2029-10-05 19:03:17.551695
2029-10-06,2029-10-06 18:34:11.423797,2029-10-06 19:01:43.352558
2029-10-07,2029-10-07 18:32:36.708938,2029-10-07 19:00:09.799251
2029-10-08,2029-10-08 18:31:02.548071,2029-10-08 18:58:36.922969
2029-10-09,2029-10-09 18:29:28.973655,2029-10-09 18:57:04.755072
2029-10-10,2029-10-10 18:27:56.018387,2029-10-10 18:55:33.327075
2029-10-11,2029-10-11 18:26:23.715201,2029-10-11 18:54:02.670653
2029-10-12,2029-10-12 18:24:52.097271,2029-10-12 18:52:32.817628
2029-10-13,2029-10-13 18:23:21.198001,2029-10-13 18:51:03.799969
2029-10-14,2029-10-14 18:21:51.051029,2029-10-14 18:49:35.649785
2029-10-15,2029-10-15 18:20:21.690215,2029-10-15 18:48:08.399311
2029-10-16,2029-10-16 18:18:53.149637,2029-10-16 18:46:42.080902
2029-10-17,2029-10-17 18:17:25.463585,2029-10-17 18:45:16.727023
2029-10-18,2029-10-18 18:15:58.666549,2029-10-18 18:43:52.370231
2029-10-19,2029-10-19 18:14:32.793210,2029-10-19 18:42:29.043168
2029-10-20,2029-10-20 18:13:07.878429,2029-10-20 18:41:06.778540
2029-10-21,2029-10-21 18:11:43.957235,2029-10-21 18:39:45.609106
2029-10-22,2029-10-22 18:10:21.064807,2029-10-22 18:38:25.567653
2029-10-23,2029-10-23 18:08:59.236465,2029-10-23 18:37:06.686984
2029-10-24,2029-10-24 18:07:38.507647,2029-10-24 18:35:48.999894
2029-10-25,2029-10-25 18:06:18.913894,2029-10-25 18:34:32.539148
2029-10-26,2029-10-26 18:05:00.490829,2029-10-26 18:33:17.337461
2029-10-27,2029-10-27 18:03:43.274140,2029-10-27 18:32:03.427468
2029-10-28,2029-10-28 18:02:27.299552,2029-10-28 18:30:50.841706
2029-10-29,2029-10-29 18:01:12.602807,2029-10-29 18:29:39.612579
2029-10-30,2029-10-30 17:59:59.219637,2029-10-30 18:28:29.772337
2029-10-31,2029-10-31 17:58:47.185740,2029-10-31 18:27:21.353041
2029-11-01,2029-11-01 17:57:36.536747,2029-11-01 18:26:14.386538
2029-11-02,2029-11-02 17:56:27.308197,2029-11-02 18:25:08.904423
2029-11-03,2029-11-03 17:55:19.535503,2029-11-03 18:24:04.938009
2029-11-04,2029-11-04 16:54:13.253918,2029-11-04 17:23:02.518295
2029-11-05,2029-11-05 16:53:08.498504,2029-11-05 17:22:01.675923
2029-11-06,2029-11-06 16:52:05.304092,2029-11-06 17:21:02.441151
2029-11-07,2029-11-07 16:51:03.705245,2029-11-07 17:20:04.843805
2029-11-08,2029-11-08 16:50:03.736219,2029-11-08 17:19:08.913249
2029-11-09,2029-11-09 16:49:05.430919,2029-11-09 17:18:14.678337
2029-11-10,2029-11-10 16:48:08.822860,2029-11-10 17:17:22.167375
2029-11-11,2029-11-11 16:47:13.945115,2029-11-11 17:16:31.408080
2029-11-12,2029-11-12 16:46:20.830274,2029-11-12 17:15:42.427531
2029-11-13,2029-11-13 16:45:29.510392,2029-11-13 17:14:55.252130
2029-11-14,2029-11-14 16:44:40.016938,2029-11-14 17:14:09.907551
2029-11-15,2029-11-15 16:43:52.380745,2029-11-15 17:13:26.418697
2029-11-16,2029-11-16 16:43:06.631951,2029-11-16 17:12:44.809651
2029-11-17,2029-11-17 16:42:22.799946,2029-11-17 17:12:05.103627
2029-11-18,2029-11-18 16:41:40.913313,2029-11-18 17:11:27.322918
2029-11-19,2029-11-19 16:41:00.999768,2029-11-19 17:10:51.488854
2029-11-20,2029-11-20 16:40:23.086100,2029-11-20 17:10:17.621741
2029-11-21,2029-11-21 16:39:47.198106,2029-11-21 17:09:45.740818
2029-11-22,2029-11-22 16:39:13.360531,2029-11-22 17:09:15.864203
2029-11-23,2029-11-23 16:38:41.596997,2029-11-23 17:08:48.008839
2029-11-24,2029-11-24 16:38:11.929942,2029-11-24 17:08:22.190447
2029-11-25,2029-11-25 16:37:44.380549,2029-11-25 17:07:58.423469
2029-11-26,2029-11-26 16:37:18.968683,2029-11-26 17:07:36.721023
2029-11-27,2029-11-27 16:36:55.712818,2029-11-27 17:07:17.094848
2029-11-28,2029-11-28 16:36:34.629972,2029-11-28 17:06:59.555256
2029-11-29,2029-11-29 16:36:15.735638,2029-11-29 17:06:44.111082
2029-11-30,2029-11-30 16:35:59.043718,2029-11-30 17:06:30.769638
2029-12-01,2029-12-01 16:35:44.566457,2029-12-01 17:06:19.536666
2029-12-02,2029-12-02 16:35:32.314373,2029-12-02 17:06:10.416296
2029-12-03,2029-12-03 16:35:22.296202,2029-12-03 17:06:03.410997
2029-12-04,2029-12-04 16:35:14.518831,2029-12-04 17:05:58.521548
2029-12-05,2029-12-05 16:35:08.987240,2029-12-05 17:05:55.746991
2029-12-06,2029-12-06 16:35:05.704446,2029-12-06 17:05:55.084602
2029-12-07,2029-12-07 16:35:04.671453,2029-12-07 17:05:56.529858
2029-12-08,2029-12-08 16:35:05.887202,2029-12-08 17:06:00.076412
2029-12-09,2029-12-09 16:35:09.348525,2029-12-09 17:06:05.716067
2029-12-10,2029-12-10 16:35:15.050108,2029-12-10 17:06:13.438759
2029-12-11,2029-12-11 16:35:22.984455,2029-12-11 17:06:23.232538
2029-12-12,2029-12-12 16:35:33.141860,2029-12-12 17:06:35.083565
2029-12-13,2029-12-13 16:35:45.510382,2029-12-13 17:06:48.976100
2029-12-14,2029-12-14 16:36:00.075834,2029-12-14 17:07:04.892504
2029-12-15,2029-12-15 16:36:16.821765,2029-12-15 17:07:22.813247
2029-12-16,2029-12-16 16:36:35.729464,2029-12-16 17:07:42.716917
2029-12-17,2029-12-17 16:36:56.777962,2029-12-17 17:08:04.580236
2029-12-18,2029-12-18 16:37:19.944041,2029-12-18 17:08:28.378082
2029-12-19,2029-12-19 16:37:45.202259,2029-12-19 17:08:54.083522
2029-12-20,2029-12-20 16:38:12.524973,2029-12-20 17:09:21.667839
2029-12-21,2029-12-21 16:38:41.882377,2029-12-21 17:09:51.100581
2029-12-22,2029-12-22 16:39:13.242541,2029-12-22 17:10:22.349600
2029-12-23,2029-12-23 16:39:46.571467,2029-12-23 17:10:55.381107
2029-12-24,2029-12-24 16:40:21.833144,2029-12-24 17:11:30.159730
2029-12-25,2029-12-25 16:40:58.989615,2029-12-25 17:12:06.648579
2029-12-26,2029-12-26 16:41:38.001049,2029-12-26 17:12:44.809311
2029-12-27,2029-12-27 16:42:18.825826,2029-12-27 17:13:24.602206
2029-12-28,2029-12-28 16:43:01.420619,2029-12-28 17:14:05.986248
2029-12-29,2029-12-29 16:43:45.740488,2029-12-29 17:14:48.919205
2029-12-30,2029-12-30 16:44:31.738985,2029-12-30 17:15:33.357717
2029-12-31,2029-12-31 16:45:19.368250,2029-12-31 17:16:19.257390
2030-01-01,2030-01-01 16:46:08.579130,2030-01-01 17:17:06.572888
2030-01-02,2030-01-02 16:46:59.321285,2030-01-02 17:17:55.258032
2030-01-03,2030-01-03 16:47:51.543312,2030-01-03 17:18:45.265904
2030-01-04,2030-01-04 16:48:45.192862,2030-01-04 17:19:36.548941
2030-01-05,2030-01-05 16:49:40.216766,2030-01-05 17:20:29.059049
2030-01-06,2030-01-06 16:50:36.561161,2030-01-06 17:21:22.747701
2030-01-07,2030-01-07 16:51:34.171613,2030-01-07 17:22:17.566048
2030-01-08,2030-01-08 16:52:32.993251,2030-01-08 17:23:13.465024
2030-01-09,2030-01-09 16:53:32.970889,2030-01-09 17:24:10.395449
2030-01-10,2030-01-10 16:54:34.049154,2030-01-10 17:25:08.308139
2030-01-11,2030-01-11 16:55:36.172617,2030-01-11 17:26:07.154008
2030-01-12,2030-01-12 16:56:39.285911,2030-01-12 17:27:06.884171
2030-01-13,2030-01-13 16:57:43.333855,2030-01-13 17:28:07.450042
2030-01-14,2030-01-14 16:58:48.261574,2030-01-14 17:29:08.803437
2030-01-15,2030-01-15 16:59:54.014614,2030-01-15 17:30:10.896664
2030-01-16,2030-01-16 17:01:00.539057,2030-01-16 17:31:13.682621
2030-01-17,2030-01-17 17:02:07.781621,2030-01-17 17:32:17.114876
2030-01-18,2030-01-18 17:03:15.689774,2030-01-18 17:33:21.147760
2030-01-19,2030-01-19 17:04:24.211823,2030-01-19 17:34:25.736445
2030-01-20,2030-01-20 17:05:33.297014,2030-01-20 17:35:30.837016
2030-01-21,2030-01-21 17:06:42.895617,2030-01-21 17:36:36.406551
2030-01-22,2030-01-22 17:07:52.959006,2030-01-22 17:37:42.403181
2030-01-23,2030-01-23 17:09:03.439740,2030-01-23 17:38:48.786154
2030-01-24,2030-01-24 17:10:14.291632,2030-01-24 17:39:55.515896
2030-01-25,2030-01-25 17:11:25.469812,2030-01-25 17:41:02.554059
2030-01-26,2030-01-26 17:12:36.930786,2030-01-26 17:42:09.863572
2030-01-27,2030-01-27 17:13:48.632489,2030-01-27 17:43:17.408679
2030-01-28,2030-01-28 17:15:00.534330,2030-01-28 17:44:25.154979
2030-01-29,2030-01-29 17:16:12.597234,2030-01-29 17:45:33.069460
2030-01-30,2030-01-30 17:17:24.783677,2030-01-30 17:46:41.120521
2030-01-31,2030-01-31 17:18:37.057710,2030-01-31 17:47:49.277999
2030-02-01,2030-02-01 17:19:49.384985,2030-02-01 17:48:57.513183
2030-02-02,2030-02-02 17:21:01.732773,2030-02-02 17:50:05.798831
2030-02-03,2030-02-03 17:22:14.069975,2030-02-03 17:51:14.109173
2030-02-04,2030-02-04 17:23:26.367128,2030-02-04 17:52:22.419917
2030-02-05,2030-02-05 17:24:38.596405,2030-02-05 17:53:30.708251
2030-02-06,2030-02-06 17:25:50.731617,2030-02-06 17:54:38.952836
2030-02-07,2030-02-07 17:27:02.748200,2030-02-07 17:55:47.133796
2030-02-08,2030-02-08 17:28:14.623209,2030-02-08 17:56:55.232709
2030-02-09,2030-02-09 17:29:26.335294,2030-02-09 17:58:03.232592
2030-02-10,2030-02-10 17:30:37.864690,2030-02-10 17:59:11.117877
2030-02-11,2030-02-11 17:31:49.193186,2030-02-11 18:00:18.874395
2030-02-12,2030-02-12 17:33:00.304102,2030-02-12 18:01:26.489349
2030-02-13,2030-02-13 17:34:11.182260,2030-02-13 18:02:33.951284
2030-02-14,2030-02-14 17:35:21.813951,2030-02-14 18:03:41.250062
2030-02-15,2030-02-15 17:36:32.186898,2030-02-15 18:04:48.376826
2030-02-16,2030-02-16 17:37:42.290225,2030-02-16 18:05:55.323966
2030-02-17,2030-02-17 17:38:52.114410,2030-02-17 18:07:02.085088
2030-02-18,2030-02-18 17:40:01.651253,2030-02-18 18:08:08.654969
2030-02-19,2030-02-19 17:41:10.893824,2030-02-19 18:09:15.029524
2030-02-20,2030-02-20 17:42:19.836429,2030-02-20 18:10:21.205762
2030-02-21,2030-02-21 17:43:28.474558,2030-02-21 18:11:27.181747
2030-02-22,2030-02-22 17:44:36.804842,2030-02-22 18:12:32.956556
2030-02-23,2030-02-23 17:45:44.825007,2030-02-23 18:13:38.530234
2030-02-24,2030-02-24 17:46:52.533823,2030-02-24 18:14:43.903752
2030-02-25,2030-02-25 17:47:59.931064,2030-02-25 18:15:49.078964
2030-02-26,2030-02-26 17:49:07.017451,2030-02-26 18:16:54.058560
2030-02-27,2030-02-27 17:50:13.794611,2030-02-27 18:17:58.846023
2030-02-28,2030-02-28 17:51:20.265027,2030-02-28 18:19:03.445589
2030-03-01,2030-03-01 17:52:26.431988,2030-03-01 18:20:07.862193
2030-03-02,2030-03-02 17:53:32.299545,2030-03-02 18:21:12.101435
2030-03-03,2030-03-03 17:54:37.872462,2030-03-03 18:22:16.169530
2030-03-04,2030-03-04 17:55:43.156168,2030-03-04 18:23:20.073267
2030-03-05,2030-03-05 17:56:48.156715,2030-03-05 18:24:23.819963
2030-03-06,2030-03-06 17:57:52.880727,2030-03-06 18:25:27.417425
2030-03-07,2030-03-07 17:58:57.335361,2030-03-07 18:26:30.873904
2030-03-08,2030-03-08 18:00:01.528256,2030-03-08 18:27:34.198054
2030-03-09,2030-03-09 18:01:05.467497,2030-03-09 18:28:37.398893
2030-03-10,2030-03-10 19:02:09.161566,2030-03-10 19:29:40.485760
2030-03-11,2030-03-11 19:03:12.619304,2030-03-11 19:30:43.468278
2030-03-12,2030-03-12 19:04:15.849868,2030-03-12 19:31:46.356312
2030-03-13,2030-03-13 19:05:18.862692,2030-03-13 19:32:49.159932
2030-03-14,2030-03-14 19:06:21.667447,2030-03-14 19:33:51.889377
2030-03-15,2030-03-15 19:07:24.274003,2030-03-15 19:34:54.555013
2030-03-16,2030-03-16 19:08:26.692390,2030-03-16 19:35:57.167302
2030-03-17,2030-03-17 19:09:28.932761,2030-03-17 19:36:59.736761
2030-03-18,2030-03-18 19:10:31.005359,2030-03-18 19:38:02.273931
2030-03-19,2030-03-19 19:11:32.920476,2030-03-19 19:39:04.789338
2030-03-20,2030-03-20 19:12:34.688423,2030-03-20 19:40:07.293463
2030-03-21,2030-03-21 19:13:36.319493,2030-03-21 19:41:09.796703
2030-03-22,2030-03-22 19:14:37.823929,2030-03-22 19:42:12.309341
2030-03-23,2030-03-23 19:15:39.211889,2030-03-23 19:43:14.841513
2030-03-24,2030-03-24 19:16:40.493415,2030-03-24 19:44:17.403172
2030-03-25,2030-03-25 19:17:41.678401,2030-03-25 19:45:20.004059
2030-03-26,2030-03-26 19:18:42.776562,2030-03-26 19:46:22.653667
2030-03-27,2030-03-27 19:19:43.797399,2030-03-27 19:47:25.361212
2030-03-28,2030-03-28 19:20:44.750174,2030-03-28 19:48:28.135599
2030-03-29,2030-03-29 19:21:45.643873,2030-03-29 19:49:30.985391
2030-03-30,2030-03-30 19:22:46.487182,2030-03-30 19:50:33.918776
2030-03-31,2030-03-31 19:23:47.288449,2030-03-31 19:51:36.943536
2030-04-01,2030-04-01 19:24:48.055663,2030-04-01 19:52:40.067014
2030-04-02,2030-04-02 19:25:48.796417,2030-04-02 19:53:43.296082
2030-04-03,2030-04-03 19:26:49.517882,2030-04-03 19:54:46.637112
2030-04-04,2030-04-04 19:27:50.226773,2030-04-04 19:55:50.095937
2030-04-05,2030-04-05 19:28:50.929326,2030-04-05 19:56:53.677824
2030-04-06,2030-04-06 19:29:51.631262,2030-04-06 19:57:57.387442
2030-04-07,2030-04-07 19:30:52.337760,2030-04-07 19:59:01.228822
2030-04-08,2030-04-08 19:31:53.053426,2030-04-08 20:00:05.205334
2030-04-09,2030-04-09 19:32:53.782268,2030-04-09 20:01:09.319645
2030-04-10,2030-04-10 19:33:54.527657,2030-04-10 20:02:13.573692
2030-04-11,2030-04-11 19:34:55.292308,2030-04-11 20:03:17.968646
2030-04-12,2030-04-12 19:35:56.078242,2030-04-12 20:04:22.504876
2030-04-13,2030-04-13 19:36:56.886763,2030-04-13 20:05:27.181921
2030-04-14,2030-04-14 19:37:57.718422,2030-04-14 20:06:31.998452
2030-04-15,2030-04-15 19:38:58.572994,2030-04-15 20:07:36.952241
2030-04-16,2030-04-16 19:39:59.449445,2030-04-16 20:08:42.040127
2030-04-17,2030-04-17 19:41:00.345906,2030-04-17 20:09:47.257980
2030-04-18,2030-04-18 19:42:01.259643,2030-04-18 20:10:52.600673
2030-04-19,2030-04-19 19:43:02.187028,2030-04-19 20:11:58.062048
2030-04-20,2030-04-20 19:44:03.123517,2030-04-20 20:13:03.634881
2030-04-21,2030-04-21 19:45:04.063617,2030-04-21 20:14:09.310854
2030-04-22,2030-04-22 19:46:05.000862,2030-04-22 20:15:15.080524
2030-04-23,2030-04-23 19:47:05.927791,2030-04-23 20:16:20.933293
2030-04-24,2030-04-24 19:48:06.835921,2030-04-24 20:17:26.857378
2030-04-25,2030-04-25 19:49:07.715725,2030-04-25 20:18:32.839785
2030-04-26,2030-04-26 19:50:08.556608,2030-04-26 20:19:38.866285
2030-04-27,2030-04-27 19:51:09.346890,2030-04-27 20:20:44.921383
2030-04-28,2030-04-28 19:52:10.073785,2030-04-28 20:21:50.988304
2030-04-29,2030-04-29 19:53:10.723386,2030-04-29 20:22:57.048965
2030-04-30,2030-04-30 19:54:11.280645,2030-04-30 20:24:03.083958
2030-05-01,2030-05-01 19:55:11.729366,2030-05-01 20:25:09.072538
2030-05-02,2030-05-02 19:56:12.052187,2030-05-02 20:26:14.992601
2030-05-03,2030-05-03 19:57:12.230576,2030-05-03 20:27:20.820680
2030-05-04,2030-05-04 19:58:12.244822,2030-05-04 20:28:26.531933
2030-05-05,2030-05-05 19:59:12.074033,2030-05-05 20:29:32.100138
2030-05-06,2030-05-06 20:00:11.696130,2030-05-06 20:30:37.497694
2030-05-07,2030-05-07 20:01:11.087856,2030-05-07 20:31:42.695618
2030-05-08,2030-05-08 20:02:10.224774,2030-05-08 20:32:47.663554
2030-05-09,2030-05-09 20:03:09.081279,2030-05-09 20:33:52.369782
2030-05-10,2030-05-10 20:04:07.630606,2030-05-10 20:34:56.781231
2030-05-11,2030-05-11 20:05:05.844850,2030-05-11 20:36:00.863496
2030-05-12,2030-05-12 20:06:03.694977,2030-05-12 20:37:04.580862
2030-05-13,2030-05-13 20:07:01.150852,2030-05-13 20:38:07.896331
2030-05-14,2030-05-14 20:07:58.181261,2030-05-14 20:39:10.771650
2030-05-15,2030-05-15 20:08:54.753943,2030-05-15 20:40:13.167355
2030-05-16,2030-05-16 20:09:50.835621,2030-05-16 20:41:15.042807
2030-05-17,2030-05-17 20:10:46.392040,2030-05-17 20:42:16.356238
2030-05-18,2030-05-18 20:11:41.388010,2030-05-18 20:43:17.064808
2030-05-19,2030-05-19 20:12:35.787449,2030-05-19 20:44:17.124658
2030-05-20,2030-05-20 20:13:29.553432,2030-05-20 20:45:16.490975
2030-05-21,2030-05-21 20:14:22.648244,2030-05-21 20:46:15.118055
2030-05-22,2030-05-22 20:15:15.033440,2030-05-22 20:47:12.959381
2030-05-23,2030-05-23 20:16:06.669901,2030-05-23 20:48:09.967697
2030-05-24,2030-05-24 20:16:57.517899,2030-05-24 20:49:06.095088
2030-05-25,2030-05-25 20:17:47.537168,2030-05-25 20:50:01.293075
2030-05-26,2030-05-26 20:18:36.686968,2030-05-26 20:50:55.512695
2030-05-27,2030-05-27 20:19:24.926168,2030-05-27 20:51:48.704607
2030-05-28,2030-05-28 20:20:12.213314,2030-05-28 20:52:40.819185
2030-05-29,2030-05-29 20:20:58.506715,2030-05-29 20:53:31.806623
2030-05-30,2030-05-30 20:21:43.764520,2030-05-30 20:54:21.617039
2030-05-31,2030-05-31 20:22:27.944807,2030-05-31 20:55:10.200590
2030-06-01,2030-06-01 20:23:11.005664,2030-06-01 20:55:57.507576
2030-06-02,2030-06-02 20:23:52.905278,2030-06-02 20:56:43.488559
2030-06-03,2030-06-03 20:24:33.602027,2030-06-03 20:57:28.094476
2030-06-04,2030-06-04 20:25:13.054563,2030-06-04 20:58:11.276752
2030-06-05,2030-06-05 20:25:51.221906,2030-06-05 20:58:52.987422
2030-06-06,2030-06-06 20:26:28.063532,2030-06-06 20:59:33.179243
2030-06-07,2030-06-07 20:27:03.539463,2030-06-07 21:00:11.805810
2030-06-08,2030-06-08 20:27:37.610356,2030-06-08 21:00:48.821671
2030-06-09,2030-06-09 20:28:10.237590,2030-06-09 21:01:24.182439
2030-06-10,2030-06-10 20:28:41.383350,2030-06-10 21:01:57.844902
2030-06-11,2030-06-11 20:29:11.010716,2030-06-11 21:02:29.767128
2030-06-12,2030-06-12 20:29:39.083740,2030-06-12 21:02:59.908571
2030-06-13,2030-06-13 20:30:05.567526,2030-06-13 21:03:28.230169
2030-06-14,2030-06-14 20:30:30.428309,2030-06-14 21:03:54.694436
2030-06-15,2030-06-15 20:30:53.633524,2030-06-15 21:04:19.265556
2030-06-16,2030-06-16 20:31:15.151879,2030-06-16 21:04:41.909461
2030-06-17,2030-06-17 20:31:34.953416,2030-06-17 21:05:02.593914
2030-06-18,2030-06-18 20:31:53.009575,2030-06-18 21:05:21.288577
2030-06-19,2030-06-19 20:32:09.293248,2030-06-19 21:05:37.965076
2030-06-20,2030-06-20 20:32:23.778835,2030-06-20 21:05:52.597057
2030-06-21,2030-06-21 20:32:36.442284,2030-06-21 21:06:05.160240
2030-06-22,2030-06-22 20:32:47.261140,2030-06-22 21:06:15.632457
2030-06-23,2030-06-23 20:32:56.214578,2030-06-23 21:06:23.993693
2030-06-24,2030-06-24 20:33:03.283435,2030-06-24 21:06:30.226105
2030-06-25,2030-06-25 20:33:08.450238,2030-06-25 21:06:34.314051
2030-06-26,2030-06-26 20:33:11.699221,2030-06-26 21:06:36.244096
2030-06-27,2030-06-27 20:33:13.016346,2030-06-27 21:06:36.005019
2030-06-28,2030-06-28 20:33:12.389310,2030-06-28 21:06:33.587810
2030-06-29,2030-06-29 20:33:09.807553,2030-06-29 21:06:28.985661
2030-06-30,2030-06-30 20:33:05.262256,2030-06-30 21:06:22.193950
2030-07-01,2030-07-01 20:32:58.746338,2030-07-01 21:06:13.210213
2030-07-02,2030-07-02 20:32:50.254448,2030-07-02 21:06:02.034124
2030-07-03,2030-07-03 20:32:39.782948,2030-07-03 21:05:48.667448
2030-07-04,2030-07-04 20:32:27.329899,2030-07-04 21:05:33.114009
2030-07-05,2030-07-05 20:32:12.895038,2030-07-05 21:05:15.379641
2030-07-06,2030-07-06 20:31:56.479750,2030-07-06 21:04:55.472136
2030-07-07,2030-07-07 20:31:38.087042,2030-07-07 21:04:33.401189
2030-07-08,2030-07-08 20:31:17.721505,2030-07-08 21:04:09.178343
2030-07-09,2030-07-09 20:30:55.389286,2030-07-09 21:03:42.816922
2030-07-10,2030-07-10 20:30:31.098042,2030-07-10 21:03:14.331967
2030-07-11,2030-07-11 20:30:04.856902,2030-07-11 21:02:43.740171
2030-07-12,2030-07-12 20:29:36.676425,2030-07-12 21:02:11.059807
2030-07-13,2030-07-13 20:29:06.568552,2030-07-13 21:01:36.310657
2030-07-14,2030-07-14 20:28:34.546559,2030-07-14 21:00:59.513941
2030-07-15,2030-07-15 20:28:00.625013,2030-07-15 21:00:20.692243
2030-07-16,2030-07-16 20:27:24.819715,2030-07-16 20:59:39.869437
2030-07-17,2030-07-17 20:26:47.147656,2030-07-17 20:58:57.070614
2030-07-18,2030-07-18 20:26:07.626962,2030-07-18 20:58:12.322009
2030-07-19,2030-07-19 20:25:26.276845,2030-07-19 20:57:25.650927
2030-07-20,2030-07-20 20:24:43.117547,2030-07-20 20:56:37.085673
2030-07-21,2030-07-21 20:23:58.170293,2030-07-21 20:55:46.655479
2030-07-22,2030-07-22 20:23:11.457234,2030-07-22 20:54:54.390436
2030-07-23,2030-07-23 20:22:23.001401,2030-07-23 20:54:00.321428
2030-07-24,2030-07-24 20:21:32.826649,2030-07-24 20:53:04.480060
2030-07-25,2030-07-25 20:20:40.957608,2030-07-25 20:52:06.898599
2030-07-26,2030-07-26 20:19:47.419636,2030-07-26 20:51:07.609912
2030-07-27,2030-07-27 20:18:52.238767,2030-07-27 20:50:06.647399
2030-07-28,2030-07-28 20:17:55.441663,2030-07-28 20:49:04.044944
2030-07-29,2030-07-29 20:16:57.055572,2030-07-29 20:47:59.836854
2030-07-30,2030-07-30 20:15:57.108277,2030-07-30 20:46:54.057805
2030-07-31,2030-07-31 20:14:55.628053,2030-07-31 20:45:46.742794
2030-08-01,2030-08-01 20:13:52.643628,2030-08-01 20:44:37.927089
2030-08-02,2030-08-02 20:12:48.184135,2030-08-02 20:43:27.646183
2030-08-03,2030-08-03 20:11:42.279079,2030-08-03 20:42:15.935749
2030-08-04,2030-08-04 20:10:34.958294,2030-08-04 20:41:02.831599
2030-08-05,2030-08-05 20:09:26.251906,2030-08-05 20:39:48.369647
2030-08-06,2030-08-06 20:08:16.190299,2030-08-06 20:38:32.585870
2030-08-07,2030-08-07 20:07:04.804081,2030-08-07 20:37:15.516274
2030-08-08,2030-08-08 20:05:52.124052,2030-08-08 20:35:57.196861
2030-08-09,2030-08-09 20:04:38.181171,2030-08-09 20:34:37.663602
2030-08-10,2030-08-10 20:03:23.006530,2030-08-10 20:33:16.952407
2030-08-11,2030-08-11 20:02:06.631325,2030-08-11 20:31:55.099098
2030-08-12,2030-08-12 20:00:49.086828,2030-08-12 20:30:32.139389
2030-08-13,2030-08-13 19:59:30.404368,2030-08-13 20:29:08.108862
2030-08-14,2030-08-14 19:58:10.615303,2030-08-14 20:27:43.042949
2030-08-15,2030-08-15 19:56:49.751001,2030-08-15 20:26:16.976911
2030-08-16,2030-08-16 19:55:27.842822,2030-08-16 20:24:49.945826
2030-08-17,2030-08-17 19:54:04.922097,2030-08-17 20:23:21.984574
2030-08-18,2030-08-18 19:52:41.020114,2030-08-18 20:21:53.127824
2030-08-19,2030-08-19 19:51:16.168103,2030-08-19 20:20:23.410024
2030-08-20,2030-08-20 19:49:50.397221,2030-08-20 20:18:52.865391
2030-08-21,2030-08-21 19:48:23.738541,2030-08-21 20:17:21.527904
2030-08-22,2030-08-22 19:46:56.223043,2030-08-22 20:15:49.431302
2030-08-23,2030-08-23 19:45:27.881600,2030-08-23 20:14:16.609072
2030-08-24,2030-08-24 19:43:58.744979,2030-08-24 20:12:43.094453
2030-08-25,2030-08-25 19:42:28.843828,2030-08-25 20:11:08.920432
2030-08-26,2030-08-26 19:40:58.208671,2030-08-26 20:09:34.119743
2030-08-27,2030-08-27 19:39:26.869911,2030-08-27 20:07:58.724869
2030-08-28,2030-08-28 19:37:54.857819,2030-08-28 20:06:22.768045
2030-08-29,2030-08-29 19:36:22.202541,2030-08-29 20:04:46.281258
2030-08-30,2030-08-30 19:34:48.934093,2030-08-30 20:03:09.296259
2030-08-31,2030-08-31 19:33:15.082365,2030-08-31 20:01:31.844558
2030-09-01,2030-09-01 19:31:40.677123,2030-09-01 19:59:53.957441
2030-09-02,2030-09-02 19:30:05.748011,2030-09-02 19:58:15.665972
2030-09-03,2030-09-03 19:28:30.324559,2030-09-03 19:56:37.001002
2030-09-04,2030-09-04 19:26:54.436187,2030-09-04 19:54:57.993179
2030-09-05,2030-09-05 19:25:18.112210,2030-09-05 19:53:18.672958
2030-09-06,2030-09-06 19:23:41.381848,2030-09-06 19:51:39.070615
2030-09-07,2030-09-07 19:22:04.274233,2030-09-07 19:49:59.216251
2030-09-08,2030-09-08 19:20:26.818420,2030-09-08 19:48:19.139812
2030-09-09,2030-09-09 19:18:49.043393,2030-09-09 19:46:38.871098
2030-09-10,2030-09-10 19:17:10.978079,2030-09-10 19:44:58.439775
2030-09-11,2030-09-11 19:15:32.651360,2030-09-11 19:43:17.875392
2030-09-12,2030-09-12 19:13:54.092080,2030-09-12 19:41:37.207393
2030-09-13,2030-09-13 19:12:15.329060,2030-09-13 19:39:56.465131
2030-09-14,2030-09-14 19:10:36.391111,2030-09-14 19:38:15.677881
2030-09-15,2030-09-15 19:08:57.307046,2030-09-15 19:36:34.874860
2030-09-16,2030-09-16 19:07:18.105693,2030-09-16 19:34:54.085236
2030-09-17,2030-09-17 19:05:38.815908,2030-09-17 19:33:13.338143
2030-09-18,2030-09-18 19:03:59.466590,2030-09-18 19:31:32.662701
2030-09-19,2030-09-19 19:02:20.086692,2030-09-19 19:29:52.088024
2030-09-20,2030-09-20 19:00:40.705236,2030-09-20 19:28:11.643239
2030-09-21,2030-09-21 18:59:01.351328,2030-09-21 19:26:31.357495
2030-09-22,2030-09-22 18:57:22.054165,2030-09-22 19:24:51.259983
2030-09-23,2030-09-23 18:55:42.843057,2030-09-23 19:23:11.379945
2030-09-24,2030-09-24 18:54:03.747433,2030-09-24 19:21:31.746686
2030-09-25,2030-09-25 18:52:24.796855,2030-09-25 19:19:52.389590
2030-09-26,2030-09-26 18:50:46.021031,2030-09-26 19:18:13.338131
2030-09-27,2030-09-27 18:49:07.449827,2030-09-27 19:16:34.621878
2030-09-28,2030-09-28 18:47:29.113275,2030-09-28 19:14:56.270516
2030-09-29,2030-09-29 18:45:51.041586,2030-09-29 19:13:18.313844
2030-09-30,2030-09-30 18:44:13.265161,2030-09-30 19:11:40.781794
2030-10-01,2030-10-01 18:42:35.814594,2030-10-01 19:10:03.704431
2030-10-02,2030-10-02 18:40:58.720688,2030-10-02 19:08:27.111965
2030-10-03,2030-10-03 18:39:22.014458,2030-10-03 19:06:51.034754
2030-10-04,2030-10-04 18:37:45.727136,2030-10-04 19:05:15.503309
2030-10-05,2030-10-05 18:36:09.890182,2030-10-05 19:03:40.548301
2030-10-06,2030-10-06 18:34:34.535285,2030-10-06 19:02:06.200559
2030-10-07,2030-10-07 18:32:59.694368,2030-10-07 19:00:32.491077
2030-10-08,2030-10-08 18:31:25.399590,2030-10-08 18:58:59.451010
2030-10-09,2030-10-09 18:29:51.683349,2030-10-09 18:57:27.111674
2030-10-10,2030-10-10 18:28:18.578282,2030-10-10 18:55:55.504547
2030-10-11,2030-10-11 18:26:46.117265,2030-10-11 18:54:24.661262
2030-10-12,2030-10-12 18:25:14.333411,2030-10-12 18:52:54.613605
2030-10-13,2030-10-13 18:23:43.260068,2030-10-13 18:51:25.393509
2030-10-14,2030-10-14 18:22:12.930816,2030-10-14 18:49:57.033046
2030-10-15,2030-10-15 18:20:43.379457,2030-10-15 18:48:29.564421
2030-10-16,2030-10-16 18:19:14.640017,2030-10-16 18:47:03.019958
2030-10-17,2030-10-17 18:17:46.746733,2030-10-17 18:45:37.432094
2030-10-18,2030-10-18 18:16:19.734044,2030-10-18 18:44:12.833365
2030-10-19,2030-10-19 18:14:53.636585,2030-10-19 18:42:49.256389
2030-10-20,2030-10-20 18:13:28.489171,2030-10-20 18:41:26.733857
2030-10-21,2030-10-21 18:12:04.326790,2030-10-21 18:40:05.298515
2030-10-22,2030-10-22 18:10:41.184584,2030-10-22 18:38:44.983141
2030-10-23,2030-10-23 18:09:19.097836,2030-10-23 18:37:25.820536
2030-10-24,2030-10-24 18:07:58.101956,2030-10-24 18:36:07.843496
2030-10-25,2030-10-25 18:06:38.232458,2030-10-25 18:34:51.084792
2030-10-26,2030-10-26 18:05:19.524946,2030-10-26 18:33:35.577152
2030-10-27,2030-10-27 18:04:02.015091,2030-10-27 18:32:21.353230
2030-10-28,2030-10-28 18:02:45.738608,2030-10-28 18:31:08.445586
2030-10-29,2030-10-29 18:01:30.731235,2030-10-29 18:29:56.886658
2030-10-30,2030-10-30 18:00:17.028706,2030-10-30 18:28:46.708732
2030-10-31,2030-10-31 17:59:04.666726,2030-10-31 18:27:37.943917
2030-11-01,2030-11-01 17:57:53.680944,2030-11-01 18:26:30.624111
2030-11-02,2030-11-02 17:56:44.106919,2030-11-02 18:25:24.780971
2030-11-03,2030-11-03 16:55:35.980096,2030-11-03 17:24:20.445879
2030-11-04,2030-11-04 16:54:29.335768,2030-11-04 17:23:17.649910
2030-11-05,2030-11-05 16:53:24.209042,2030-11-05 17:22:16.423795
2030-11-06,2030-11-06 16:52:20.634805,2030-11-06 17:21:16.797886
2030-11-07,2030-11-07 16:51:18.647687,2030-11-07 17:20:18.802114
2030-11-08,2030-11-08 16:50:18.282018,2030-11-08 17:19:22.465957
2030-11-09,2030-11-09 16:49:19.571791,2030-11-09 17:18:27.818393
2030-11-10,2030-11-10 16:48:22.550614,2030-11-10 17:17:34.887864
2030-11-11,2030-11-11 16:47:27.251669,2030-11-11 17:16:43.702229
2030-11-12,2030-11-12 16:46:33.707667,2030-11-12 17:15:54.288727
2030-11-13,2030-11-13 16:45:41.950792,2030-11-13 17:15:06.673923
2030-11-14,2030-11-14 16:44:52.012657,2030-11-14 17:14:20.883671
2030-11-15,2030-11-15 16:44:03.924252,2030-11-15 17:13:36.943063
2030-11-16,2030-11-16 16:43:17.715885,2030-11-16 17:12:54.876383
2030-11-17,2030-11-17 16:42:33.417130,2030-11-17 17:12:14.707057
2030-11-18,2030-11-18 16:41:51.056768,2030-11-18 17:11:36.457607
2030-11-19,2030-11-19 16:41:10.662729,2030-11-19 17:11:00.149597
2030-11-20,2030-11-20 16:40:32.262029,2030-11-20 17:10:25.803585
2030-11-21,2030-11-21 16:39:55.880710,2030-11-21 17:09:53.439072
2030-11-22,2030-11-22 16:39:21.543774,2030-11-22 17:09:23.074450
2030-11-23,2030-11-23 16:38:49.275119,2030-11-23 17:08:54.726951
2030-11-24,2030-11-24 16:38:19.097475,2030-11-24 17:08:28.412596
2030-11-25,2030-11-25 16:37:51.032334,2030-11-25 17:08:04.146141
2030-11-26,2030-11-26 16:37:25.099883,2030-11-26 17:07:41.941028
2030-11-27,2030-11-27 16:37:01.318939,2030-11-27 17:07:21.809334
2030-11-28,2030-11-28 16:36:39.706877,2030-11-28 17:07:03.761722
2030-11-29,2030-11-29 16:36:20.279566,2030-11-29 17:06:47.807389
2030-11-30,2030-11-30 16:36:03.051297,2030-11-30 17:06:33.954020
2030-12-01,2030-12-01 16:35:48.034722,2030-12-01 17:06:22.207742
2030-12-02,2030-12-02 16:35:35.240785,2030-12-02 17:06:12.573079
2030-12-03,2030-12-03 16:35:24.678658,2030-12-03 17:06:05.052909
2030-12-04,2030-12-04 16:35:16.355681,2030-12-04 17:05:59.648424
2030-12-05,2030-12-05 16:35:10.277303,2030-12-05 17:05:56.359092
2030-12-06,2030-12-06 16:35:06.447021,2030-12-06 17:05:55.182619
2030-12-07,2030-12-07 16:35:04.866334,2030-12-07 17:05:56.114926
2030-12-08,2030-12-08 16:35:05.534688,2030-12-08 17:05:59.150109
2030-12-09,2030-12-09 16:35:08.449431,2030-12-09 17:06:04.280426
2030-12-10,2030-12-10 16:35:13.605774,2030-12-10 17:06:11.496267
2030-12-11,2030-12-11 16:35:20.996757,2030-12-11 17:06:20.786146
2030-12-12,2030-12-12 16:35:30.613212,2030-12-12 17:06:32.136683
2030-12-13,2030-12-13 16:35:42.443746,2030-12-13 17:06:45.532602
2030-12-14,2030-12-14 16:35:56.474720,2030-12-14 17:07:00.956730
2030-12-15,2030-12-15 16:36:12.690237,2030-12-15 17:07:18.389997
2030-12-16,2030-12-16 16:36:31.072137,2030-12-16 17:07:37.811450
2030-12-17,2030-12-17 16:36:51.600001,2030-12-17 17:07:59.198264
2030-12-18,2030-12-18 16:37:14.251160,2030-12-18 17:08:22.525769
2030-12-19,2030-12-19 16:37:39.000714,2030-12-19 17:08:47.767471
2030-12-20,2030-12-20 16:38:05.821556,2030-12-20 17:09:14.895088
2030-12-21,2030-12-21 16:38:34.684405,2030-12-21 17:09:43.878589
2030-12-22,2030-12-22 16:39:05.557848,2030-12-22 17:10:14.686239
2030-12-23,2030-12-23 16:39:38.408390,2030-12-23 17:10:47.284645
2030-12-24,2030-12-24 16:40:13.200507,2030-12-24 17:11:21.638822
2030-12-25,2030-12-25 16:40:49.896715,2030-12-25 17:11:57.712247
2030-12-26,2030-12-26 16:41:28.457637,2030-12-26 17:12:35.466927
2030-12-27,2030-12-27 16:42:08.842085,2030-12-27 17:13:14.863476
2030-12-28,2030-12-28 16:42:51.007145,2030-12-28 17:13:55.861192
2030-12-29,2030-12-29 16:43:34.908267,2030-12-29 17:14:38.418135
2030-12-30,2030-12-30 16:44:20.499365,2030-12-30 17:15:22.491218
2030-12-31,2030-12-31 16:45:07.732921,2030-12-31 17:16:08.036295
